id,topic,message,timestamp,Temperature (Â°C),Air Quality,Humidity
312,t4g1,23.9;69.1;24,2024-07-15 16:41:47,23.9,69.1,24
313,t4g1,26.2;61.6;26,2024-07-15 17:07:16,26.2,61.6,26
314,t4g1,26.9;59.5;27,2024-07-15 17:17:16,26.9,59.5,27
315,t4g1,26.7;59.8;28,2024-07-15 17:27:17,26.7,59.8,28
316,t4g1,26.6;60.2;28,2024-07-15 17:37:17,26.6,60.2,28
317,t4g1,26.6;60.2;26,2024-07-15 17:47:18,26.6,60.2,26
318,t4g1,26.5;60.4;28,2024-07-15 17:57:19,26.5,60.4,28
319,t4g1,26.4;60.6;28,2024-07-15 18:07:19,26.4,60.6,28
320,t4g1,26.3;60.9;27,2024-07-15 18:17:20,26.3,60.9,27
321,t4g1,26.3;60.8;28,2024-07-15 18:27:20,26.3,60.8,28
322,t4g1,26.1;61.0;28,2024-07-15 18:37:21,26.1,61.0,28
323,t4g1,26.1;60.8;29,2024-07-15 18:47:21,26.1,60.8,29
324,t4g1,26.0;60.7;28,2024-07-15 18:57:22,26.0,60.7,28
325,t4g1,26.1;60.7;29,2024-07-15 19:07:22,26.1,60.7,29
326,t4g1,26.3;61.3;29,2024-07-15 19:17:23,26.3,61.3,29
327,t4g1,26.4;61.5;28,2024-07-15 19:27:24,26.4,61.5,28
328,t4g1,26.5;62.2;30,2024-07-15 19:37:24,26.5,62.2,30
329,t4g1,26.6;62.5;29,2024-07-15 19:47:24,26.6,62.5,29
330,t4g1,26.7;63.0;28,2024-07-15 19:57:25,26.7,63.0,28
331,t4g1,26.7;63.7;28,2024-07-15 20:07:26,26.7,63.7,28
332,t4g1,26.8;64.9;29,2024-07-15 20:17:26,26.8,64.9,29
333,t4g1,26.8;65.9;28,2024-07-15 20:27:27,26.8,65.9,28
334,t4g1,26.9;66.3;28,2024-07-15 20:37:27,26.9,66.3,28
335,t4g1,26.9;67.0;28,2024-07-15 20:47:28,26.9,67.0,28
336,t4g1,26.9;67.4;28,2024-07-15 20:57:28,26.9,67.4,28
337,t4g1,27.0;67.9;28,2024-07-15 21:07:28,27.0,67.9,28
338,t4g1,27.0;68.4;28,2024-07-15 21:17:29,27.0,68.4,28
339,t4g1,27.0;68.5;44,2024-07-15 21:27:30,27.0,68.5,44
340,t4g1,27.0;69.2;28,2024-07-15 21:37:30,27.0,69.2,28
341,t4g1,27.1;69.6;28,2024-07-15 21:47:30,27.1,69.6,28
342,t4g1,27.1;69.8;29,2024-07-15 21:57:31,27.1,69.8,29
343,t4g1,27.1;69.7;28,2024-07-15 22:07:32,27.1,69.7,28
344,t4g1,27.1;70.2;29,2024-07-15 22:17:32,27.1,70.2,29
345,t4g1,27.1;70.4;28,2024-07-15 22:27:32,27.1,70.4,28
346,t4g1,27.1;70.1;29,2024-07-15 22:37:33,27.1,70.1,29
347,t4g1,27.1;70.5;28,2024-07-15 22:47:33,27.1,70.5,28
348,t4g1,27.2;70.7;29,2024-07-15 22:57:34,27.2,70.7,29
349,t4g1,27.2;70.9;30,2024-07-15 23:07:34,27.2,70.9,30
350,t4g1,27.2;71.1;30,2024-07-15 23:17:35,27.2,71.1,30
351,t4g1,27.2;71.2;44,2024-07-15 23:27:36,27.2,71.2,44
352,t4g1,27.2;71.2;29,2024-07-15 23:37:36,27.2,71.2,29
353,t4g1,27.2;71.4;29,2024-07-15 23:47:37,27.2,71.4,29
354,t4g1,27.3;71.5;30,2024-07-15 23:57:37,27.3,71.5,30
355,t4g1,27.3;71.2;30,2024-07-16 00:07:38,27.3,71.2,30
356,t4g1,27.3;71.7;29,2024-07-16 00:17:38,27.3,71.7,29
357,t4g1,27.3;71.8;30,2024-07-16 00:27:39,27.3,71.8,30
358,t4g1,27.3;71.8;30,2024-07-16 00:37:39,27.3,71.8,30
359,t4g1,27.3;72.1;31,2024-07-16 00:47:40,27.3,72.1,31
360,t4g1,27.3;72.2;30,2024-07-16 00:57:40,27.3,72.2,30
361,t4g1,27.2;72.2;29,2024-07-16 01:07:41,27.2,72.2,29
362,t4g1,27.3;72.4;30,2024-07-16 01:17:41,27.3,72.4,30
363,t4g1,27.3;72.4;30,2024-07-16 01:27:42,27.3,72.4,30
364,t4g1,27.3;72.8;31,2024-07-16 01:37:42,27.3,72.8,31
365,t4g1,27.3;72.8;30,2024-07-16 01:47:43,27.3,72.8,30
366,t4g1,27.3;73.2;30,2024-07-16 01:57:43,27.3,73.2,30
367,t4g1,27.3;73.1;30,2024-07-16 02:07:44,27.3,73.1,30
368,t4g1,27.3;73.1;28,2024-07-16 02:17:44,27.3,73.1,28
369,t4g1,27.3;73.3;29,2024-07-16 02:27:45,27.3,73.3,29
370,t4g1,27.3;73.3;30,2024-07-16 02:37:45,27.3,73.3,30
371,t4g1,27.3;73.1;30,2024-07-16 02:47:46,27.3,73.1,30
372,t4g1,27.3;73.0;33,2024-07-16 02:57:46,27.3,73.0,33
373,t4g1,27.3;73.2;31,2024-07-16 03:07:47,27.3,73.2,31
374,t4g1,27.3;73.2;31,2024-07-16 03:17:47,27.3,73.2,31
375,t4g1,27.3;73.3;31,2024-07-16 03:27:48,27.3,73.3,31
376,t4g1,27.3;73.4;31,2024-07-16 03:37:48,27.3,73.4,31
377,t4g1,27.3;73.5;31,2024-07-16 03:47:49,27.3,73.5,31
378,t4g1,27.3;73.5;31,2024-07-16 03:57:49,27.3,73.5,31
379,t4g1,27.3;73.7;31,2024-07-16 04:07:50,27.3,73.7,31
380,t4g1,27.3;73.6;31,2024-07-16 04:17:50,27.3,73.6,31
381,t4g1,27.3;73.6;36,2024-07-16 04:27:51,27.3,73.6,36
382,t4g1,27.3;73.8;32,2024-07-16 04:37:51,27.3,73.8,32
383,t4g1,27.3;73.9;31,2024-07-16 04:47:52,27.3,73.9,31
384,t4g1,27.3;74.4;31,2024-07-16 04:57:52,27.3,74.4,31
385,t4g1,27.3;74.4;31,2024-07-16 05:07:53,27.3,74.4,31
386,t4g1,27.3;74.7;31,2024-07-16 05:17:53,27.3,74.7,31
387,t4g1,27.4;74.6;31,2024-07-16 05:27:53,27.4,74.6,31
388,t4g1,27.4;74.8;31,2024-07-16 05:37:54,27.4,74.8,31
389,t4g1,27.3;74.9;28,2024-07-16 05:47:54,27.3,74.9,28
390,t4g1,27.3;74.9;30,2024-07-16 05:57:55,27.3,74.9,30
391,t4g1,27.4;75.0;32,2024-07-16 06:07:56,27.4,75.0,32
392,t4g1,27.3;75.3;30,2024-07-16 06:17:56,27.3,75.3,30
393,t4g1,27.3;75.0;33,2024-07-16 06:27:56,27.3,75.0,33
394,t4g1,27.3;72.2;31,2024-07-16 06:37:57,27.3,72.2,31
395,t4g1,27.1;70.2;33,2024-07-16 06:47:58,27.1,70.2,33
396,t4g1,26.9;69.1;34,2024-07-16 06:57:58,26.9,69.1,34
397,t4g1,26.7;68.1;35,2024-07-16 07:07:59,26.7,68.1,35
398,t4g1,26.5;67.9;36,2024-07-16 07:17:59,26.5,67.9,36
399,t4g1,26.3;67.0;37,2024-07-16 07:28:00,26.3,67.0,37
400,t4g1,26.2;66.3;37,2024-07-16 07:38:00,26.2,66.3,37
401,t4g1,26.0;65.3;38,2024-07-16 07:48:01,26.0,65.3,38
402,t4g1,25.9;64.0;38,2024-07-16 07:58:01,25.9,64.0,38
403,t4g1,25.7;62.7;38,2024-07-16 08:08:02,25.7,62.7,38
404,t4g1,25.6;61.8;38,2024-07-16 08:18:02,25.6,61.8,38
405,t4g1,25.4;60.7;38,2024-07-16 08:28:03,25.4,60.7,38
406,t4g1,25.3;59.5;38,2024-07-16 08:38:03,25.3,59.5,38
407,t4g1,25.2;59.0;39,2024-07-16 08:48:04,25.2,59.0,39
408,t4g1,25.1;58.6;38,2024-07-16 08:58:04,25.1,58.6,38
409,t4g1,25.1;58.3;38,2024-07-16 09:08:05,25.1,58.3,38
410,t4g1,24.9;58.1;38,2024-07-16 09:18:05,24.9,58.1,38
411,t4g1,24.9;58.0;38,2024-07-16 09:28:06,24.9,58.0,38
412,t4g1,24.7;57.9;38,2024-07-16 09:38:06,24.7,57.9,38
413,t4g1,24.8;58.7;38,2024-07-16 09:48:07,24.8,58.7,38
414,t4g1,24.8;59.6;38,2024-07-16 09:58:07,24.8,59.6,38
415,t4g1,24.8;59.9;38,2024-07-16 10:08:08,24.8,59.9,38
416,t4g1,24.8;60.4;39,2024-07-16 10:18:08,24.8,60.4,39
417,t4g1,24.8;59.9;38,2024-07-16 10:28:09,24.8,59.9,38
418,t4g1,24.8;59.9;36,2024-07-16 10:38:10,24.8,59.9,36
419,t4g1,24.9;60.3;38,2024-07-16 10:48:10,24.9,60.3,38
420,t4g1,24.9;59.9;38,2024-07-16 10:58:10,24.9,59.9,38
421,t4g1,24.9;59.7;37,2024-07-16 11:08:11,24.9,59.7,37
422,t4g1,24.9;60.7;38,2024-07-16 11:18:12,24.9,60.7,38
423,t4g1,24.9;60.6;38,2024-07-16 11:28:12,24.9,60.6,38
424,t4g1,24.9;61.0;38,2024-07-16 11:38:13,24.9,61.0,38
425,t4g1,24.9;60.9;37,2024-07-16 11:48:13,24.9,60.9,37
426,t4g1,24.9;61.6;38,2024-07-16 11:58:13,24.9,61.6,38
427,t4g1,25.0;61.1;38,2024-07-16 12:08:14,25.0,61.1,38
428,t4g1,25.0;61.0;39,2024-07-16 12:18:15,25.0,61.0,39
429,t4g1,25.1;62.1;38,2024-07-16 12:28:15,25.1,62.1,38
430,t4g1,25.1;60.8;38,2024-07-16 12:38:16,25.1,60.8,38
431,t4g1,25.0;60.2;37,2024-07-16 12:48:16,25.0,60.2,37
432,t4g1,25.0;59.3;38,2024-07-16 12:58:17,25.0,59.3,38
433,t4g1,25.0;59.0;38,2024-07-16 13:08:17,25.0,59.0,38
434,t4g1,25.0;59.1;38,2024-07-16 13:18:18,25.0,59.1,38
435,t4g1,25.0;60.0;38,2024-07-16 13:28:18,25.0,60.0,38
436,t4g1,25.1;59.0;38,2024-07-16 13:38:19,25.1,59.0,38
437,t4g1,25.2;60.7;38,2024-07-16 13:48:19,25.2,60.7,38
438,t4g1,25.4;60.5;38,2024-07-16 13:58:20,25.4,60.5,38
439,t4g1,25.4;60.9;38,2024-07-16 14:08:20,25.4,60.9,38
440,t4g1,25.5;61.6;38,2024-07-16 14:18:21,25.5,61.6,38
441,t4g1,25.6;61.7;38,2024-07-16 14:28:21,25.6,61.7,38
442,t4g1,25.6;61.7;39,2024-07-16 14:38:22,25.6,61.7,39
443,t4g1,25.6;61.9;40,2024-07-16 14:48:22,25.6,61.9,40
444,t4g1,25.6;61.5;39,2024-07-16 14:58:23,25.6,61.5,39
445,t4g1,25.6;61.9;38,2024-07-16 15:08:23,25.6,61.9,38
446,t4g1,25.6;61.6;38,2024-07-16 15:18:24,25.6,61.6,38
447,t4g1,25.6;62.2;38,2024-07-16 15:28:24,25.6,62.2,38
448,t4g1,25.6;61.7;38,2024-07-16 15:38:25,25.6,61.7,38
449,t4g1,25.8;61.6;39,2024-07-16 15:48:26,25.8,61.6,39
450,t4g1,25.8;61.8;37,2024-07-16 15:58:26,25.8,61.8,37
451,t4g1,25.8;61.4;39,2024-07-16 16:08:27,25.8,61.4,39
452,t4g1,25.9;61.4;38,2024-07-16 16:18:27,25.9,61.4,38
453,t4g1,26.0;61.3;38,2024-07-16 16:28:28,26.0,61.3,38
454,t4g1,26.2;61.4;37,2024-07-16 16:38:28,26.2,61.4,37
455,t4g1,26.2;61.8;37,2024-07-16 16:48:29,26.2,61.8,37
456,t4g1,26.1;62.2;37,2024-07-16 16:58:29,26.1,62.2,37
457,t4g1,26.0;61.9;37,2024-07-16 17:08:30,26.0,61.9,37
458,t4g1,25.9;62.5;37,2024-07-16 17:18:30,25.9,62.5,37
459,t4g1,25.9;62.0;37,2024-07-16 17:28:31,25.9,62.0,37
460,t4g1,25.8;62.1;37,2024-07-16 17:38:32,25.8,62.1,37
461,t4g1,25.8;62.1;38,2024-07-16 17:48:32,25.8,62.1,38
462,t4g1,25.8;62.4;38,2024-07-16 17:58:33,25.8,62.4,38
463,t4g1,25.7;62.7;37,2024-07-16 18:08:33,25.7,62.7,37
464,t4g1,25.6;62.5;38,2024-07-16 18:18:34,25.6,62.5,38
465,t4g1,25.5;62.6;37,2024-07-16 18:28:34,25.5,62.6,37
466,t4g1,25.4;62.3;39,2024-07-16 18:38:35,25.4,62.3,39
467,t4g1,25.3;62.5;38,2024-07-16 18:48:35,25.3,62.5,38
468,t4g1,25.3;62.6;38,2024-07-16 18:58:36,25.3,62.6,38
469,t4g1,25.4;62.5;38,2024-07-16 19:08:36,25.4,62.5,38
470,t4g1,25.6;63.8;37,2024-07-16 19:18:37,25.6,63.8,37
471,t4g1,25.7;64.4;36,2024-07-16 19:28:37,25.7,64.4,36
472,t4g1,25.9;65.0;35,2024-07-16 19:38:38,25.9,65.0,35
473,t4g1,26.0;65.8;34,2024-07-16 19:48:39,26.0,65.8,34
474,t4g1,26.0;66.3;35,2024-07-16 19:58:39,26.0,66.3,35
475,t4g1,26.1;66.9;34,2024-07-16 20:08:40,26.1,66.9,34
476,t4g1,26.1;67.6;33,2024-07-16 20:18:40,26.1,67.6,33
480,t4g1,27.0;63.2;43,2024-07-22 16:10:26,27.0,63.2,43
481,t4g1,27.0;59.6;47,2024-07-22 16:21:19,27.0,59.6,47
482,t4g1,27.1;60.2;45,2024-07-22 16:31:19,27.1,60.2,45
483,t4g1,27.1;60.2;45,2024-07-22 16:41:20,27.1,60.2,45
484,t4g1,27.2;60.1;44,2024-07-22 16:51:20,27.2,60.1,44
485,t4g1,27.2;60.3;44,2024-07-22 17:01:21,27.2,60.3,44
486,t4g1,27.2;60.3;44,2024-07-22 17:11:21,27.2,60.3,44
487,t4g1,27.2;60.2;44,2024-07-22 17:21:22,27.2,60.2,44
488,t4g1,27.2;60.3;44,2024-07-22 17:31:23,27.2,60.3,44
489,t4g1,27.2;60.7;44,2024-07-22 17:41:23,27.2,60.7,44
490,t4g1,27.2;60.8;44,2024-07-22 17:51:24,27.2,60.8,44
491,t4g1,27.1;60.2;43,2024-07-22 18:01:24,27.1,60.2,43
492,t4g1,26.9;60.6;44,2024-07-22 18:11:25,26.9,60.6,44
493,t4g1,26.9;60.7;44,2024-07-22 18:21:25,26.9,60.7,44
494,t4g1,26.7;61.0;43,2024-07-22 18:31:26,26.7,61.0,43
495,t4g1,26.7;60.7;44,2024-07-22 18:41:26,26.7,60.7,44
496,t4g1,26.7;61.1;44,2024-07-22 18:51:27,26.7,61.1,44
497,t4g1,26.5;61.0;44,2024-07-22 19:01:28,26.5,61.0,44
498,t4g1,26.7;62.5;42,2024-07-22 19:11:28,26.7,62.5,42
499,t4g1,27.0;63.2;43,2024-07-22 19:21:29,27.0,63.2,43
500,t4g1,27.1;64.0;41,2024-07-22 19:31:29,27.1,64.0,41
501,t4g1,27.2;64.7;40,2024-07-22 19:41:30,27.2,64.7,40
502,t4g1,27.2;64.7;40,2024-07-22 19:51:30,27.2,64.7,40
503,t4g1,27.3;65.0;39,2024-07-22 20:01:31,27.3,65.0,39
504,t4g1,27.3;65.9;40,2024-07-22 20:11:32,27.3,65.9,40
505,t4g1,27.4;66.2;39,2024-07-22 20:21:32,27.4,66.2,39
506,t4g1,27.4;66.3;39,2024-07-22 20:31:33,27.4,66.3,39
507,t4g1,27.4;66.4;39,2024-07-22 20:41:33,27.4,66.4,39
508,t4g1,27.4;66.7;39,2024-07-22 20:51:34,27.4,66.7,39
509,t4g1,27.5;67.5;40,2024-07-22 21:01:34,27.5,67.5,40
510,t4g1,27.5;67.1;39,2024-07-22 21:11:35,27.5,67.1,39
511,t4g1,27.5;67.1;39,2024-07-22 21:21:35,27.5,67.1,39
512,t4g1,27.5;67.5;36,2024-07-22 21:31:36,27.5,67.5,36
513,t4g1,27.5;67.7;40,2024-07-22 21:41:36,27.5,67.7,40
514,t4g1,27.5;68.3;39,2024-07-22 21:51:37,27.5,68.3,39
515,t4g1,27.5;68.7;39,2024-07-22 22:01:37,27.5,68.7,39
516,t4g1,27.6;68.8;39,2024-07-22 22:11:38,27.6,68.8,39
517,t4g1,27.6;68.7;40,2024-07-22 22:21:39,27.6,68.7,40
518,t4g1,27.6;69.2;39,2024-07-22 22:31:39,27.6,69.2,39
519,t4g1,27.6;69.2;39,2024-07-22 22:41:40,27.6,69.2,39
520,t4g1,27.6;69.6;38,2024-07-22 22:51:40,27.6,69.6,38
521,t4g1,27.6;69.4;39,2024-07-22 23:01:41,27.6,69.4,39
522,t4g1,27.6;69.7;39,2024-07-22 23:11:41,27.6,69.7,39
523,t4g1,27.6;70.0;39,2024-07-22 23:21:42,27.6,70.0,39
524,t4g1,27.6;70.0;39,2024-07-22 23:31:42,27.6,70.0,39
525,t4g1,27.6;70.1;38,2024-07-22 23:41:43,27.6,70.1,38
526,t4g1,27.6;70.2;40,2024-07-22 23:51:43,27.6,70.2,40
527,t4g1,27.7;70.3;40,2024-07-23 00:01:44,27.7,70.3,40
528,t4g1,27.6;70.6;39,2024-07-23 00:11:45,27.6,70.6,39
529,t4g1,27.6;70.8;39,2024-07-23 00:21:45,27.6,70.8,39
530,t4g1,27.6;70.7;40,2024-07-23 00:31:45,27.6,70.7,40
531,t4g1,27.7;70.9;41,2024-07-23 00:41:46,27.7,70.9,41
532,t4g1,27.7;71.0;40,2024-07-23 00:51:47,27.7,71.0,40
533,t4g1,27.7;70.7;40,2024-07-23 01:01:47,27.7,70.7,40
534,t4g1,27.7;71.1;40,2024-07-23 01:11:48,27.7,71.1,40
535,t4g1,27.7;71.4;39,2024-07-23 01:21:48,27.7,71.4,39
536,t4g1,27.7;72.1;39,2024-07-23 01:31:49,27.7,72.1,39
537,t4g1,27.7;72.3;39,2024-07-23 01:41:49,27.7,72.3,39
538,t4g1,27.7;72.7;39,2024-07-23 01:51:50,27.7,72.7,39
539,t4g1,27.7;72.7;39,2024-07-23 02:01:50,27.7,72.7,39
540,t4g1,27.7;72.8;39,2024-07-23 02:11:51,27.7,72.8,39
541,t4g1,27.7;73.0;39,2024-07-23 02:21:51,27.7,73.0,39
542,t4g1,27.7;72.9;43,2024-07-23 02:31:52,27.7,72.9,43
543,t4g1,27.7;73.0;39,2024-07-23 02:41:52,27.7,73.0,39
544,t4g1,27.7;73.1;40,2024-07-23 02:51:53,27.7,73.1,40
545,t4g1,27.7;73.3;34,2024-07-23 03:01:53,27.7,73.3,34
546,t4g1,27.7;73.0;40,2024-07-23 03:11:54,27.7,73.0,40
547,t4g1,27.7;73.3;40,2024-07-23 03:21:55,27.7,73.3,40
548,t4g1,27.7;73.5;40,2024-07-23 03:31:55,27.7,73.5,40
549,t4g1,27.7;73.5;39,2024-07-23 03:41:56,27.7,73.5,39
550,t4g1,27.7;73.6;40,2024-07-23 03:51:56,27.7,73.6,40
551,t4g1,27.7;73.5;40,2024-07-23 04:01:57,27.7,73.5,40
552,t4g1,27.7;73.3;40,2024-07-23 04:11:57,27.7,73.3,40
553,t4g1,27.7;73.4;40,2024-07-23 04:21:58,27.7,73.4,40
554,t4g1,27.7;73.4;40,2024-07-23 04:31:58,27.7,73.4,40
555,t4g1,27.7;73.9;37,2024-07-23 04:41:59,27.7,73.9,37
556,t4g1,27.8;73.7;39,2024-07-23 04:51:59,27.8,73.7,39
557,t4g1,27.8;74.2;39,2024-07-23 05:02:00,27.8,74.2,39
558,t4g1,27.7;74.5;40,2024-07-23 05:12:01,27.7,74.5,40
559,t4g1,27.7;74.4;39,2024-07-23 05:22:01,27.7,74.4,39
560,t4g1,27.7;74.7;39,2024-07-23 05:32:02,27.7,74.7,39
561,t4g1,27.8;75.0;39,2024-07-23 05:42:02,27.8,75.0,39
562,t4g1,27.8;74.8;39,2024-07-23 05:52:03,27.8,74.8,39
563,t4g1,27.8;74.9;39,2024-07-23 06:02:04,27.8,74.9,39
564,t4g1,27.8;75.3;38,2024-07-23 06:12:04,27.8,75.3,38
565,t4g1,27.8;75.3;39,2024-07-23 06:22:05,27.8,75.3,39
566,t4g1,27.8;75.2;38,2024-07-23 06:32:05,27.8,75.2,38
567,t4g1,27.7;70.7;39,2024-07-23 06:42:06,27.7,70.7,39
568,t4g1,27.3;69.4;43,2024-07-23 06:52:06,27.3,69.4,43
569,t4g1,26.9;68.3;45,2024-07-23 07:02:07,26.9,68.3,45
570,t4g1,26.7;67.5;45,2024-07-23 07:12:08,26.7,67.5,45
571,t4g1,26.6;66.6;46,2024-07-23 07:22:08,26.6,66.6,46
572,t4g1,26.3;66.0;47,2024-07-23 07:32:09,26.3,66.0,47
573,t4g1,26.2;65.3;48,2024-07-23 07:42:09,26.2,65.3,48
574,t4g1,26.0;64.1;47,2024-07-23 07:52:10,26.0,64.1,47
575,t4g1,25.8;63.0;47,2024-07-23 08:02:10,25.8,63.0,47
576,t4g1,25.7;62.1;47,2024-07-23 08:12:11,25.7,62.1,47
577,t4g1,25.6;60.8;48,2024-07-23 08:22:11,25.6,60.8,48
578,t4g1,25.4;60.4;47,2024-07-23 08:32:12,25.4,60.4,47
579,t4g1,25.3;59.7;47,2024-07-23 08:42:12,25.3,59.7,47
580,t4g1,25.3;58.8;47,2024-07-23 08:52:13,25.3,58.8,47
581,t4g1,25.2;58.6;46,2024-07-23 09:02:13,25.2,58.6,46
582,t4g1,25.2;58.2;48,2024-07-23 09:12:14,25.2,58.2,48
583,t4g1,25.1;57.8;46,2024-07-23 09:22:14,25.1,57.8,46
584,t4g1,25.1;57.7;47,2024-07-23 09:32:15,25.1,57.7,47
585,t4g1,25.1;57.3;48,2024-07-23 09:42:15,25.1,57.3,48
586,t4g1,25.1;57.6;46,2024-07-23 09:52:16,25.1,57.6,46
587,t4g1,25.1;57.8;46,2024-07-23 10:02:16,25.1,57.8,46
588,t4g1,25.1;58.4;46,2024-07-23 10:12:17,25.1,58.4,46
589,t4g1,25.3;58.0;46,2024-07-23 10:22:18,25.3,58.0,46
590,t4g1,25.5;57.8;46,2024-07-23 10:32:18,25.5,57.8,46
591,t4g1,25.4;58.4;48,2024-07-23 10:42:19,25.4,58.4,48
592,t4g1,25.5;58.1;46,2024-07-23 10:52:19,25.5,58.1,46
593,t4g1,25.5;58.2;45,2024-07-23 11:02:20,25.5,58.2,45
594,t4g1,25.5;59.0;45,2024-07-23 11:12:20,25.5,59.0,45
595,t4g1,25.5;59.1;45,2024-07-23 11:22:21,25.5,59.1,45
596,t4g1,25.6;59.4;45,2024-07-23 11:32:21,25.6,59.4,45
597,t4g1,25.6;59.3;45,2024-07-23 11:42:22,25.6,59.3,45
598,t4g1,25.8;58.8;46,2024-07-23 11:52:22,25.8,58.8,46
599,t4g1,25.9;58.2;46,2024-07-23 12:02:23,25.9,58.2,46
600,t4g1,25.8;58.5;45,2024-07-23 12:12:23,25.8,58.5,45
601,t4g1,25.8;58.6;47,2024-07-23 12:22:24,25.8,58.6,47
602,t4g1,26.0;58.4;47,2024-07-23 12:32:24,26.0,58.4,47
603,t4g1,25.9;58.8;48,2024-07-23 12:42:25,25.9,58.8,48
604,t4g1,26.0;58.2;46,2024-07-23 12:52:25,26.0,58.2,46
605,t4g1,26.2;57.9;47,2024-07-23 13:02:26,26.2,57.9,47
606,t4g1,26.2;58.2;46,2024-07-23 13:12:26,26.2,58.2,46
607,t4g1,26.2;57.8;47,2024-07-23 13:22:27,26.2,57.8,47
608,t4g1,26.3;58.4;45,2024-07-23 13:32:27,26.3,58.4,45
609,t4g1,26.5;59.2;46,2024-07-23 13:42:28,26.5,59.2,46
610,t4g1,26.7;59.4;46,2024-07-23 13:52:28,26.7,59.4,46
611,t4g1,26.9;58.8;45,2024-07-23 14:02:29,26.9,58.8,45
612,t4g1,26.9;59.5;47,2024-07-23 14:12:30,26.9,59.5,47
613,t4g1,26.8;60.1;46,2024-07-23 14:22:30,26.8,60.1,46
614,t4g1,27.0;58.4;45,2024-07-23 14:32:31,27.0,58.4,45
615,t4g1,27.2;58.9;45,2024-07-23 14:42:31,27.2,58.9,45
616,t4g1,27.1;59.6;45,2024-07-23 14:52:32,27.1,59.6,45
617,t4g1,27.2;59.0;45,2024-07-23 15:02:32,27.2,59.0,45
618,t4g1,27.3;59.8;45,2024-07-23 15:12:33,27.3,59.8,45
619,t4g1,27.3;59.6;45,2024-07-23 15:22:33,27.3,59.6,45
620,t4g1,27.4;60.0;45,2024-07-23 15:32:34,27.4,60.0,45
621,t4g1,27.4;59.4;45,2024-07-23 15:42:35,27.4,59.4,45
622,t4g1,27.5;59.6;45,2024-07-23 15:52:35,27.5,59.6,45
623,t4g1,27.7;59.4;45,2024-07-23 16:02:36,27.7,59.4,45
624,t4g1,27.8;59.6;45,2024-07-23 16:12:36,27.8,59.6,45
625,t4g1,27.9;59.6;45,2024-07-23 16:22:37,27.9,59.6,45
626,t4g1,27.9;59.7;45,2024-07-23 16:32:37,27.9,59.7,45
627,t4g1,28.0;59.6;48,2024-07-23 16:42:38,28.0,59.6,48
628,t4g1,27.9;59.8;45,2024-07-23 16:52:38,27.9,59.8,45
629,t4g1,27.9;59.7;46,2024-07-23 17:02:39,27.9,59.7,46
630,t4g1,27.8;59.7;46,2024-07-23 17:12:39,27.8,59.7,46
631,t4g1,27.8;59.6;46,2024-07-23 17:22:40,27.8,59.6,46
632,t4g1,27.9;59.7;46,2024-07-23 17:32:40,27.9,59.7,46
633,t4g1,27.8;59.8;45,2024-07-23 17:42:41,27.8,59.8,45
634,t4g1,27.6;60.0;46,2024-07-23 17:52:42,27.6,60.0,46
635,t4g1,27.4;60.1;46,2024-07-23 18:02:42,27.4,60.1,46
636,t4g1,27.4;60.1;46,2024-07-23 18:12:42,27.4,60.1,46
637,t4g1,27.3;60.1;46,2024-07-23 18:22:43,27.3,60.1,46
638,t4g1,27.1;59.2;46,2024-07-23 18:32:44,27.1,59.2,46
639,t4g1,26.9;59.5;45,2024-07-23 18:42:44,26.9,59.5,45
640,t4g1,26.6;60.5;45,2024-07-23 18:52:44,26.6,60.5,45
641,t4g1,26.5;60.6;45,2024-07-23 19:02:45,26.5,60.6,45
642,t4g1,26.9;60.5;44,2024-07-23 19:12:45,26.9,60.5,44
643,t4g1,27.1;61.0;43,2024-07-23 19:22:46,27.1,61.0,43
644,t4g1,27.2;62.7;43,2024-07-23 19:32:46,27.2,62.7,43
645,t4g1,27.3;63.1;41,2024-07-23 19:42:47,27.3,63.1,41
646,t4g1,27.3;63.5;41,2024-07-23 19:52:47,27.3,63.5,41
647,t4g1,27.4;64.4;41,2024-07-23 20:02:48,27.4,64.4,41
648,t4g1,27.4;65.0;40,2024-07-23 20:12:48,27.4,65.0,40
649,t4g1,27.5;66.3;39,2024-07-23 20:22:49,27.5,66.3,39
650,t4g1,27.5;66.7;39,2024-07-23 20:32:49,27.5,66.7,39
651,t4g1,27.5;67.6;39,2024-07-23 20:42:50,27.5,67.6,39
652,t4g1,27.5;68.0;38,2024-07-23 20:52:50,27.5,68.0,38
653,t4g1,27.6;68.6;38,2024-07-23 21:02:51,27.6,68.6,38
654,t4g1,27.6;69.1;38,2024-07-23 21:12:51,27.6,69.1,38
655,t4g1,27.6;69.3;37,2024-07-23 21:22:52,27.6,69.3,37
656,t4g1,27.6;69.4;34,2024-07-23 21:32:52,27.6,69.4,34
657,t4g1,27.6;69.6;38,2024-07-23 21:42:53,27.6,69.6,38
658,t4g1,27.6;69.7;37,2024-07-23 21:52:53,27.6,69.7,37
659,t4g1,27.6;69.8;37,2024-07-23 22:02:54,27.6,69.8,37
660,t4g1,27.6;70.5;37,2024-07-23 22:12:54,27.6,70.5,37
661,t4g1,27.6;70.9;37,2024-07-23 22:22:55,27.6,70.9,37
662,t4g1,27.7;71.2;37,2024-07-23 22:32:55,27.7,71.2,37
663,t4g1,27.7;71.3;37,2024-07-23 22:42:56,27.7,71.3,37
664,t4g1,27.7;71.3;37,2024-07-23 22:52:56,27.7,71.3,37
665,t4g1,27.6;71.6;37,2024-07-23 23:02:57,27.6,71.6,37
666,t4g1,27.7;71.5;37,2024-07-23 23:12:57,27.7,71.5,37
667,t4g1,27.7;71.9;37,2024-07-23 23:22:58,27.7,71.9,37
668,t4g1,27.7;72.1;37,2024-07-23 23:32:58,27.7,72.1,37
669,t4g1,27.7;71.8;37,2024-07-23 23:42:59,27.7,71.8,37
670,t4g1,27.7;71.9;37,2024-07-23 23:52:59,27.7,71.9,37
671,t4g1,27.7;71.8;38,2024-07-24 00:03:00,27.7,71.8,38
672,t4g1,27.7;72.5;37,2024-07-24 00:13:00,27.7,72.5,37
673,t4g1,27.7;72.2;38,2024-07-24 00:23:01,27.7,72.2,38
674,t4g1,27.7;72.5;38,2024-07-24 00:33:01,27.7,72.5,38
675,t4g1,27.8;72.5;37,2024-07-24 00:43:02,27.8,72.5,37
676,t4g1,27.7;72.9;38,2024-07-24 00:53:02,27.7,72.9,38
677,t4g1,27.8;72.6;38,2024-07-24 01:03:03,27.8,72.6,38
678,t4g1,27.7;72.7;39,2024-07-24 01:13:03,27.7,72.7,39
679,t4g1,27.7;72.7;38,2024-07-24 01:23:04,27.7,72.7,38
680,t4g1,27.8;73.1;37,2024-07-24 01:33:04,27.8,73.1,37
681,t4g1,27.8;73.2;37,2024-07-24 01:43:05,27.8,73.2,37
682,t4g1,27.8;73.3;37,2024-07-24 01:53:05,27.8,73.3,37
683,t4g1,27.8;73.4;36,2024-07-24 02:03:06,27.8,73.4,36
684,t4g1,27.8;73.5;38,2024-07-24 02:13:06,27.8,73.5,38
685,t4g1,27.8;73.1;38,2024-07-24 02:23:07,27.8,73.1,38
686,t4g1,27.8;73.4;42,2024-07-24 02:33:07,27.8,73.4,42
687,t4g1,27.8;73.5;39,2024-07-24 02:43:08,27.8,73.5,39
688,t4g1,27.7;73.3;39,2024-07-24 02:53:08,27.7,73.3,39
689,t4g1,27.8;73.5;38,2024-07-24 03:03:09,27.8,73.5,38
690,t4g1,27.8;73.5;38,2024-07-24 03:13:09,27.8,73.5,38
691,t4g1,27.8;73.2;38,2024-07-24 03:23:10,27.8,73.2,38
692,t4g1,27.8;73.3;36,2024-07-24 03:33:10,27.8,73.3,36
693,t4g1,27.8;73.6;41,2024-07-24 03:43:11,27.8,73.6,41
694,t4g1,27.8;73.7;38,2024-07-24 03:53:11,27.8,73.7,38
695,t4g1,27.8;73.7;40,2024-07-24 04:03:12,27.8,73.7,40
696,t4g1,27.8;73.9;38,2024-07-24 04:13:12,27.8,73.9,38
697,t4g1,27.8;73.8;37,2024-07-24 04:23:13,27.8,73.8,37
698,t4g1,27.8;74.0;39,2024-07-24 04:33:14,27.8,74.0,39
699,t4g1,27.8;74.2;39,2024-07-24 04:43:14,27.8,74.2,39
700,t4g1,27.8;74.3;38,2024-07-24 04:53:14,27.8,74.3,38
701,t4g1,27.8;74.2;38,2024-07-24 05:03:15,27.8,74.2,38
702,t4g1,27.8;74.3;38,2024-07-24 05:13:16,27.8,74.3,38
703,t4g1,27.8;74.3;37,2024-07-24 05:23:16,27.8,74.3,37
704,t4g1,27.8;74.4;38,2024-07-24 05:33:17,27.8,74.4,38
705,t4g1,27.8;74.5;38,2024-07-24 05:43:17,27.8,74.5,38
706,t4g1,27.8;74.7;38,2024-07-24 05:53:17,27.8,74.7,38
707,t4g1,27.8;74.9;37,2024-07-24 06:03:18,27.8,74.9,37
708,t4g1,27.8;75.0;38,2024-07-24 06:13:19,27.8,75.0,38
709,t4g1,27.8;75.0;38,2024-07-24 06:23:19,27.8,75.0,38
710,t4g1,27.8;73.7;38,2024-07-24 06:33:20,27.8,73.7,38
711,t4g1,27.7;70.3;39,2024-07-24 06:43:20,27.7,70.3,39
712,t4g1,27.4;69.3;42,2024-07-24 06:53:21,27.4,69.3,42
713,t4g1,27.2;68.1;45,2024-07-24 07:03:21,27.2,68.1,45
714,t4g1,26.8;68.0;45,2024-07-24 07:13:22,26.8,68.0,45
715,t4g1,26.7;67.1;46,2024-07-24 07:23:22,26.7,67.1,46
716,t4g1,26.5;66.4;47,2024-07-24 07:33:23,26.5,66.4,47
717,t4g1,26.4;65.9;47,2024-07-24 07:43:23,26.4,65.9,47
718,t4g1,26.1;64.8;47,2024-07-24 07:53:24,26.1,64.8,47
719,t4g1,25.9;63.8;46,2024-07-24 08:03:24,25.9,63.8,46
720,t4g1,25.9;62.2;47,2024-07-24 08:13:25,25.9,62.2,47
721,t4g1,25.8;61.6;47,2024-07-24 08:23:25,25.8,61.6,47
722,t4g1,25.6;60.7;47,2024-07-24 08:33:26,25.6,60.7,47
723,t4g1,25.4;60.1;48,2024-07-24 08:43:26,25.4,60.1,48
724,t4g1,25.4;59.4;47,2024-07-24 08:53:27,25.4,59.4,47
725,t4g1,25.3;59.4;46,2024-07-24 09:03:27,25.3,59.4,46
726,t4g1,25.3;59.0;46,2024-07-24 09:13:28,25.3,59.0,46
727,t4g1,25.3;58.5;46,2024-07-24 09:23:28,25.3,58.5,46
728,t4g1,25.1;59.0;45,2024-07-24 09:33:29,25.1,59.0,45
729,t4g1,25.2;58.3;46,2024-07-24 09:43:29,25.2,58.3,46
730,t4g1,25.2;58.0;46,2024-07-24 09:53:30,25.2,58.0,46
731,t4g1,25.2;57.9;46,2024-07-24 10:03:30,25.2,57.9,46
732,t4g1,25.2;57.7;46,2024-07-24 10:13:31,25.2,57.7,46
733,t4g1,25.3;58.2;45,2024-07-24 10:23:31,25.3,58.2,45
734,t4g1,25.2;58.5;45,2024-07-24 10:33:32,25.2,58.5,45
735,t4g1,25.3;59.0;45,2024-07-24 10:43:32,25.3,59.0,45
736,t4g1,25.3;59.2;45,2024-07-24 10:53:33,25.3,59.2,45
737,t4g1,25.4;59.0;45,2024-07-24 11:03:34,25.4,59.0,45
738,t4g1,25.3;59.6;45,2024-07-24 11:13:34,25.3,59.6,45
739,t4g1,25.2;59.9;45,2024-07-24 11:23:34,25.2,59.9,45
740,t4g1,25.4;59.1;45,2024-07-24 11:33:35,25.4,59.1,45
741,t4g1,25.4;58.8;45,2024-07-24 11:43:36,25.4,58.8,45
742,t4g1,25.4;58.9;45,2024-07-24 11:53:36,25.4,58.9,45
743,t4g1,25.5;58.5;46,2024-07-24 12:03:37,25.5,58.5,46
744,t4g1,25.7;59.2;45,2024-07-24 12:13:37,25.7,59.2,45
745,t4g1,25.7;59.1;45,2024-07-24 12:23:38,25.7,59.1,45
746,t4g1,25.8;59.2;46,2024-07-24 12:33:38,25.8,59.2,46
747,t4g1,25.9;59.7;45,2024-07-24 12:43:39,25.9,59.7,45
748,t4g1,25.9;59.7;45,2024-07-24 12:53:39,25.9,59.7,45
749,t4g1,25.9;59.1;44,2024-07-24 13:03:40,25.9,59.1,44
750,t4g1,26.0;59.5;44,2024-07-24 13:13:40,26.0,59.5,44
751,t4g1,26.0;58.4;44,2024-07-24 13:23:41,26.0,58.4,44
752,t4g1,26.0;57.9;44,2024-07-24 13:33:41,26.0,57.9,44
753,t4g1,26.0;58.9;44,2024-07-24 13:43:42,26.0,58.9,44
754,t4g1,26.0;58.6;43,2024-07-24 13:53:42,26.0,58.6,43
755,t4g1,26.1;58.5;44,2024-07-24 14:03:43,26.1,58.5,44
756,t4g1,26.0;59.5;43,2024-07-24 14:13:43,26.0,59.5,43
757,t4g1,26.1;58.8;44,2024-07-24 14:23:44,26.1,58.8,44
758,t4g1,26.2;58.9;43,2024-07-24 14:33:44,26.2,58.9,43
759,t4g1,26.3;58.8;42,2024-07-24 14:43:45,26.3,58.8,42
760,t4g1,26.3;58.9;44,2024-07-24 14:53:45,26.3,58.9,44
761,t4g1,26.2;58.9;44,2024-07-24 15:03:46,26.2,58.9,44
762,t4g1,26.3;58.8;43,2024-07-24 15:13:46,26.3,58.8,43
763,t4g1,26.2;59.7;44,2024-07-24 15:23:47,26.2,59.7,44
764,t4g1,26.3;58.8;43,2024-07-24 15:33:47,26.3,58.8,43
765,t4g1,26.3;58.6;44,2024-07-24 15:43:48,26.3,58.6,44
766,t4g1,26.3;59.5;43,2024-07-24 15:53:48,26.3,59.5,43
767,t4g1,26.4;58.9;43,2024-07-24 16:03:49,26.4,58.9,43
768,t4g1,26.4;58.7;43,2024-07-24 16:13:49,26.4,58.7,43
769,t4g1,26.4;58.8;43,2024-07-24 16:23:50,26.4,58.8,43
770,t4g1,26.4;58.5;44,2024-07-24 16:33:50,26.4,58.5,44
771,t4g1,26.6;59.0;42,2024-07-24 16:43:51,26.6,59.0,42
772,t4g1,26.6;58.6;43,2024-07-24 16:53:51,26.6,58.6,43
773,t4g1,26.7;59.5;42,2024-07-24 17:03:52,26.7,59.5,42
774,t4g1,26.7;59.4;41,2024-07-24 17:13:52,26.7,59.4,41
775,t4g1,26.7;59.1;40,2024-07-24 17:23:53,26.7,59.1,40
776,t4g1,26.8;58.3;43,2024-07-24 17:33:53,26.8,58.3,43
777,t4g1,26.8;58.3;42,2024-07-24 17:43:54,26.8,58.3,42
778,t4g1,26.6;59.2;42,2024-07-24 17:53:54,26.6,59.2,42
779,t4g1,26.6;59.4;43,2024-07-24 18:03:55,26.6,59.4,43
780,t4g1,26.6;59.4;43,2024-07-24 18:13:55,26.6,59.4,43
781,t4g1,26.5;58.7;44,2024-07-24 18:23:56,26.5,58.7,44
782,t4g1,26.3;59.1;43,2024-07-24 18:33:56,26.3,59.1,43
783,t4g1,26.2;59.9;43,2024-07-24 18:43:57,26.2,59.9,43
784,t4g1,26.0;60.1;44,2024-07-24 18:53:57,26.0,60.1,44
785,t4g1,26.0;59.9;43,2024-07-24 19:03:58,26.0,59.9,43
786,t4g1,26.4;60.1;43,2024-07-24 19:13:58,26.4,60.1,43
787,t4g1,26.6;61.3;42,2024-07-24 19:23:59,26.6,61.3,42
788,t4g1,26.8;61.8;43,2024-07-24 19:33:59,26.8,61.8,43
789,t4g1,26.8;62.4;41,2024-07-24 19:44:00,26.8,62.4,41
790,t4g1,27.0;64.0;41,2024-07-24 19:54:00,27.0,64.0,41
791,t4g1,27.0;64.3;40,2024-07-24 20:04:01,27.0,64.3,40
792,t4g1,27.0;64.9;40,2024-07-24 20:14:01,27.0,64.9,40
793,t4g1,27.1;65.2;39,2024-07-24 20:24:01,27.1,65.2,39
794,t4g1,27.1;65.3;39,2024-07-24 20:34:02,27.1,65.3,39
795,t4g1,27.1;65.8;38,2024-07-24 20:44:02,27.1,65.8,38
796,t4g1,27.2;65.9;39,2024-07-24 20:54:03,27.2,65.9,39
797,t4g1,27.2;66.1;38,2024-07-24 21:04:03,27.2,66.1,38
798,t4g1,27.2;66.3;39,2024-07-24 21:14:04,27.2,66.3,39
799,t4g1,27.2;66.5;39,2024-07-24 21:24:04,27.2,66.5,39
800,t4g1,27.2;67.0;39,2024-07-24 21:34:05,27.2,67.0,39
801,t4g1,27.3;67.0;38,2024-07-24 21:44:05,27.3,67.0,38
802,t4g1,27.3;67.1;38,2024-07-24 21:54:06,27.3,67.1,38
803,t4g1,27.3;67.4;39,2024-07-24 22:04:06,27.3,67.4,39
804,t4g1,27.3;67.8;37,2024-07-24 22:14:07,27.3,67.8,37
805,t4g1,27.3;67.8;38,2024-07-24 22:24:07,27.3,67.8,38
806,t4g1,27.3;67.9;41,2024-07-24 22:34:07,27.3,67.9,41
807,t4g1,27.3;67.9;38,2024-07-24 22:44:08,27.3,67.9,38
808,t4g1,27.3;68.0;39,2024-07-24 22:54:08,27.3,68.0,39
809,t4g1,27.3;67.5;36,2024-07-24 23:04:09,27.3,67.5,36
810,t4g1,27.3;68.0;39,2024-07-24 23:14:09,27.3,68.0,39
811,t4g1,27.4;67.9;39,2024-07-24 23:24:10,27.4,67.9,39
812,t4g1,27.4;67.8;40,2024-07-24 23:34:10,27.4,67.8,40
813,t4g1,27.3;67.8;40,2024-07-24 23:44:11,27.3,67.8,40
814,t4g1,27.3;67.9;40,2024-07-24 23:54:11,27.3,67.9,40
815,t4g1,27.3;68.2;40,2024-07-25 00:04:11,27.3,68.2,40
816,t4g1,27.3;68.2;41,2024-07-25 00:14:12,27.3,68.2,41
817,t4g1,27.4;68.4;41,2024-07-25 00:24:12,27.4,68.4,41
818,t4g1,27.3;68.3;43,2024-07-25 00:34:13,27.3,68.3,43
819,t4g1,27.3;68.5;42,2024-07-25 00:44:13,27.3,68.5,42
820,t4g1,27.4;68.6;43,2024-07-25 00:54:14,27.4,68.6,43
821,t4g1,27.3;68.7;43,2024-07-25 01:04:14,27.3,68.7,43
822,t4g1,27.4;68.9;43,2024-07-25 01:14:15,27.4,68.9,43
823,t4g1,27.4;69.0;43,2024-07-25 01:24:15,27.4,69.0,43
824,t4g1,27.4;69.3;43,2024-07-25 01:34:16,27.4,69.3,43
825,t4g1,27.4;69.6;42,2024-07-25 01:44:16,27.4,69.6,42
826,t4g1,27.4;69.9;42,2024-07-25 01:54:16,27.4,69.9,42
827,t4g1,27.4;70.4;42,2024-07-25 02:04:17,27.4,70.4,42
828,t4g1,27.4;70.4;42,2024-07-25 02:14:17,27.4,70.4,42
829,t4g1,27.4;70.6;41,2024-07-25 02:24:18,27.4,70.6,41
830,t4g1,27.4;70.8;41,2024-07-25 02:34:18,27.4,70.8,41
831,t4g1,27.4;70.8;42,2024-07-25 02:44:18,27.4,70.8,42
832,t4g1,27.4;70.7;41,2024-07-25 02:54:19,27.4,70.7,41
833,t4g1,27.4;70.7;41,2024-07-25 03:04:19,27.4,70.7,41
834,t4g1,27.4;70.8;41,2024-07-25 03:14:20,27.4,70.8,41
835,t4g1,27.4;71.1;41,2024-07-25 03:24:20,27.4,71.1,41
836,t4g1,27.4;71.3;41,2024-07-25 03:34:21,27.4,71.3,41
837,t4g1,27.4;71.3;41,2024-07-25 03:44:21,27.4,71.3,41
838,t4g1,27.4;71.2;40,2024-07-25 03:54:22,27.4,71.2,40
839,t4g1,27.4;71.4;41,2024-07-25 04:04:22,27.4,71.4,41
840,t4g1,27.4;71.5;42,2024-07-25 04:14:23,27.4,71.5,42
841,t4g1,27.4;71.6;41,2024-07-25 04:24:23,27.4,71.6,41
842,t4g1,27.5;71.5;42,2024-07-25 04:34:23,27.5,71.5,42
843,t4g1,27.4;71.9;42,2024-07-25 04:44:24,27.4,71.9,42
844,t4g1,27.4;72.1;42,2024-07-25 04:54:25,27.4,72.1,42
845,t4g1,27.5;72.2;41,2024-07-25 05:04:25,27.5,72.2,41
846,t4g1,27.4;72.4;42,2024-07-25 05:14:26,27.4,72.4,42
847,t4g1,27.4;72.9;41,2024-07-25 05:24:26,27.4,72.9,41
848,t4g1,27.5;73.0;40,2024-07-25 05:34:27,27.5,73.0,40
849,t4g1,27.5;73.1;41,2024-07-25 05:44:27,27.5,73.1,41
850,t4g1,27.5;73.4;40,2024-07-25 05:54:28,27.5,73.4,40
851,t4g1,27.5;73.6;40,2024-07-25 06:04:28,27.5,73.6,40
852,t4g1,27.5;73.9;40,2024-07-25 06:14:29,27.5,73.9,40
853,t4g1,27.4;74.0;40,2024-07-25 06:24:29,27.4,74.0,40
854,t4g1,27.5;71.6;40,2024-07-25 06:34:30,27.5,71.6,40
855,t4g1,27.4;69.5;41,2024-07-25 06:44:30,27.4,69.5,41
856,t4g1,27.1;68.3;43,2024-07-25 06:54:31,27.1,68.3,43
857,t4g1,26.7;67.8;45,2024-07-25 07:04:31,26.7,67.8,45
858,t4g1,26.5;67.3;45,2024-07-25 07:14:32,26.5,67.3,45
859,t4g1,26.3;66.6;45,2024-07-25 07:24:32,26.3,66.6,45
860,t4g1,26.2;65.7;46,2024-07-25 07:34:33,26.2,65.7,46
861,t4g1,26.0;65.1;46,2024-07-25 07:44:33,26.0,65.1,46
862,t4g1,25.8;63.7;46,2024-07-25 07:54:34,25.8,63.7,46
863,t4g1,25.6;62.5;46,2024-07-25 08:04:34,25.6,62.5,46
864,t4g1,25.3;62.0;46,2024-07-25 08:14:35,25.3,62.0,46
865,t4g1,25.2;60.7;46,2024-07-25 08:24:35,25.2,60.7,46
866,t4g1,25.1;59.9;45,2024-07-25 08:34:36,25.1,59.9,45
867,t4g1,24.9;59.5;46,2024-07-25 08:44:36,24.9,59.5,46
868,t4g1,24.9;58.7;45,2024-07-25 08:54:37,24.9,58.7,45
869,t4g1,24.8;58.3;45,2024-07-25 09:04:37,24.8,58.3,45
870,t4g1,24.7;58.2;46,2024-07-25 09:14:38,24.7,58.2,46
871,t4g1,24.7;58.1;45,2024-07-25 09:24:38,24.7,58.1,45
872,t4g1,24.7;57.6;44,2024-07-25 09:34:39,24.7,57.6,44
873,t4g1,24.7;57.7;45,2024-07-25 09:44:40,24.7,57.7,45
874,t4g1,24.7;58.5;44,2024-07-25 09:54:40,24.7,58.5,44
875,t4g1,24.8;58.1;45,2024-07-25 10:04:41,24.8,58.1,45
876,t4g1,24.8;59.4;44,2024-07-25 10:14:41,24.8,59.4,44
877,t4g1,24.8;59.7;43,2024-07-25 10:24:42,24.8,59.7,43
878,t4g1,24.9;59.2;44,2024-07-25 10:34:42,24.9,59.2,44
879,t4g1,25.0;59.9;44,2024-07-25 10:44:43,25.0,59.9,44
880,t4g1,25.1;60.1;43,2024-07-25 10:54:43,25.1,60.1,43
881,t4g1,25.1;60.3;45,2024-07-25 11:04:43,25.1,60.3,45
882,t4g1,25.3;60.4;43,2024-07-25 11:14:44,25.3,60.4,43
883,t4g1,25.3;60.8;43,2024-07-25 11:24:44,25.3,60.8,43
884,t4g1,25.3;60.0;43,2024-07-25 11:34:45,25.3,60.0,43
885,t4g1,25.4;60.2;43,2024-07-25 11:44:46,25.4,60.2,43
886,t4g1,25.5;60.7;44,2024-07-25 11:54:46,25.5,60.7,44
887,t4g1,25.5;60.8;43,2024-07-25 12:04:46,25.5,60.8,43
888,t4g1,25.6;60.5;39,2024-07-25 12:14:47,25.6,60.5,39
889,t4g1,25.6;61.5;42,2024-07-25 12:24:48,25.6,61.5,42
890,t4g1,25.7;61.0;43,2024-07-25 12:34:48,25.7,61.0,43
891,t4g1,25.8;61.4;42,2024-07-25 12:44:49,25.8,61.4,42
892,t4g1,25.7;61.8;42,2024-07-25 12:54:49,25.7,61.8,42
893,t4g1,25.7;61.6;41,2024-07-25 13:04:50,25.7,61.6,41
894,t4g1,25.8;60.5;42,2024-07-25 13:14:50,25.8,60.5,42
895,t4g1,25.6;61.4;42,2024-07-25 13:24:51,25.6,61.4,42
896,t4g1,25.6;61.2;42,2024-07-25 13:34:51,25.6,61.2,42
897,t4g1,25.7;60.3;42,2024-07-25 13:44:52,25.7,60.3,42
898,t4g1,25.6;61.6;41,2024-07-25 13:54:52,25.6,61.6,41
899,t4g1,25.7;61.4;41,2024-07-25 14:04:53,25.7,61.4,41
900,t4g1,25.8;61.2;41,2024-07-25 14:14:53,25.8,61.2,41
901,t4g1,25.7;61.6;42,2024-07-25 14:24:54,25.7,61.6,42
902,t4g1,25.8;61.8;42,2024-07-25 14:34:54,25.8,61.8,42
903,t4g1,25.9;61.7;42,2024-07-25 14:44:55,25.9,61.7,42
904,t4g1,26.0;61.5;42,2024-07-25 14:54:56,26.0,61.5,42
905,t4g1,26.2;61.0;42,2024-07-25 15:04:56,26.2,61.0,42
906,t4g1,26.5;60.1;42,2024-07-25 15:14:57,26.5,60.1,42
907,t4g1,26.7;59.5;42,2024-07-25 15:24:57,26.7,59.5,42
908,t4g1,26.2;61.1;44,2024-07-25 15:34:58,26.2,61.1,44
909,t4g1,26.2;61.0;43,2024-07-25 15:44:58,26.2,61.0,43
910,t4g1,26.3;60.8;42,2024-07-25 15:54:59,26.3,60.8,42
911,t4g1,26.3;60.8;42,2024-07-25 16:04:59,26.3,60.8,42
912,t4g1,26.2;61.1;42,2024-07-25 16:15:00,26.2,61.1,42
913,t4g1,26.2;61.1;43,2024-07-25 16:25:00,26.2,61.1,43
914,t4g1,26.4;60.7;42,2024-07-25 16:35:01,26.4,60.7,42
915,t4g1,26.4;60.5;42,2024-07-25 16:45:01,26.4,60.5,42
916,t4g1,26.5;60.2;42,2024-07-25 16:55:02,26.5,60.2,42
917,t4g1,26.3;60.5;43,2024-07-25 17:05:02,26.3,60.5,43
918,t4g1,26.3;60.2;43,2024-07-25 17:15:03,26.3,60.2,43
919,t4g1,26.4;59.8;43,2024-07-25 17:25:03,26.4,59.8,43
920,t4g1,26.5;59.8;41,2024-07-25 17:35:04,26.5,59.8,41
921,t4g1,26.5;59.5;43,2024-07-25 17:45:04,26.5,59.5,43
922,t4g1,26.5;59.3;42,2024-07-25 17:55:05,26.5,59.3,42
923,t4g1,26.4;59.6;42,2024-07-25 18:05:05,26.4,59.6,42
924,t4g1,26.4;59.4;42,2024-07-25 18:15:06,26.4,59.4,42
925,t4g1,26.4;59.4;42,2024-07-25 18:25:06,26.4,59.4,42
926,t4g1,26.2;59.8;42,2024-07-25 18:35:07,26.2,59.8,42
927,t4g1,26.1;59.9;43,2024-07-25 18:45:07,26.1,59.9,43
928,t4g1,26.1;59.9;43,2024-07-25 18:55:08,26.1,59.9,43
929,t4g1,26.1;60.1;43,2024-07-25 19:05:08,26.1,60.1,43
930,t4g1,26.4;60.1;42,2024-07-25 19:15:09,26.4,60.1,42
931,t4g1,26.6;61.2;41,2024-07-25 19:25:09,26.6,61.2,41
932,t4g1,26.7;61.5;41,2024-07-25 19:35:09,26.7,61.5,41
933,t4g1,26.8;61.4;40,2024-07-25 19:45:10,26.8,61.4,40
934,t4g1,26.8;61.9;40,2024-07-25 19:55:10,26.8,61.9,40
935,t4g1,26.8;62.1;39,2024-07-25 20:05:11,26.8,62.1,39
936,t4g1,26.9;62.6;41,2024-07-25 20:15:11,26.9,62.6,41
937,t4g1,27.0;62.7;40,2024-07-25 20:25:11,27.0,62.7,40
938,t4g1,26.9;63.6;39,2024-07-25 20:35:12,26.9,63.6,39
939,t4g1,27.0;63.3;40,2024-07-25 20:45:13,27.0,63.3,40
940,t4g1,27.0;64.0;40,2024-07-25 20:55:13,27.0,64.0,40
941,t4g1,27.0;64.6;38,2024-07-25 21:05:14,27.0,64.6,38
942,t4g1,27.1;64.3;40,2024-07-25 21:15:14,27.1,64.3,40
943,t4g1,27.0;65.4;33,2024-07-25 21:25:14,27.0,65.4,33
944,t4g1,27.0;65.5;39,2024-07-25 21:35:15,27.0,65.5,39
945,t4g1,27.0;65.7;40,2024-07-25 21:45:15,27.0,65.7,40
946,t4g1,27.0;65.6;40,2024-07-25 21:55:16,27.0,65.6,40
947,t4g1,27.0;65.6;42,2024-07-25 22:05:16,27.0,65.6,42
948,t4g1,27.1;65.6;41,2024-07-25 22:15:17,27.1,65.6,41
949,t4g1,27.1;66.5;41,2024-07-25 22:25:17,27.1,66.5,41
950,t4g1,27.2;66.2;40,2024-07-25 22:35:18,27.2,66.2,40
951,t4g1,27.1;66.5;42,2024-07-25 22:45:18,27.1,66.5,42
952,t4g1,27.1;67.1;41,2024-07-25 22:55:19,27.1,67.1,41
953,t4g1,27.1;67.5;42,2024-07-25 23:05:19,27.1,67.5,42
954,t4g1,27.1;67.7;43,2024-07-25 23:15:20,27.1,67.7,43
955,t4g1,27.1;68.2;41,2024-07-25 23:25:20,27.1,68.2,41
956,t4g1,27.1;68.1;42,2024-07-25 23:35:20,27.1,68.1,42
957,t4g1,27.1;68.5;34,2024-07-25 23:45:21,27.1,68.5,34
958,t4g1,27.1;69.1;42,2024-07-25 23:55:21,27.1,69.1,42
959,t4g1,27.2;68.9;42,2024-07-26 00:05:22,27.2,68.9,42
960,t4g1,27.1;69.3;42,2024-07-26 00:15:22,27.1,69.3,42
961,t4g1,27.1;69.6;42,2024-07-26 00:25:23,27.1,69.6,42
962,t4g1,27.1;69.7;43,2024-07-26 00:35:23,27.1,69.7,43
963,t4g1,27.2;70.0;42,2024-07-26 00:45:24,27.2,70.0,42
964,t4g1,27.2;69.9;43,2024-07-26 00:55:24,27.2,69.9,43
965,t4g1,27.2;69.9;42,2024-07-26 01:05:24,27.2,69.9,42
966,t4g1,27.2;70.0;43,2024-07-26 01:15:25,27.2,70.0,43
967,t4g1,27.2;70.2;42,2024-07-26 01:25:25,27.2,70.2,42
968,t4g1,27.2;70.7;41,2024-07-26 01:35:26,27.2,70.7,41
969,t4g1,27.2;70.9;41,2024-07-26 01:45:26,27.2,70.9,41
970,t4g1,27.2;71.0;43,2024-07-26 01:55:27,27.2,71.0,43
971,t4g1,27.2;71.4;43,2024-07-26 02:05:27,27.2,71.4,43
972,t4g1,27.2;71.3;41,2024-07-26 02:15:28,27.2,71.3,41
973,t4g1,27.2;71.4;43,2024-07-26 02:25:28,27.2,71.4,43
974,t4g1,27.2;71.3;40,2024-07-26 02:35:29,27.2,71.3,40
975,t4g1,27.2;71.6;51,2024-07-26 02:45:29,27.2,71.6,51
976,t4g1,27.2;71.8;42,2024-07-26 02:55:29,27.2,71.8,42
977,t4g1,27.2;71.5;43,2024-07-26 03:05:30,27.2,71.5,43
978,t4g1,27.3;71.8;45,2024-07-26 03:15:30,27.3,71.8,45
979,t4g1,27.3;72.2;42,2024-07-26 03:25:31,27.3,72.2,42
980,t4g1,27.2;72.2;43,2024-07-26 03:35:31,27.2,72.2,43
981,t4g1,27.3;72.2;43,2024-07-26 03:45:32,27.3,72.2,43
982,t4g1,27.2;72.2;42,2024-07-26 03:55:32,27.2,72.2,42
983,t4g1,27.2;72.7;41,2024-07-26 04:05:33,27.2,72.7,41
984,t4g1,27.3;72.6;46,2024-07-26 04:15:33,27.3,72.6,46
985,t4g1,27.3;72.8;42,2024-07-26 04:25:34,27.3,72.8,42
986,t4g1,27.3;73.0;42,2024-07-26 04:35:34,27.3,73.0,42
987,t4g1,27.3;73.2;41,2024-07-26 04:45:35,27.3,73.2,41
988,t4g1,27.4;73.1;41,2024-07-26 04:55:35,27.4,73.1,41
989,t4g1,27.3;73.5;41,2024-07-26 05:05:35,27.3,73.5,41
990,t4g1,27.3;73.7;40,2024-07-26 05:15:36,27.3,73.7,40
991,t4g1,27.3;73.7;41,2024-07-26 05:25:36,27.3,73.7,41
992,t4g1,27.3;73.9;40,2024-07-26 05:35:37,27.3,73.9,40
993,t4g1,27.3;74.0;40,2024-07-26 05:45:37,27.3,74.0,40
994,t4g1,27.3;74.1;40,2024-07-26 05:55:38,27.3,74.1,40
995,t4g1,27.4;74.1;39,2024-07-26 06:05:38,27.4,74.1,39
996,t4g1,27.3;74.3;40,2024-07-26 06:15:39,27.3,74.3,40
997,t4g1,27.3;74.1;40,2024-07-26 06:25:39,27.3,74.1,40
998,t4g1,27.5;71.6;40,2024-07-26 06:35:40,27.5,71.6,40
999,t4g1,27.4;69.2;49,2024-07-26 06:45:40,27.4,69.2,49
1000,t4g1,26.9;68.8;45,2024-07-26 06:55:41,26.9,68.8,45
1001,t4g1,26.6;68.0;45,2024-07-26 07:05:41,26.6,68.0,45
1002,t4g1,26.5;67.0;46,2024-07-26 07:15:42,26.5,67.0,46
1003,t4g1,26.2;66.5;46,2024-07-26 07:25:43,26.2,66.5,46
1004,t4g1,26.1;65.8;47,2024-07-26 07:35:43,26.1,65.8,47
1005,t4g1,26.0;64.5;46,2024-07-26 07:45:44,26.0,64.5,46
1006,t4g1,25.7;63.7;48,2024-07-26 07:55:44,25.7,63.7,48
1007,t4g1,25.6;62.7;47,2024-07-26 08:05:45,25.6,62.7,47
1008,t4g1,25.5;61.6;43,2024-07-26 08:15:45,25.5,61.6,43
1009,t4g1,25.3;60.8;46,2024-07-26 08:25:46,25.3,60.8,46
1010,t4g1,25.0;60.1;46,2024-07-26 08:35:46,25.0,60.1,46
1011,t4g1,24.9;59.6;47,2024-07-26 08:45:47,24.9,59.6,47
1012,t4g1,24.8;59.4;45,2024-07-26 08:55:47,24.8,59.4,45
1013,t4g1,24.8;59.2;46,2024-07-26 09:05:48,24.8,59.2,46
1014,t4g1,24.7;58.9;46,2024-07-26 09:15:48,24.7,58.9,46
1015,t4g1,24.6;58.9;45,2024-07-26 09:25:49,24.6,58.9,45
1016,t4g1,24.6;58.9;46,2024-07-26 09:35:49,24.6,58.9,46
1017,t4g1,24.7;58.4;46,2024-07-26 09:45:50,24.7,58.4,46
1018,t4g1,24.7;58.2;47,2024-07-26 09:55:50,24.7,58.2,47
1019,t4g1,24.7;58.1;48,2024-07-26 10:05:51,24.7,58.1,48
1020,t4g1,24.9;58.1;48,2024-07-26 10:15:51,24.9,58.1,48
1021,t4g1,25.0;58.7;50,2024-07-26 10:25:52,25.0,58.7,50
1022,t4g1,25.0;59.2;58,2024-07-26 10:35:52,25.0,59.2,58
1023,t4g1,25.2;58.6;57,2024-07-26 10:45:53,25.2,58.6,57
1024,t4g1,25.3;59.1;72,2024-07-26 10:55:54,25.3,59.1,72
1025,t4g1,25.3;59.5;67,2024-07-26 11:05:54,25.3,59.5,67
1026,t4g1,27.7;52.5;63,2024-07-26 11:15:55,27.7,52.5,63
1027,t4g1,27.8;52.2;59,2024-07-26 11:25:55,27.8,52.2,59
1028,t4g1,27.8;53.1;57,2024-07-26 11:35:56,27.8,53.1,57
1029,t4g1,28.8;50.6;54,2024-07-26 11:45:56,28.8,50.6,54
1030,t4g1,29.0;49.5;52,2024-07-26 11:55:57,29.0,49.5,52
1031,t4g1,29.1;50.6;49,2024-07-26 12:05:57,29.1,50.6,49
1032,t4g1,28.4;51.3;55,2024-07-26 12:15:58,28.4,51.3,55
1033,t4g1,28.7;51.5;47,2024-07-26 12:25:58,28.7,51.5,47
1034,t4g1,28.7;51.2;46,2024-07-26 12:35:59,28.7,51.2,46
1035,t4g1,28.7;50.9;46,2024-07-26 12:45:59,28.7,50.9,46
1036,t4g1,28.8;51.4;46,2024-07-26 12:56:00,28.8,51.4,46
1037,t4g1,29.0;50.4;45,2024-07-26 13:06:00,29.0,50.4,45
1038,t4g1,29.6;49.7;43,2024-07-26 13:16:01,29.6,49.7,43
1039,t4g1,29.7;49.3;47,2024-07-26 13:26:01,29.7,49.3,47
1040,t4g1,29.2;50.1;43,2024-07-26 13:36:02,29.2,50.1,43
1041,t4g1,29.1;51.1;43,2024-07-26 13:46:02,29.1,51.1,43
1042,t4g1,29.3;50.3;43,2024-07-26 13:56:03,29.3,50.3,43
1043,t4g1,29.3;50.9;47,2024-07-26 14:06:03,29.3,50.9,47
1044,t4g1,29.5;50.7;43,2024-07-26 14:16:04,29.5,50.7,43
1045,t4g1,29.9;49.6;46,2024-07-26 14:26:04,29.9,49.6,46
1046,t4g1,30.4;49.0;52,2024-07-26 14:36:05,30.4,49.0,52
1047,t4g1,30.3;49.8;43,2024-07-26 14:46:05,30.3,49.8,43
1048,t4g1,30.3;49.9;45,2024-07-26 14:56:06,30.3,49.9,45
1049,t4g1,30.2;49.9;44,2024-07-26 15:06:06,30.2,49.9,44
1050,t4g1,30.6;49.3;43,2024-07-26 15:16:07,30.6,49.3,43
1051,t4g1,30.3;49.7;42,2024-07-26 15:26:08,30.3,49.7,42
1052,t4g1,30.7;48.6;42,2024-07-26 15:36:08,30.7,48.6,42
1053,t4g1,31.1;48.0;43,2024-07-26 15:46:09,31.1,48.0,43
1054,t4g1,30.5;49.0;44,2024-07-26 15:56:09,30.5,49.0,44
1055,t4g1,30.5;49.1;44,2024-07-26 16:06:10,30.5,49.1,44
1056,t4g1,30.4;49.0;43,2024-07-26 16:16:10,30.4,49.0,43
1057,t4g1,30.4;49.3;43,2024-07-26 16:26:11,30.4,49.3,43
1058,t4g1,30.7;48.5;42,2024-07-26 16:36:11,30.7,48.5,42
1059,t4g1,31.3;47.4;41,2024-07-26 16:46:12,31.3,47.4,41
1060,t4g1,30.9;48.1;42,2024-07-26 16:56:12,30.9,48.1,42
1061,t4g1,30.9;48.5;42,2024-07-26 17:06:13,30.9,48.5,42
1062,t4g1,30.9;48.2;41,2024-07-26 17:16:13,30.9,48.2,41
1063,t4g1,30.9;48.4;40,2024-07-26 17:26:14,30.9,48.4,40
1064,t4g1,30.9;48.0;41,2024-07-26 17:36:14,30.9,48.0,41
1065,t4g1,30.8;48.4;41,2024-07-26 17:46:15,30.8,48.4,41
1066,t4g1,30.5;49.3;41,2024-07-26 17:56:15,30.5,49.3,41
1067,t4g1,30.5;49.4;41,2024-07-26 18:06:16,30.5,49.4,41
1068,t4g1,30.5;49.2;40,2024-07-26 18:16:16,30.5,49.2,40
1069,t4g1,30.0;49.3;40,2024-07-26 18:26:17,30.0,49.3,40
1070,t4g1,30.0;48.9;41,2024-07-26 18:36:17,30.0,48.9,41
1071,t4g1,29.7;50.0;41,2024-07-26 18:46:18,29.7,50.0,41
1072,t4g1,29.5;50.0;40,2024-07-26 18:56:19,29.5,50.0,40
1073,t4g1,30.4;48.2;41,2024-07-26 19:06:19,30.4,48.2,41
1074,t4g1,30.9;47.8;37,2024-07-26 19:16:19,30.9,47.8,37
1075,t4g1,31.1;48.3;39,2024-07-26 19:26:20,31.1,48.3,39
1076,t4g1,31.2;48.9;37,2024-07-26 19:36:20,31.2,48.9,37
1077,t4g1,31.3;48.9;39,2024-07-26 19:46:21,31.3,48.9,39
1078,t4g1,31.4;49.3;38,2024-07-26 19:56:21,31.4,49.3,38
1079,t4g1,31.4;49.7;37,2024-07-26 20:06:22,31.4,49.7,37
1080,t4g1,31.4;50.4;37,2024-07-26 20:16:22,31.4,50.4,37
1081,t4g1,31.4;50.5;37,2024-07-26 20:26:23,31.4,50.5,37
1082,t4g1,31.4;51.0;38,2024-07-26 20:36:23,31.4,51.0,38
1083,t4g1,31.5;51.1;38,2024-07-26 20:46:24,31.5,51.1,38
1084,t4g1,31.5;52.1;38,2024-07-26 20:56:24,31.5,52.1,38
1085,t4g1,31.5;52.7;38,2024-07-26 21:06:25,31.5,52.7,38
1086,t4g1,31.5;53.2;38,2024-07-26 21:16:25,31.5,53.2,38
1087,t4g1,31.5;53.4;38,2024-07-26 21:26:26,31.5,53.4,38
1088,t4g1,31.5;53.7;38,2024-07-26 21:36:26,31.5,53.7,38
1089,t4g1,31.5;53.5;40,2024-07-26 21:46:27,31.5,53.5,40
1090,t4g1,31.5;53.7;38,2024-07-26 21:56:27,31.5,53.7,38
1091,t4g1,31.6;53.8;38,2024-07-26 22:06:28,31.6,53.8,38
1092,t4g1,31.5;54.0;36,2024-07-26 22:16:28,31.5,54.0,36
1093,t4g1,31.5;54.0;37,2024-07-26 22:26:29,31.5,54.0,37
1094,t4g1,31.6;54.6;38,2024-07-26 22:36:29,31.6,54.6,38
1095,t4g1,31.5;54.5;38,2024-07-26 22:46:30,31.5,54.5,38
1096,t4g1,31.5;54.5;37,2024-07-26 22:56:30,31.5,54.5,37
1097,t4g1,31.6;54.5;41,2024-07-26 23:06:31,31.6,54.5,41
1098,t4g1,31.5;55.2;39,2024-07-26 23:16:31,31.5,55.2,39
1099,t4g1,31.5;55.5;39,2024-07-26 23:26:31,31.5,55.5,39
1100,t4g1,31.6;55.7;38,2024-07-26 23:36:32,31.6,55.7,38
1101,t4g1,31.6;55.7;38,2024-07-26 23:46:32,31.6,55.7,38
1102,t4g1,31.5;56.2;37,2024-07-26 23:56:33,31.5,56.2,37
1103,t4g1,31.6;56.5;42,2024-07-27 00:06:33,31.6,56.5,42
1104,t4g1,31.6;56.9;38,2024-07-27 00:16:34,31.6,56.9,38
1105,t4g1,31.6;56.6;38,2024-07-27 00:26:34,31.6,56.6,38
1106,t4g1,31.6;56.9;38,2024-07-27 00:36:35,31.6,56.9,38
1107,t4g1,31.6;57.4;38,2024-07-27 00:46:35,31.6,57.4,38
1108,t4g1,31.6;57.3;37,2024-07-27 00:56:36,31.6,57.3,37
1109,t4g1,31.6;57.0;38,2024-07-27 01:06:36,31.6,57.0,38
1110,t4g1,31.6;57.2;38,2024-07-27 01:16:37,31.6,57.2,38
1111,t4g1,31.6;57.8;38,2024-07-27 01:26:37,31.6,57.8,38
1112,t4g1,31.6;58.3;38,2024-07-27 01:36:38,31.6,58.3,38
1113,t4g1,31.6;58.5;38,2024-07-27 01:46:38,31.6,58.5,38
1114,t4g1,31.6;58.8;36,2024-07-27 01:56:39,31.6,58.8,36
1115,t4g1,31.6;58.8;38,2024-07-27 02:06:39,31.6,58.8,38
1116,t4g1,31.5;59.0;37,2024-07-27 02:16:40,31.5,59.0,37
1117,t4g1,31.5;58.5;37,2024-07-27 02:26:40,31.5,58.5,37
1118,t4g1,31.6;58.5;38,2024-07-27 02:36:41,31.6,58.5,38
1119,t4g1,31.6;58.7;38,2024-07-27 02:46:42,31.6,58.7,38
1120,t4g1,31.6;58.9;37,2024-07-27 02:56:42,31.6,58.9,37
1121,t4g1,31.5;58.7;38,2024-07-27 03:06:42,31.5,58.7,38
1122,t4g1,31.6;58.6;39,2024-07-27 03:16:43,31.6,58.6,39
1123,t4g1,31.5;58.9;37,2024-07-27 03:26:44,31.5,58.9,37
1124,t4g1,31.5;58.9;38,2024-07-27 03:36:44,31.5,58.9,38
1125,t4g1,31.5;58.9;39,2024-07-27 03:46:44,31.5,58.9,39
1126,t4g1,31.5;58.7;37,2024-07-27 03:56:45,31.5,58.7,37
1127,t4g1,31.6;58.6;38,2024-07-27 04:06:46,31.6,58.6,38
1128,t4g1,31.5;58.8;36,2024-07-27 04:16:46,31.5,58.8,36
1129,t4g1,31.5;58.9;39,2024-07-27 04:26:46,31.5,58.9,39
1130,t4g1,31.6;58.7;39,2024-07-27 04:36:47,31.6,58.7,39
1131,t4g1,31.6;58.9;37,2024-07-27 04:46:47,31.6,58.9,37
1132,t4g1,31.6;58.7;37,2024-07-27 04:56:48,31.6,58.7,37
1133,t4g1,31.5;59.0;37,2024-07-27 05:06:48,31.5,59.0,37
1134,t4g1,31.6;59.0;37,2024-07-27 05:16:49,31.6,59.0,37
1135,t4g1,31.6;59.2;38,2024-07-27 05:26:49,31.6,59.2,38
1136,t4g1,31.6;59.6;37,2024-07-27 05:36:50,31.6,59.6,37
1137,t4g1,31.6;59.5;37,2024-07-27 05:46:50,31.6,59.5,37
1138,t4g1,31.6;59.9;38,2024-07-27 05:56:51,31.6,59.9,38
1139,t4g1,31.6;59.6;38,2024-07-27 06:06:51,31.6,59.6,38
1140,t4g1,31.5;59.7;39,2024-07-27 06:16:52,31.5,59.7,39
1141,t4g1,31.6;59.9;38,2024-07-27 06:26:52,31.6,59.9,38
1142,t4g1,31.6;60.0;37,2024-07-27 06:36:52,31.6,60.0,37
1143,t4g1,31.6;60.2;37,2024-07-27 06:46:53,31.6,60.2,37
1144,t4g1,31.6;60.4;37,2024-07-27 06:56:53,31.6,60.4,37
1145,t4g1,31.6;60.1;37,2024-07-27 07:06:54,31.6,60.1,37
1146,t4g1,31.6;60.2;39,2024-07-27 07:16:54,31.6,60.2,39
1147,t4g1,31.6;60.3;37,2024-07-27 07:26:55,31.6,60.3,37
1148,t4g1,31.6;60.3;39,2024-07-27 07:36:55,31.6,60.3,39
1149,t4g1,31.6;60.4;38,2024-07-27 07:46:56,31.6,60.4,38
1150,t4g1,31.6;60.8;37,2024-07-27 07:56:56,31.6,60.8,37
1151,t4g1,31.6;60.9;37,2024-07-27 08:06:57,31.6,60.9,37
1152,t4g1,31.6;61.2;37,2024-07-27 08:16:57,31.6,61.2,37
1153,t4g1,31.7;61.2;36,2024-07-27 08:26:58,31.7,61.2,36
1154,t4g1,31.7;61.3;36,2024-07-27 08:36:58,31.7,61.3,36
1155,t4g1,31.7;61.7;42,2024-07-27 08:46:59,31.7,61.7,42
1156,t4g1,31.8;61.4;36,2024-07-27 08:56:59,31.8,61.4,36
1157,t4g1,31.8;61.3;36,2024-07-27 09:06:59,31.8,61.3,36
1158,t4g1,31.9;61.3;36,2024-07-27 09:17:00,31.9,61.3,36
1159,t4g1,31.9;61.2;36,2024-07-27 09:27:00,31.9,61.2,36
1160,t4g1,31.9;60.6;37,2024-07-27 09:37:01,31.9,60.6,37
1161,t4g1,32.0;60.4;36,2024-07-27 09:47:01,32.0,60.4,36
1162,t4g1,32.0;59.9;35,2024-07-27 09:57:01,32.0,59.9,35
1163,t4g1,32.1;59.7;36,2024-07-27 10:07:02,32.1,59.7,36
1164,t4g1,32.2;59.3;37,2024-07-27 10:17:02,32.2,59.3,37
1165,t4g1,32.2;58.8;36,2024-07-27 10:27:03,32.2,58.8,36
1166,t4g1,32.3;58.2;36,2024-07-27 10:37:03,32.3,58.2,36
1167,t4g1,32.4;57.8;36,2024-07-27 10:47:04,32.4,57.8,36
1168,t4g1,32.4;57.4;37,2024-07-27 10:57:04,32.4,57.4,37
1169,t4g1,32.4;57.2;36,2024-07-27 11:07:05,32.4,57.2,36
1170,t4g1,32.5;56.6;36,2024-07-27 11:17:05,32.5,56.6,36
1171,t4g1,32.6;56.7;35,2024-07-27 11:27:06,32.6,56.7,35
1172,t4g1,32.6;56.5;36,2024-07-27 11:37:06,32.6,56.5,36
1173,t4g1,32.7;56.4;35,2024-07-27 11:47:06,32.7,56.4,35
1174,t4g1,32.8;56.0;34,2024-07-27 11:57:07,32.8,56.0,34
1175,t4g1,32.9;55.7;36,2024-07-27 12:07:07,32.9,55.7,36
1176,t4g1,33.0;55.0;35,2024-07-27 12:17:08,33.0,55.0,35
1177,t4g1,33.1;54.3;39,2024-07-27 12:27:08,33.1,54.3,39
1178,t4g1,33.2;53.9;35,2024-07-27 12:37:09,33.2,53.9,35
1179,t4g1,33.2;53.8;35,2024-07-27 12:47:09,33.2,53.8,35
1180,t4g1,33.3;53.7;35,2024-07-27 12:57:09,33.3,53.7,35
1181,t4g1,33.4;53.6;35,2024-07-27 13:07:10,33.4,53.6,35
1182,t4g1,33.5;53.5;38,2024-07-27 13:17:10,33.5,53.5,38
1183,t4g1,33.6;53.4;37,2024-07-27 13:27:11,33.6,53.4,37
1184,t4g1,33.6;53.1;37,2024-07-27 13:37:11,33.6,53.1,37
1185,t4g1,33.7;53.0;36,2024-07-27 13:47:11,33.7,53.0,36
1186,t4g1,33.8;52.4;37,2024-07-27 13:57:12,33.8,52.4,37
1187,t4g1,33.9;52.1;64,2024-07-27 14:07:12,33.9,52.1,64
1188,t4g1,34.0;51.6;39,2024-07-27 14:17:13,34.0,51.6,39
1189,t4g1,34.0;51.2;36,2024-07-27 14:27:13,34.0,51.2,36
1190,t4g1,34.1;50.6;37,2024-07-27 14:37:13,34.1,50.6,37
1191,t4g1,34.2;50.2;36,2024-07-27 14:47:14,34.2,50.2,36
1192,t4g1,34.3;49.9;35,2024-07-27 14:57:14,34.3,49.9,35
1193,t4g1,34.3;49.4;36,2024-07-27 15:07:15,34.3,49.4,36
1194,t4g1,34.4;48.9;36,2024-07-27 15:17:15,34.4,48.9,36
1195,t4g1,34.4;48.7;36,2024-07-27 15:27:16,34.4,48.7,36
1196,t4g1,34.5;48.4;37,2024-07-27 15:37:16,34.5,48.4,37
1197,t4g1,34.5;47.9;37,2024-07-27 15:47:17,34.5,47.9,37
1198,t4g1,34.5;47.7;37,2024-07-27 15:57:17,34.5,47.7,37
1199,t4g1,34.5;47.6;37,2024-07-27 16:07:18,34.5,47.6,37
1200,t4g1,34.6;47.5;37,2024-07-27 16:17:18,34.6,47.5,37
1201,t4g1,34.7;47.5;37,2024-07-27 16:27:18,34.7,47.5,37
1202,t4g1,34.7;47.4;38,2024-07-27 16:37:19,34.7,47.4,38
1203,t4g1,34.7;47.2;38,2024-07-27 16:47:19,34.7,47.2,38
1204,t4g1,34.8;47.2;38,2024-07-27 16:57:20,34.8,47.2,38
1205,t4g1,34.9;47.1;38,2024-07-27 17:07:20,34.9,47.1,38
1206,t4g1,34.9;47.0;36,2024-07-27 17:17:21,34.9,47.0,36
1207,t4g1,34.9;47.0;39,2024-07-27 17:27:21,34.9,47.0,39
1208,t4g1,34.9;47.1;38,2024-07-27 17:37:21,34.9,47.1,38
1209,t4g1,34.9;47.3;39,2024-07-27 17:47:22,34.9,47.3,39
1210,t4g1,34.9;47.6;39,2024-07-27 17:57:22,34.9,47.6,39
1211,t4g1,34.9;47.9;38,2024-07-27 18:07:23,34.9,47.9,38
1212,t4g1,34.9;48.0;38,2024-07-27 18:17:23,34.9,48.0,38
1213,t4g1,34.8;48.5;42,2024-07-27 18:27:24,34.8,48.5,42
1214,t4g1,34.7;48.8;37,2024-07-27 18:37:24,34.7,48.8,37
1215,t4g1,34.6;49.1;39,2024-07-27 18:47:24,34.6,49.1,39
1216,t4g1,34.4;49.6;41,2024-07-27 18:57:25,34.4,49.6,41
1217,t4g1,34.4;49.8;39,2024-07-27 19:07:25,34.4,49.8,39
1218,t4g1,34.3;50.2;39,2024-07-27 19:17:26,34.3,50.2,39
1219,t4g1,34.2;50.5;37,2024-07-27 19:27:26,34.2,50.5,37
1220,t4g1,34.1;50.7;38,2024-07-27 19:37:27,34.1,50.7,38
1221,t4g1,34.1;50.9;39,2024-07-27 19:47:27,34.1,50.9,39
1222,t4g1,34.0;51.2;40,2024-07-27 19:57:28,34.0,51.2,40
1223,t4g1,34.0;51.3;36,2024-07-27 20:07:28,34.0,51.3,36
1224,t4g1,33.9;51.8;59,2024-07-27 20:17:28,33.9,51.8,59
1225,t4g1,33.9;52.1;40,2024-07-27 20:27:29,33.9,52.1,40
1226,t4g1,33.9;52.4;23,2024-07-27 20:37:29,33.9,52.4,23
1227,t4g1,33.8;52.5;40,2024-07-27 20:47:30,33.8,52.5,40
1228,t4g1,33.8;52.8;41,2024-07-27 20:57:30,33.8,52.8,41
1229,t4g1,33.8;53.2;40,2024-07-27 21:07:31,33.8,53.2,40
1230,t4g1,33.7;53.3;42,2024-07-27 21:17:31,33.7,53.3,42
1231,t4g1,33.7;53.5;44,2024-07-27 21:27:32,33.7,53.5,44
1232,t4g1,33.7;53.6;41,2024-07-27 21:37:32,33.7,53.6,41
1233,t4g1,33.6;53.7;41,2024-07-27 21:47:32,33.6,53.7,41
1234,t4g1,33.6;53.9;40,2024-07-27 21:57:33,33.6,53.9,40
1235,t4g1,33.6;54.0;41,2024-07-27 22:07:33,33.6,54.0,41
1236,t4g1,33.5;54.2;41,2024-07-27 22:17:34,33.5,54.2,41
1237,t4g1,33.5;54.3;41,2024-07-27 22:27:34,33.5,54.3,41
1238,t4g1,33.5;54.5;40,2024-07-27 22:37:35,33.5,54.5,40
1239,t4g1,33.4;54.8;41,2024-07-27 22:47:35,33.4,54.8,41
1240,t4g1,33.4;54.6;41,2024-07-27 22:57:36,33.4,54.6,41
1241,t4g1,33.4;54.8;41,2024-07-27 23:07:36,33.4,54.8,41
1242,t4g1,33.4;54.7;41,2024-07-27 23:17:37,33.4,54.7,41
1243,t4g1,33.4;54.9;41,2024-07-27 23:27:37,33.4,54.9,41
1244,t4g1,33.3;55.1;39,2024-07-27 23:37:38,33.3,55.1,39
1245,t4g1,33.3;55.0;41,2024-07-27 23:47:38,33.3,55.0,41
1246,t4g1,33.3;55.1;40,2024-07-27 23:57:39,33.3,55.1,40
1247,t4g1,33.3;55.1;46,2024-07-28 00:07:39,33.3,55.1,46
1248,t4g1,33.3;55.1;40,2024-07-28 00:17:40,33.3,55.1,40
1249,t4g1,33.3;55.1;41,2024-07-28 00:27:40,33.3,55.1,41
1250,t4g1,33.3;55.1;41,2024-07-28 00:37:41,33.3,55.1,41
1251,t4g1,33.2;55.3;43,2024-07-28 00:47:41,33.2,55.3,43
1252,t4g1,33.2;55.5;41,2024-07-28 00:57:42,33.2,55.5,41
1253,t4g1,33.1;55.4;41,2024-07-28 01:07:42,33.1,55.4,41
1254,t4g1,33.2;55.8;40,2024-07-28 01:17:43,33.2,55.8,40
1255,t4g1,33.1;56.3;41,2024-07-28 01:27:43,33.1,56.3,41
1256,t4g1,33.2;56.4;40,2024-07-28 01:37:44,33.2,56.4,40
1257,t4g1,33.1;56.7;41,2024-07-28 01:47:44,33.1,56.7,41
1258,t4g1,33.2;56.7;40,2024-07-28 01:57:45,33.2,56.7,40
1259,t4g1,33.1;56.7;41,2024-07-28 02:07:45,33.1,56.7,41
1260,t4g1,33.1;56.8;40,2024-07-28 02:17:46,33.1,56.8,40
1261,t4g1,33.1;56.9;41,2024-07-28 02:27:46,33.1,56.9,41
1262,t4g1,33.1;56.7;42,2024-07-28 02:37:47,33.1,56.7,42
1263,t4g1,33.0;56.7;37,2024-07-28 02:47:47,33.0,56.7,37
1264,t4g1,33.0;56.9;41,2024-07-28 02:57:47,33.0,56.9,41
1265,t4g1,33.0;56.7;38,2024-07-28 03:07:48,33.0,56.7,38
1266,t4g1,33.0;56.7;40,2024-07-28 03:17:48,33.0,56.7,40
1267,t4g1,33.0;56.8;41,2024-07-28 03:27:49,33.0,56.8,41
1268,t4g1,33.0;56.7;42,2024-07-28 03:37:49,33.0,56.7,42
1269,t4g1,33.0;56.8;42,2024-07-28 03:47:50,33.0,56.8,42
1270,t4g1,32.9;56.9;43,2024-07-28 03:57:50,32.9,56.9,43
1271,t4g1,33.0;56.7;43,2024-07-28 04:07:51,33.0,56.7,43
1272,t4g1,32.9;56.8;43,2024-07-28 04:17:51,32.9,56.8,43
1273,t4g1,32.9;56.9;42,2024-07-28 04:27:52,32.9,56.9,42
1274,t4g1,32.9;56.7;43,2024-07-28 04:37:52,32.9,56.7,43
1275,t4g1,32.9;56.8;43,2024-07-28 04:47:52,32.9,56.8,43
1276,t4g1,32.9;57.0;42,2024-07-28 04:57:53,32.9,57.0,42
1277,t4g1,32.9;57.1;41,2024-07-28 05:07:53,32.9,57.1,41
1278,t4g1,32.9;57.2;41,2024-07-28 05:17:54,32.9,57.2,41
1279,t4g1,32.9;57.3;41,2024-07-28 05:27:54,32.9,57.3,41
1280,t4g1,32.8;57.2;42,2024-07-28 05:37:55,32.8,57.2,42
1281,t4g1,32.8;57.5;41,2024-07-28 05:47:55,32.8,57.5,41
1282,t4g1,32.8;57.5;40,2024-07-28 05:57:56,32.8,57.5,40
1283,t4g1,32.9;57.7;40,2024-07-28 06:07:56,32.9,57.7,40
1284,t4g1,32.8;58.0;40,2024-07-28 06:17:57,32.8,58.0,40
1285,t4g1,32.9;58.0;40,2024-07-28 06:27:57,32.9,58.0,40
1286,t4g1,32.8;58.3;40,2024-07-28 06:37:58,32.8,58.3,40
1287,t4g1,32.8;58.1;40,2024-07-28 06:47:58,32.8,58.1,40
1288,t4g1,32.9;58.3;39,2024-07-28 06:57:59,32.9,58.3,39
1289,t4g1,32.8;58.5;38,2024-07-28 07:07:59,32.8,58.5,38
1290,t4g1,32.8;58.7;40,2024-07-28 07:17:59,32.8,58.7,40
1291,t4g1,32.8;58.6;41,2024-07-28 07:28:00,32.8,58.6,41
1292,t4g1,32.8;58.7;40,2024-07-28 07:38:00,32.8,58.7,40
1293,t4g1,32.8;58.6;40,2024-07-28 07:48:01,32.8,58.6,40
1294,t4g1,32.8;59.0;41,2024-07-28 07:58:01,32.8,59.0,41
1295,t4g1,32.9;59.0;40,2024-07-28 08:08:02,32.9,59.0,40
1296,t4g1,32.8;59.0;41,2024-07-28 08:18:02,32.8,59.0,41
1297,t4g1,32.9;58.8;39,2024-07-28 08:28:03,32.9,58.8,39
1298,t4g1,32.9;59.0;39,2024-07-28 08:38:03,32.9,59.0,39
1299,t4g1,32.9;59.0;39,2024-07-28 08:48:04,32.9,59.0,39
1300,t4g1,33.0;58.8;39,2024-07-28 08:58:04,33.0,58.8,39
1301,t4g1,33.0;59.1;46,2024-07-28 09:08:05,33.0,59.1,46
1302,t4g1,33.0;58.6;45,2024-07-28 09:18:05,33.0,58.6,45
1303,t4g1,33.1;58.2;42,2024-07-28 09:28:06,33.1,58.2,42
1304,t4g1,33.1;57.7;42,2024-07-28 09:38:06,33.1,57.7,42
1305,t4g1,33.2;57.6;41,2024-07-28 09:48:07,33.2,57.6,41
1306,t4g1,33.2;57.4;40,2024-07-28 09:58:07,33.2,57.4,40
1307,t4g1,33.3;57.2;41,2024-07-28 10:08:08,33.3,57.2,41
1308,t4g1,33.3;57.1;41,2024-07-28 10:18:08,33.3,57.1,41
1309,t4g1,33.4;56.8;39,2024-07-28 10:28:09,33.4,56.8,39
1310,t4g1,33.4;56.5;37,2024-07-28 10:38:09,33.4,56.5,37
1311,t4g1,33.5;56.2;40,2024-07-28 10:48:10,33.5,56.2,40
1312,t4g1,33.5;56.0;39,2024-07-28 10:58:10,33.5,56.0,39
1313,t4g1,33.5;55.6;39,2024-07-28 11:08:11,33.5,55.6,39
1314,t4g1,33.6;55.2;40,2024-07-28 11:18:11,33.6,55.2,40
1315,t4g1,33.7;54.9;44,2024-07-28 11:28:12,33.7,54.9,44
1316,t4g1,33.8;54.4;39,2024-07-28 11:38:12,33.8,54.4,39
1317,t4g1,33.8;54.3;39,2024-07-28 11:48:12,33.8,54.3,39
1318,t4g1,33.9;53.6;38,2024-07-28 11:58:13,33.9,53.6,38
1319,t4g1,34.0;53.4;38,2024-07-28 12:08:14,34.0,53.4,38
1320,t4g1,34.1;52.6;38,2024-07-28 12:18:14,34.1,52.6,38
1321,t4g1,34.1;52.2;38,2024-07-28 12:28:15,34.1,52.2,38
1322,t4g1,34.2;51.8;44,2024-07-28 12:38:15,34.2,51.8,44
1323,t4g1,34.3;51.5;38,2024-07-28 12:48:15,34.3,51.5,38
1324,t4g1,34.4;51.2;39,2024-07-28 12:58:16,34.4,51.2,39
1325,t4g1,34.4;50.8;39,2024-07-28 13:08:17,34.4,50.8,39
1326,t4g1,34.5;50.7;39,2024-07-28 13:18:17,34.5,50.7,39
1327,t4g1,34.6;50.4;39,2024-07-28 13:28:18,34.6,50.4,39
1328,t4g1,34.7;50.3;38,2024-07-28 13:38:18,34.7,50.3,38
1329,t4g1,34.8;49.9;39,2024-07-28 13:48:18,34.8,49.9,39
1330,t4g1,34.8;49.4;39,2024-07-28 13:58:19,34.8,49.4,39
1331,t4g1,34.9;49.1;38,2024-07-28 14:08:19,34.9,49.1,38
1332,t4g1,35.0;48.7;38,2024-07-28 14:18:20,35.0,48.7,38
1333,t4g1,35.1;48.5;41,2024-07-28 14:28:20,35.1,48.5,41
1334,t4g1,35.1;48.3;39,2024-07-28 14:38:21,35.1,48.3,39
1335,t4g1,35.2;48.1;39,2024-07-28 14:48:21,35.2,48.1,39
1336,t4g1,35.3;48.0;38,2024-07-28 14:58:22,35.3,48.0,38
1337,t4g1,35.3;47.8;37,2024-07-28 15:08:22,35.3,47.8,37
1338,t4g1,35.3;47.8;38,2024-07-28 15:18:23,35.3,47.8,38
1339,t4g1,35.3;47.8;39,2024-07-28 15:28:23,35.3,47.8,39
1340,t4g1,35.3;47.7;39,2024-07-28 15:38:24,35.3,47.7,39
1341,t4g1,35.4;47.7;39,2024-07-28 15:48:24,35.4,47.7,39
1342,t4g1,35.4;47.7;39,2024-07-28 15:58:25,35.4,47.7,39
1343,t4g1,35.4;47.7;39,2024-07-28 16:08:25,35.4,47.7,39
1344,t4g1,35.5;47.6;41,2024-07-28 16:18:25,35.5,47.6,41
1345,t4g1,35.6;47.6;43,2024-07-28 16:28:26,35.6,47.6,43
1346,t4g1,35.6;47.6;40,2024-07-28 16:38:27,35.6,47.6,40
1347,t4g1,35.7;47.7;40,2024-07-28 16:48:27,35.7,47.7,40
1348,t4g1,35.7;47.4;42,2024-07-28 16:58:27,35.7,47.4,42
1349,t4g1,35.7;47.4;41,2024-07-28 17:08:28,35.7,47.4,41
1350,t4g1,35.7;47.5;40,2024-07-28 17:18:28,35.7,47.5,40
1351,t4g1,35.7;47.3;41,2024-07-28 17:28:29,35.7,47.3,41
1352,t4g1,35.7;47.2;41,2024-07-28 17:38:29,35.7,47.2,41
1353,t4g1,35.7;47.1;40,2024-07-28 17:48:30,35.7,47.1,40
1354,t4g1,35.7;46.9;40,2024-07-28 17:58:30,35.7,46.9,40
1355,t4g1,35.6;46.7;39,2024-07-28 18:08:30,35.6,46.7,39
1356,t4g1,35.6;46.9;41,2024-07-28 18:18:31,35.6,46.9,41
1357,t4g1,35.5;46.9;42,2024-07-28 18:28:31,35.5,46.9,42
1358,t4g1,35.4;47.1;41,2024-07-28 18:38:32,35.4,47.1,41
1359,t4g1,35.3;47.4;40,2024-07-28 18:48:32,35.3,47.4,40
1360,t4g1,35.2;47.8;40,2024-07-28 18:58:32,35.2,47.8,40
1361,t4g1,35.2;48.2;39,2024-07-28 19:08:33,35.2,48.2,39
1362,t4g1,35.1;48.6;40,2024-07-28 19:18:33,35.1,48.6,40
1363,t4g1,35.0;49.1;41,2024-07-28 19:28:34,35.0,49.1,41
1364,t4g1,34.9;49.9;40,2024-07-28 19:38:34,34.9,49.9,40
1365,t4g1,34.9;50.2;42,2024-07-28 19:48:35,34.9,50.2,42
1366,t4g1,34.9;50.8;42,2024-07-28 19:58:35,34.9,50.8,42
1367,t4g1,34.8;51.0;38,2024-07-28 20:08:36,34.8,51.0,38
1368,t4g1,34.7;51.3;42,2024-07-28 20:18:36,34.7,51.3,42
1369,t4g1,34.7;51.6;39,2024-07-28 20:28:37,34.7,51.6,39
1370,t4g1,34.6;52.3;42,2024-07-28 20:38:37,34.6,52.3,42
1371,t4g1,34.6;52.4;42,2024-07-28 20:48:37,34.6,52.4,42
1372,t4g1,34.6;52.7;41,2024-07-28 20:58:38,34.6,52.7,41
1373,t4g1,34.5;52.7;43,2024-07-28 21:08:38,34.5,52.7,43
1374,t4g1,34.5;53.1;40,2024-07-28 21:18:39,34.5,53.1,40
1375,t4g1,34.5;52.9;43,2024-07-28 21:28:39,34.5,52.9,43
1376,t4g1,34.4;53.0;42,2024-07-28 21:38:40,34.4,53.0,42
1377,t4g1,34.4;53.1;42,2024-07-28 21:48:40,34.4,53.1,42
1378,t4g1,34.4;53.3;42,2024-07-28 21:58:41,34.4,53.3,42
1379,t4g1,34.3;53.3;43,2024-07-28 22:08:41,34.3,53.3,43
1380,t4g1,34.3;53.3;44,2024-07-28 22:18:41,34.3,53.3,44
1381,t4g1,34.3;53.3;42,2024-07-28 22:28:42,34.3,53.3,42
1382,t4g1,34.2;53.3;44,2024-07-28 22:38:42,34.2,53.3,44
1383,t4g1,34.2;53.3;43,2024-07-28 22:48:43,34.2,53.3,43
1384,t4g1,34.2;53.6;43,2024-07-28 22:58:43,34.2,53.6,43
1385,t4g1,34.2;53.7;43,2024-07-28 23:08:44,34.2,53.7,43
1386,t4g1,34.1;54.1;42,2024-07-28 23:18:44,34.1,54.1,42
1387,t4g1,34.1;54.1;42,2024-07-28 23:28:45,34.1,54.1,42
1388,t4g1,34.1;54.1;42,2024-07-28 23:38:45,34.1,54.1,42
1389,t4g1,34.1;54.1;42,2024-07-28 23:48:46,34.1,54.1,42
1390,t4g1,34.0;54.2;43,2024-07-28 23:58:46,34.0,54.2,43
1391,t4g1,34.0;54.2;42,2024-07-29 00:08:47,34.0,54.2,42
1392,t4g1,34.0;54.2;43,2024-07-29 00:18:47,34.0,54.2,43
1393,t4g1,33.9;54.2;42,2024-07-29 00:28:48,33.9,54.2,42
1394,t4g1,33.9;54.1;44,2024-07-29 00:38:48,33.9,54.1,44
1395,t4g1,34.0;54.4;43,2024-07-29 00:48:49,34.0,54.4,43
1396,t4g1,33.9;54.4;42,2024-07-29 00:58:49,33.9,54.4,42
1397,t4g1,33.9;54.4;42,2024-07-29 01:08:50,33.9,54.4,42
1398,t4g1,33.9;54.6;42,2024-07-29 01:18:50,33.9,54.6,42
1399,t4g1,33.9;54.7;42,2024-07-29 01:28:51,33.9,54.7,42
1400,t4g1,33.9;54.8;42,2024-07-29 01:38:51,33.9,54.8,42
1401,t4g1,33.9;55.0;41,2024-07-29 01:48:52,33.9,55.0,41
1402,t4g1,33.9;55.3;41,2024-07-29 01:58:52,33.9,55.3,41
1403,t4g1,33.8;55.4;41,2024-07-29 02:08:53,33.8,55.4,41
1404,t4g1,33.8;55.6;38,2024-07-29 02:18:53,33.8,55.6,38
1405,t4g1,33.9;55.6;38,2024-07-29 02:28:54,33.9,55.6,38
1406,t4g1,33.8;55.7;40,2024-07-29 02:38:54,33.8,55.7,40
1407,t4g1,33.8;55.8;40,2024-07-29 02:48:55,33.8,55.8,40
1408,t4g1,33.8;55.9;42,2024-07-29 02:58:55,33.8,55.9,42
1409,t4g1,33.8;56.0;39,2024-07-29 03:08:56,33.8,56.0,39
1410,t4g1,33.7;56.1;41,2024-07-29 03:18:57,33.7,56.1,41
1411,t4g1,33.7;56.2;41,2024-07-29 03:28:57,33.7,56.2,41
1412,t4g1,33.7;56.4;42,2024-07-29 03:38:58,33.7,56.4,42
1413,t4g1,33.6;56.5;40,2024-07-29 03:48:58,33.6,56.5,40
1414,t4g1,33.7;56.4;40,2024-07-29 03:58:59,33.7,56.4,40
1415,t4g1,33.7;56.6;40,2024-07-29 04:08:59,33.7,56.6,40
1416,t4g1,33.6;56.6;40,2024-07-29 04:19:00,33.6,56.6,40
1417,t4g1,33.6;56.7;41,2024-07-29 04:29:00,33.6,56.7,41
1418,t4g1,33.6;56.7;41,2024-07-29 04:39:01,33.6,56.7,41
1419,t4g1,33.6;56.6;41,2024-07-29 04:49:01,33.6,56.6,41
1420,t4g1,33.6;57.0;38,2024-07-29 04:59:02,33.6,57.0,38
1421,t4g1,33.5;56.9;44,2024-07-29 05:09:02,33.5,56.9,44
1422,t4g1,33.6;57.5;40,2024-07-29 05:19:03,33.6,57.5,40
1423,t4g1,33.5;57.5;41,2024-07-29 05:29:03,33.5,57.5,41
1424,t4g1,33.6;57.5;40,2024-07-29 05:39:04,33.6,57.5,40
1425,t4g1,33.6;57.7;42,2024-07-29 05:49:04,33.6,57.7,42
1426,t4g1,33.5;57.8;40,2024-07-29 05:59:05,33.5,57.8,40
1427,t4g1,33.6;58.0;40,2024-07-29 06:09:06,33.6,58.0,40
1428,t4g1,33.4;58.0;41,2024-07-29 06:19:06,33.4,58.0,41
1429,t4g1,33.5;58.1;40,2024-07-29 06:29:07,33.5,58.1,40
1430,t4g1,33.3;57.1;41,2024-07-29 06:39:07,33.3,57.1,41
1431,t4g1,32.6;56.7;41,2024-07-29 06:49:07,32.6,56.7,41
1432,t4g1,31.8;57.1;45,2024-07-29 06:59:08,31.8,57.1,45
1433,t4g1,31.5;56.2;47,2024-07-29 07:09:09,31.5,56.2,47
1434,t4g1,31.2;55.2;48,2024-07-29 07:19:09,31.2,55.2,48
1435,t4g1,30.7;54.8;48,2024-07-29 07:29:10,30.7,54.8,48
1436,t4g1,30.7;53.0;48,2024-07-29 07:39:10,30.7,53.0,48
1437,t4g1,30.1;52.8;49,2024-07-29 07:49:11,30.1,52.8,49
1438,t4g1,29.9;51.8;49,2024-07-29 07:59:11,29.9,51.8,49
1439,t4g1,29.7;51.0;49,2024-07-29 08:09:12,29.7,51.0,49
1440,t4g1,29.4;50.2;49,2024-07-29 08:19:12,29.4,50.2,49
1441,t4g1,29.3;49.4;49,2024-07-29 08:29:13,29.3,49.4,49
1442,t4g1,29.2;48.9;48,2024-07-29 08:39:13,29.2,48.9,48
1443,t4g1,29.3;49.6;47,2024-07-29 08:49:14,29.3,49.6,47
1444,t4g1,29.1;50.5;48,2024-07-29 08:59:15,29.1,50.5,48
1445,t4g1,29.2;51.0;47,2024-07-29 09:09:15,29.2,51.0,47
1446,t4g1,29.2;51.4;47,2024-07-29 09:19:16,29.2,51.4,47
1447,t4g1,29.4;51.1;46,2024-07-29 09:29:16,29.4,51.1,46
1448,t4g1,29.2;51.7;48,2024-07-29 09:39:17,29.2,51.7,48
1449,t4g1,29.6;51.2;47,2024-07-29 09:49:17,29.6,51.2,47
1450,t4g1,29.4;51.6;46,2024-07-29 09:59:18,29.4,51.6,46
1451,t4g1,29.4;51.1;46,2024-07-29 10:09:18,29.4,51.1,46
1452,t4g1,29.7;51.4;46,2024-07-29 10:19:19,29.7,51.4,46
1453,t4g1,29.6;51.6;45,2024-07-29 10:29:19,29.6,51.6,45
1454,t4g1,29.6;51.8;45,2024-07-29 10:39:20,29.6,51.8,45
1455,t4g1,29.8;51.8;47,2024-07-29 10:49:21,29.8,51.8,47
1456,t4g1,29.8;52.1;45,2024-07-29 10:59:21,29.8,52.1,45
1457,t4g1,30.0;51.8;45,2024-07-29 11:09:22,30.0,51.8,45
1458,t4g1,30.1;51.8;46,2024-07-29 11:19:22,30.1,51.8,46
1459,t4g1,30.1;51.9;44,2024-07-29 11:29:23,30.1,51.9,44
1460,t4g1,30.2;51.8;45,2024-07-29 11:39:23,30.2,51.8,45
1461,t4g1,30.1;51.8;46,2024-07-29 11:49:24,30.1,51.8,46
1462,t4g1,30.1;52.0;45,2024-07-29 11:59:24,30.1,52.0,45
1463,t4g1,30.4;51.4;46,2024-07-29 12:09:25,30.4,51.4,46
1464,t4g1,30.3;51.5;45,2024-07-29 12:19:25,30.3,51.5,45
1465,t4g1,30.3;51.5;46,2024-07-29 12:29:26,30.3,51.5,46
1466,t4g1,30.4;51.2;45,2024-07-29 12:39:27,30.4,51.2,45
1467,t4g1,30.4;51.1;46,2024-07-29 12:49:27,30.4,51.1,46
1468,t4g1,30.2;51.7;45,2024-07-29 12:59:28,30.2,51.7,45
1469,t4g1,30.3;51.3;45,2024-07-29 13:09:28,30.3,51.3,45
1470,t4g1,30.6;50.6;45,2024-07-29 13:19:29,30.6,50.6,45
1471,t4g1,30.6;50.7;43,2024-07-29 13:29:29,30.6,50.7,43
1472,t4g1,30.6;50.9;44,2024-07-29 13:39:30,30.6,50.9,44
1473,t4g1,30.7;50.9;43,2024-07-29 13:49:30,30.7,50.9,43
1474,t4g1,30.7;50.8;44,2024-07-29 13:59:31,30.7,50.8,44
1475,t4g1,30.6;51.2;46,2024-07-29 14:09:32,30.6,51.2,46
1476,t4g1,30.8;50.7;46,2024-07-29 14:19:32,30.8,50.7,46
1477,t4g1,30.8;50.7;46,2024-07-29 14:29:33,30.8,50.7,46
1478,t4g1,30.5;51.2;46,2024-07-29 14:39:33,30.5,51.2,46
1479,t4g1,30.6;51.0;45,2024-07-29 14:49:34,30.6,51.0,45
1480,t4g1,30.8;50.5;44,2024-07-29 14:59:35,30.8,50.5,44
1481,t4g1,30.7;50.9;47,2024-07-29 15:09:35,30.7,50.9,47
1482,t4g1,30.8;50.6;40,2024-07-29 15:19:36,30.8,50.6,40
1483,t4g1,30.9;50.4;44,2024-07-29 15:29:36,30.9,50.4,44
1484,t4g1,30.9;50.2;44,2024-07-29 15:39:37,30.9,50.2,44
1485,t4g1,30.8;50.5;44,2024-07-29 15:49:38,30.8,50.5,44
1486,t4g1,31.0;49.9;44,2024-07-29 15:59:38,31.0,49.9,44
1487,t4g1,30.9;50.1;43,2024-07-29 16:09:39,30.9,50.1,43
1488,t4g1,31.0;49.6;44,2024-07-29 16:19:40,31.0,49.6,44
1489,t4g1,30.9;49.7;44,2024-07-29 16:29:40,30.9,49.7,44
1490,t4g1,30.8;50.1;44,2024-07-29 16:39:41,30.8,50.1,44
1491,t4g1,30.9;49.6;44,2024-07-29 16:49:41,30.9,49.6,44
1492,t4g1,30.9;49.5;43,2024-07-29 16:59:44,30.9,49.5,43
1493,t4g1,30.8;49.7;44,2024-07-29 17:09:43,30.8,49.7,44
1494,t4g1,30.8;49.6;43,2024-07-29 17:19:44,30.8,49.6,43
1495,t4g1,30.6;50.0;43,2024-07-29 17:29:44,30.6,50.0,43
1496,t4g1,30.4;50.3;43,2024-07-29 17:39:44,30.4,50.3,43
1497,t4g1,30.5;50.4;43,2024-07-29 17:49:44,30.5,50.4,43
1498,t4g1,30.4;50.4;45,2024-07-29 17:59:45,30.4,50.4,45
1499,t4g1,30.4;50.4;42,2024-07-29 18:09:45,30.4,50.4,42
1500,t4g1,30.4;50.6;43,2024-07-29 18:19:46,30.4,50.6,43
1501,t4g1,30.3;51.0;44,2024-07-29 18:29:47,30.3,51.0,44
1502,t4g1,30.3;51.1;42,2024-07-29 18:39:47,30.3,51.1,42
1503,t4g1,30.2;51.3;44,2024-07-29 18:49:47,30.2,51.3,44
1504,t4g1,30.1;51.2;51,2024-07-29 18:59:48,30.1,51.2,51
1505,t4g1,31.3;48.5;42,2024-07-29 19:09:49,31.3,48.5,42
1506,t4g1,31.7;49.2;40,2024-07-29 19:19:49,31.7,49.2,40
1507,t4g1,31.9;49.5;40,2024-07-29 19:29:49,31.9,49.5,40
1508,t4g1,32.0;50.2;39,2024-07-29 19:39:51,32.0,50.2,39
1509,t4g1,32.1;50.9;40,2024-07-29 19:49:50,32.1,50.9,40
