id,clientID,topic,message,timestamp
65,t4g6:113,t4g6,0.00;0.00;26,9/7/2024 11:50
66,t4g6:113,t4g6,0.00;0.00;26,9/7/2024 11:50
67,t4g6:113,t4g6,0.00;0.00;27,9/7/2024 11:50
68,t4g6:113,t4g6,0.00;0.00;26,9/7/2024 11:51
69,t4g6:113,t4g6,0.00;0.00;26,9/7/2024 11:51
70,t4g6:113,t4g6,0.00;0.00;26,9/7/2024 11:51
71,t4g6:113,t4g6,0.00;0.00;26,9/7/2024 11:51
72,t4g6:113,t4g6,0.00;0.00;27,9/7/2024 11:52
73,t4g6:113,t4g6,0.00;0.00;26,9/7/2024 11:52
74,t4g6:113,t4g6,0.00;0.00;25,9/7/2024 11:52
75,t4g6:113,t4g6,0.00;0.00;26,9/7/2024 11:53
76,t4g6:113,t4g6,0.00;0.00;26,9/7/2024 11:53
77,t4g6:113,t4g6,0.00;0.00;26,9/7/2024 11:53
78,t4g6:113,t4g6,0.00;0.00;26,9/7/2024 11:53
79,t4g6:113,t4g6,0.00;0.00;26,9/7/2024 11:54
80,t4g6:113,t4g6,0.00;0.00;26,9/7/2024 11:54
81,t4g6:113,t4g6,0.00;0.00;26,9/7/2024 11:54
82,t4g6:113,t4g6,0.00;0.00;25,9/7/2024 11:54
83,t4g6:113,t4g6,0.00;0.00;26,9/7/2024 11:55
84,t4g6:113,t4g6,0.00;0.00;26,9/7/2024 11:55
85,t4g6:113,t4g6,0.00;0.00;26,9/7/2024 11:55
86,t4g6:113,t4g6,0.00;0.00;27,9/7/2024 11:55
87,t4g6:113,t4g6,0.00;0.00;26,9/7/2024 11:56
88,t4g6:113,t4g6,0.00;0.00;26,9/7/2024 11:56
89,t4g6:113,t4g6,0.00;0.00;26,9/7/2024 11:56
90,t4g6:113,t4g6,0.00;0.00;26,9/7/2024 11:56
91,t4g6:113,t4g6,0.00;0.00;26,9/7/2024 11:57
92,t4g6:113,t4g6,27.37;52.05;20,9/7/2024 11:57
93,t4g6:113,t4g6,26.87;53.44;19,9/7/2024 11:58
94,t4g6:113,t4g6,26.72;53.27;27,9/7/2024 11:58
95,t4g6:113,t4g6,26.55;53.14;26,9/7/2024 11:58
96,t4g6:113,t4g6,26.56;53.27;26,9/7/2024 11:59
97,t4g6:113,t4g6,26.79;53.17;26,9/7/2024 11:59
98,t4g6:113,t4g6,26.63;53.31;26,9/7/2024 11:59
99,t4g6:113,t4g6,26.51;53.48;27,9/7/2024 11:59
100,t4g6:113,t4g6,26.31;53.78;27,9/7/2024 12:00
101,t4g6:113,t4g6,26.24;54.05;27,9/7/2024 12:00
102,t4g6:113,t4g6,26.22;54.02;27,9/7/2024 12:00
103,t4g6:113,t4g6,26.21;54.80;27,9/7/2024 12:00
104,t4g6:113,t4g6,26.15;54.50;27,9/7/2024 12:01
105,t4g6:113,t4g6,26.11;54.18;27,9/7/2024 12:01
106,t4g6:113,t4g6,26.15;54.11;27,9/7/2024 12:01
107,t4g6:113,t4g6,26.12;54.11;27,9/7/2024 12:01
108,t4g6:113,t4g6,26.31;54.08;27,9/7/2024 12:02
109,t4g6:113,t4g6,26.21;53.87;26,9/7/2024 12:02
110,t4g6:113,t4g6,26.04;54.15;26,9/7/2024 12:02
111,t4g6:113,t4g6,26.01;54.99;27,9/7/2024 12:03
112,t4g6:113,t4g6,25.91;54.75;26,9/7/2024 12:03
113,t4g6:113,t4g6,26.04;55.01;27,9/7/2024 12:03
114,t4g6:113,t4g6,25.90;55.06;27,9/7/2024 12:03
115,t4g6:113,t4g6,26.08;55.86;26,9/7/2024 12:04
116,t4g6:113,t4g6,26.22;54.70;27,9/7/2024 12:04
117,t4g6:113,t4g6,26.36;54.01;27,9/7/2024 12:04
118,t4g6:113,t4g6,26.45;54.04;26,9/7/2024 12:04
119,t4g6:113,t4g6,26.52;53.54;27,9/7/2024 12:05
120,t4g6:113,t4g6,26.60;53.65;26,9/7/2024 12:05
121,t4g6:113,t4g6,26.56;53.64;26,9/7/2024 12:05
122,t4g6:113,t4g6,26.62;53.84;26,9/7/2024 12:05
123,t4g6:113,t4g6,26.65;53.35;27,9/7/2024 12:06
124,t4g6:113,t4g6,26.63;53.22;27,9/7/2024 12:06
125,t4g6:113,t4g6,26.55;53.71;26,9/7/2024 12:06
126,t4g6:113,t4g6,26.82;54.76;27,9/7/2024 12:06
127,t4g6:113,t4g6,26.27;54.34;26,9/7/2024 12:07
128,t4g6:113,t4g6,25.44;55.49;26,9/7/2024 12:07
129,t4g6:113,t4g6,24.92;56.81;27,9/7/2024 12:07
130,t4g6:113,t4g6,24.72;57.73;27,9/7/2024 12:07
131,t4g6:113,t4g6,24.82;58.24;26,9/7/2024 12:08
132,t4g6:113,t4g6,24.69;58.47;27,9/7/2024 12:08
133,t4g6:113,t4g6,24.52;59.28;27,9/7/2024 12:08
134,t4g6:113,t4g6,24.39;58.91;27,9/7/2024 12:08
135,t4g6:113,t4g6,24.35;59.21;27,9/7/2024 12:09
136,t4g6:113,t4g6,24.31;59.48;27,9/7/2024 12:09
137,t4g6:113,t4g6,24.27;59.84;26,9/7/2024 12:09
138,t4g6:113,t4g6,24.27;60.13;27,9/7/2024 12:09
139,t4g6:113,t4g6,24.24;59.95;27,9/7/2024 12:10
140,t4g6:113,t4g6,24.20;59.92;27,9/7/2024 12:10
141,t4g6:113,t4g6,24.21;59.96;26,9/7/2024 12:10
142,t4g6:113,t4g6,24.20;60.13;21,9/7/2024 12:12
143,t4g6:113,t4g6,24.13;60.12;27,9/7/2024 12:12
144,t4g6:113,t4g6,24.23;60.25;27,9/7/2024 12:12
145,t4g6:113,t4g6,24.41;59.80;27,9/7/2024 12:13
146,t4g6:113,t4g6,24.35;59.66;27,9/7/2024 12:13
147,t4g6:113,t4g6,24.25;60.29;27,9/7/2024 12:13
148,t4g6:113,t4g6,24.24;60.46;28,9/7/2024 12:13
149,t4g6:113,t4g6,24.21;60.45;27,9/7/2024 12:14
150,t4g6:113,t4g6,24.30;60.70;28,9/7/2024 12:14
151,t4g6:113,t4g6,24.27;60.55;28,9/7/2024 12:14
152,t4g6:113,t4g6,24.20;60.28;28,9/7/2024 12:14
153,t4g6:113,t4g6,24.21;60.45;27,9/7/2024 12:15
154,t4g6:113,t4g6,24.28;60.26;28,9/7/2024 12:15
155,t4g6:113,t4g6,24.38;59.94;27,9/7/2024 12:15
156,t4g6:113,t4g6,24.35;59.90;27,9/7/2024 12:15
157,t4g6:113,t4g6,24.32;59.93;27,9/7/2024 12:16
158,t4g6:113,t4g6,26.8;54.5;20,9/7/2024 12:16
159,t4g6:113,t4g6,26.3;54.2;27,9/7/2024 12:16
160,t4g6:113,t4g6,25.9;55.0;27,9/7/2024 12:17
161,t4g6:113,t4g6,25.6;55.6;27,9/7/2024 12:17
162,t4g6:113,t4g6,25.5;56.0;27,9/7/2024 12:17
163,t4g6:113,t4g6,25.3;56.4;27,9/7/2024 12:17
164,t4g6:113,t4g6,25.2;56.7;27,9/7/2024 12:18
165,t4g6:113,t4g6,25.0;57.1;27,9/7/2024 12:18
166,t4g6:113,t4g6,25.1;57.7;27,9/7/2024 12:18
167,t4g6:113,t4g6,25.0;57.4;27,9/7/2024 12:18
168,t4g6:113,t4g6,25.0;57.3;27,9/7/2024 12:19
169,t4g6:113,t4g6,25.0;57.4;27,9/7/2024 12:19
170,t4g6:113,t4g6,25.0;57.3;27,9/7/2024 12:19
171,t4g6:113,t4g6,25.0;57.5;27,9/7/2024 12:19
172,t4g6:11324.9;57.2;20,t4g6,nan,9/7/2024 12:20
173,t4g6:11325.1;57.0;27,t4g6,nan,9/7/2024 12:20
174,t4g6:11325.0;57.5;27,t4g6,nan,9/7/2024 12:21
175,t4g6:11325.0;57.2;27,t4g6,nan,9/7/2024 12:21
176,t4g6:11325.0;57.0;27,t4g6,nan,9/7/2024 12:21
177,t4g6:11325.1;56.9;27,t4g6,nan,9/7/2024 12:21
178,t4g6:11325.1;56.8;27,t4g6,nan,9/7/2024 12:22
179,t4g6:11325.0;57.1;27,t4g6,nan,9/7/2024 12:22
180,t4g6:11325.0;57.1;27,t4g6,nan,9/7/2024 12:22
181,t4g6:11325.1;57.0;27,t4g6,nan,9/7/2024 12:22
182,t4g6:11325.1;57.1;27,t4g6,nan,9/7/2024 12:23
183,t4g6:11325.0;57.3;27,t4g6,nan,9/7/2024 12:23
184,t4g6:11325.1;57.0;27,t4g6,nan,9/7/2024 12:23
185,t4g6:11325.1;57.1;27,t4g6,nan,9/7/2024 12:23
186,t4g6:11325.1;57.1;27,t4g6,nan,9/7/2024 12:24
187,t4g6:11325.1;57.0;27,t4g6,nan,9/7/2024 12:24
188,t4g6:11325.1;57.2;27,t4g6,nan,9/7/2024 12:24
189,t4g6:11325.1;57.2;27,t4g6,nan,9/7/2024 12:24
190,t4g6:11325.1;57.2;27,t4g6,nan,9/7/2024 12:25
191,24.9;58.4;20,t4g6,nan,9/7/2024 12:25
192,25.1;57.8;27,t4g6,nan,9/7/2024 12:25
193,25.3;57.3;27,t4g6,nan,9/7/2024 12:26
194,25.4;56.7;27,t4g6,nan,9/7/2024 12:26
195,25.4;56.6;27,t4g6,nan,9/7/2024 12:26
196,25.6;56.4;27,t4g6,nan,9/7/2024 12:26
197,25.7;55.9;27,t4g6,nan,9/7/2024 12:27
198,25.8;55.4;27,t4g6,nan,9/7/2024 12:27
199,t4g6:113;26.1;54.8;20,t4g6,nan,9/7/2024 12:27
200,t4g6:113;26.2;55.1;26,t4g6,nan,9/7/2024 12:28
201,t4g6:113;26.2;55.0;27,t4g6,nan,9/7/2024 12:28
202,t4g6:113;26.1;54.7;27,t4g6,nan,9/7/2024 12:28
203,t4g6:113;26.1;54.7;26,t4g6,nan,9/7/2024 12:28
204,t4g6:113;26.2;54.6;27,t4g6,nan,9/7/2024 12:29
205,t4g6:113;26.2;54.6;27,t4g6,nan,9/7/2024 12:29
206,t4g6:113;26.1;54.5;27,t4g6,nan,9/7/2024 12:29
207,t4g6:113;26.2;54.8;27,t4g6,nan,9/7/2024 12:29
208,t4g6:113;26.3;54.7;27,t4g6,nan,9/7/2024 12:30
209,t4g6:113;26.3;54.4;27,t4g6,nan,9/7/2024 12:30
210,t4g6:113;26.2;54.2;27,t4g6,nan,9/7/2024 12:30
211,t4g6:113;26.2;54.5;27,t4g6,nan,9/7/2024 12:30
212,t4g6:113;26.2;54.5;26,t4g6,nan,9/7/2024 12:31
213,t4g6:113;26.3;54.4;27,t4g6,nan,9/7/2024 12:31
214,t4g6:113;26.4;54.0;27,t4g6,nan,9/7/2024 12:31
215,t4g6:113;26.3;53.7;27,t4g6,nan,9/7/2024 12:31
216,t4g6:113;26.4;53.6;27,t4g6,nan,9/7/2024 12:32
217,t4g6:113;26.5;53.4;26,t4g6,nan,9/7/2024 12:32
218,t4g6:113;26.5;53.3;27,t4g6,nan,9/7/2024 12:32
219,t4g6:113;26.4;53.3;26,t4g6,nan,9/7/2024 12:32
220,t4g6:113;26.5;53.4;27,t4g6,nan,9/7/2024 12:33
221,t4g6:113;26.5;53.3;26,t4g6,nan,9/7/2024 12:33
222,t4g6:113;26.5;53.5;27,t4g6,nan,9/7/2024 12:33
223,t4g6:113;26.5;53.1;27,t4g6,nan,9/7/2024 12:33
224,t4g6:113;26.6;52.9;27,t4g6,nan,9/7/2024 12:34
225,t4g6:113;26.4;53.1;27,t4g6,nan,9/7/2024 12:34
226,t4g6:113;26.4;53.1;27,t4g6,nan,9/7/2024 12:34
227,t4g6:113;26.5;53.7;27,t4g6,nan,9/7/2024 12:34
228,t4g6:113;26.5;53.3;27,t4g6,nan,9/7/2024 12:35
229,t4g6:113;26.4;53.4;27,t4g6,nan,9/7/2024 12:35
230,t4g6:113;26.4;53.8;20,t4g6,nan,9/7/2024 12:36
231,t4g6:113;26.5;53.9;27,t4g6,nan,9/7/2024 12:36
232,t4g6:113;26.3;53.3;27,t4g6,nan,9/7/2024 12:36
233,t4g6:113;26.6;53.1;19,t4g6,nan,9/7/2024 12:37
234,t4g6:113;26.5;53.1;27,t4g6,nan,9/7/2024 12:37
235,t4g6:113;26.5;53.2;20,t4g6,nan,9/7/2024 12:38
236,t4g6:113;26.6;53.0;27,t4g6,nan,9/7/2024 12:38
237,t4g6:113;26.7;52.9;27,t4g6,nan,9/7/2024 12:38
238,t4g6:113;26.1;53.8;20,t4g6,nan,9/7/2024 12:39
239,t4g6:113;25.8;54.9;27,t4g6,nan,9/7/2024 12:39
240,t4g6:113;25.6;55.7;27,t4g6,nan,9/7/2024 12:39
241,t4g6:113;25.4;56.0;27,t4g6,nan,9/7/2024 12:39
242,t4g6:113;25.3;56.3;27,t4g6,nan,9/7/2024 12:40
243,t4g6:113;25.3;56.5;27,t4g6,nan,9/7/2024 12:40
244,t4g6:113;25.2;56.3;27,t4g6,nan,9/7/2024 12:40
245,t4g6:113;25.2;56.3;27,t4g6,nan,9/7/2024 12:40
246,t4g6:113;25.1;56.9;27,t4g6,nan,9/7/2024 12:41
247,t4g6:113;25.4;56.6;27,t4g6,nan,9/7/2024 12:41
248,t4g6:113;25.6;56.0;27,t4g6,nan,9/7/2024 12:41
249,t4g6:113;25.7;55.3;27,t4g6,nan,9/7/2024 12:41
250,t4g6:113;25.7;55.2;27,t4g6,nan,9/7/2024 12:42
251,t4g6:113;25.6;55.4;27,t4g6,nan,9/7/2024 12:42
252,t4g6:113;25.5;55.8;27,t4g6,nan,9/7/2024 12:42
253,t4g6:113;25.5;55.7;27,t4g6,nan,9/7/2024 12:42
254,t4g6:113;25.5;55.7;27,t4g6,nan,9/7/2024 12:43
255,t4g6:113;25.5;55.9;27,t4g6,nan,9/7/2024 12:43
256,t4g6:113;25.4;56.0;27,t4g6,nan,9/7/2024 12:43
257,t4g6:113;25.3;56.3;27,t4g6,nan,9/7/2024 12:43
258,t4g6:113;25.5;56.1;27,t4g6,nan,9/7/2024 12:44
259,t4g6:113;25.3;56.1;20,t4g6,nan,9/7/2024 12:44
260,t4g6:113;24.9;56.9;27,t4g6,nan,9/7/2024 12:45
261,t4g6:113;24.9;57.3;27,t4g6,nan,9/7/2024 12:45
262,t4g6:113;24.6;58.0;27,t4g6,nan,9/7/2024 12:45
263,t4g6:113;24.5;58.4;27,t4g6,nan,9/7/2024 12:45
264,t4g6:113;24.4;58.8;27,t4g6,nan,9/7/2024 12:46
265,t4g6:113;24.3;58.7;27,t4g6,nan,9/7/2024 12:46
266,t4g6:113;24.3;59.0;27,t4g6,nan,9/7/2024 12:46
267,t4g6:113;24.1;59.6;27,t4g6,nan,9/7/2024 12:46
268,t4g6:113;24.0;59.7;27,t4g6,nan,9/7/2024 12:47
269,t4g6:113;23.9;60.4;27,t4g6,nan,9/7/2024 12:47
270,t4g6:113;23.8;60.5;27,t4g6,nan,9/7/2024 12:47
271,t4g6:113;23.8;60.7;27,t4g6,nan,9/7/2024 12:47
272,t4g6:113;23.7;60.7;27,t4g6,nan,9/7/2024 12:48
273,t4g6:113;23.6;60.7;27,t4g6,nan,9/7/2024 12:48
274,t4g6:113;23.5;60.9;27,t4g6,nan,9/7/2024 12:48
275,t4g6:113;23.5;61.1;27,t4g6,nan,9/7/2024 12:48
276,t4g6:113;23.4;61.2;27,t4g6,nan,9/7/2024 12:49
277,t4g6:113;23.4;61.3;26,t4g6,nan,9/7/2024 12:49
278,t4g6:113;23.4;61.5;27,t4g6,nan,9/7/2024 12:49
279,t4g6:113;23.3;61.6;27,t4g6,nan,9/7/2024 12:49
280,t4g6:113;23.3;61.8;27,t4g6,nan,9/7/2024 12:50
281,t4g6:113;23.2;62.0;27,t4g6,nan,9/7/2024 12:50
282,t4g6:113;23.2;61.8;27,t4g6,nan,9/7/2024 12:50
283,t4g6:113;23.2;61.8;27,t4g6,nan,9/7/2024 12:50
284,t4g6:113;23.1;61.8;27,t4g6,nan,9/7/2024 12:51
285,t4g6:113;23.1;61.9;27,t4g6,nan,9/7/2024 12:51
286,t4g6:113;23.1;61.9;27,t4g6,nan,9/7/2024 12:51
287,t4g6:113;23.1;62.0;27,t4g6,nan,9/7/2024 12:51
288,t4g6:113;23.0;62.0;27,t4g6,nan,9/7/2024 12:52
289,t4g6:113;23.0;62.1;27,t4g6,nan,9/7/2024 12:52
290,t4g6:113;23.0;62.2;27,t4g6,nan,9/7/2024 12:52
291,t4g6:113;23.0;62.3;26,t4g6,nan,9/7/2024 12:52
292,t4g6:113;23.0;62.3;27,t4g6,nan,9/7/2024 12:53
293,t4g6:113;23.0;62.2;27,t4g6,nan,9/7/2024 12:53
294,t4g6:113;23.0;62.3;27,t4g6,nan,9/7/2024 12:53
295,t4g6:113;23.0;62.4;27,t4g6,nan,9/7/2024 12:53
296,t4g6:113;23.0;62.5;27,t4g6,nan,9/7/2024 12:54
297,t4g6:113;23.0;62.3;27,t4g6,nan,9/7/2024 12:54
298,t4g6:113;23.0;62.3;27,t4g6,nan,9/7/2024 12:54
299,t4g6:113;23.0;62.4;27,t4g6,nan,9/7/2024 12:54
300,t4g6:113;23.0;62.2;27,t4g6,nan,9/7/2024 12:55
301,t4g6:113;22.9;62.1;27,t4g6,nan,9/7/2024 12:55
302,t4g6:113;22.9;62.3;27,t4g6,nan,9/7/2024 12:55
303,t4g6:113;22.9;62.2;27,t4g6,nan,9/7/2024 12:55
304,t4g6:113;22.9;62.3;27,t4g6,nan,9/7/2024 12:56
305,t4g6:113;22.9;62.3;27,t4g6,nan,9/7/2024 12:56
306,t4g6:113;22.9;62.4;27,t4g6,nan,9/7/2024 12:56
307,t4g6:113;22.9;62.4;27,t4g6,nan,9/7/2024 12:56
308,t4g6:113;22.9;62.3;27,t4g6,nan,9/7/2024 12:57
309,t4g6:113;22.9;62.4;27,t4g6,nan,9/7/2024 12:57
310,t4g6:113;22.9;62.4;27,t4g6,nan,9/7/2024 12:57
311,t4g6:113;22.8;62.4;27,t4g6,nan,9/7/2024 12:57
312,t4g6:113;22.9;62.3;27,t4g6,nan,9/7/2024 12:58
313,t4g6:113;22.8;62.2;27,t4g6,nan,9/7/2024 12:58
314,t4g6:113;22.8;62.3;27,t4g6,nan,9/7/2024 12:58
315,t4g6:113;22.8;62.3;27,t4g6,nan,9/7/2024 12:58
316,t4g6:113;22.8;62.3;27,t4g6,nan,9/7/2024 12:59
317,t4g6:113;22.8;62.4;27,t4g6,nan,9/7/2024 12:59
318,t4g6:113;22.8;62.5;27,t4g6,nan,9/7/2024 12:59
319,t4g6:113;22.8;62.4;27,t4g6,nan,9/7/2024 12:59
320,t4g6:113;22.8;62.3;27,t4g6,nan,9/7/2024 13:00
321,t4g6:113;22.8;62.4;27,t4g6,nan,9/7/2024 13:00
322,t4g6:113;22.8;62.3;27,t4g6,nan,9/7/2024 13:00
323,t4g6:113;22.8;62.3;27,t4g6,nan,9/7/2024 13:00
324,t4g6:113;22.8;62.2;27,t4g6,nan,9/7/2024 13:01
325,t4g6:113;22.8;62.4;27,t4g6,nan,9/7/2024 13:01
326,t4g6:113;22.8;62.3;27,t4g6,nan,9/7/2024 13:01
327,t4g6:113;22.8;62.1;27,t4g6,nan,9/7/2024 13:01
328,t4g6:113;22.8;62.1;27,t4g6,nan,9/7/2024 13:02
329,t4g6:113;22.8;62.4;27,t4g6,nan,9/7/2024 13:02
330,t4g6:113;22.8;62.3;27,t4g6,nan,9/7/2024 13:02
331,t4g6:113;22.7;62.2;27,t4g6,nan,9/7/2024 13:02
332,t4g6:113;22.7;62.2;27,t4g6,nan,9/7/2024 13:03
333,t4g6:113;22.7;62.3;27,t4g6,nan,9/7/2024 13:03
334,t4g6:113;22.7;62.2;27,t4g6,nan,9/7/2024 13:03
335,t4g6:113;22.7;62.1;27,t4g6,nan,9/7/2024 13:03
336,t4g6:113;22.7;62.3;27,t4g6,nan,9/7/2024 13:04
337,t4g6:113;22.7;62.3;27,t4g6,nan,9/7/2024 13:04
338,t4g6:113;22.7;62.3;27,t4g6,nan,9/7/2024 13:04
339,t4g6:113;22.7;62.2;27,t4g6,nan,9/7/2024 13:04
340,t4g6:113;22.7;62.3;27,t4g6,nan,9/7/2024 13:05
341,t4g6:113;22.7;62.4;27,t4g6,nan,9/7/2024 13:05
342,t4g6:113;22.7;62.6;27,t4g6,nan,9/7/2024 13:05
343,t4g6:113;22.7;62.7;27,t4g6,nan,9/7/2024 13:05
344,t4g6:113;22.7;62.6;27,t4g6,nan,9/7/2024 13:06
345,t4g6:113;22.7;62.8;27,t4g6,nan,9/7/2024 13:06
346,t4g6:113;22.6;62.8;27,t4g6,nan,9/7/2024 13:06
347,22.6;65.3;20,t4g6,nan,9/7/2024 13:13
348,22.6;65.2;27,t4g6,nan,9/7/2024 13:13
349,22.6;65.1;27,t4g6,nan,9/7/2024 13:13
350,22.6;65.1;27,t4g6,nan,9/7/2024 13:14
351,22.6;65.1;27,t4g6,nan,9/7/2024 13:14
352,22.6;65.1;27,t4g6,nan,9/7/2024 13:14
353,22.6;65.1;27,t4g6,nan,9/7/2024 13:14
354,22.6;65.0;27,t4g6,nan,9/7/2024 13:15
355,22.6;65.1;27,t4g6,nan,9/7/2024 13:15
356,22.5;65.2;27,t4g6,nan,9/7/2024 13:15
357,22.5;65.2;27,t4g6,nan,9/7/2024 13:15
358,22.5;65.2;27,t4g6,nan,9/7/2024 13:16
359,22.5;65.2;27,t4g6,nan,9/7/2024 13:16
360,22.5;65.2;27,t4g6,nan,9/7/2024 13:16
361,22.5;65.1;27,t4g6,nan,9/7/2024 13:16
362,22.5;65.3;27,t4g6,nan,9/7/2024 13:17
363,t4g6:113,t4g6,22.55;65.15;21,9/7/2024 13:18
364,t4g6:113,t4g6,22.57;65.10;27,9/7/2024 13:18
365,t4g6:113,t4g6,22.57;65.01;28,9/7/2024 13:18
366,t4g6:113,t4g6,22.8;64.8;20,9/7/2024 13:19
367,t4g6:113,t4g6,22.9;64.2;27,9/7/2024 13:19
368,t4g6:113,t4g6,23.1;65.0;20,9/7/2024 13:20
369,t4g6:113,t4g6,23.1;78.7;27,9/7/2024 13:20
370,t4g6:107,t4g6,23.1;63.4;21,9/7/2024 13:21
371,t4g6:107,t4g6,22.8;63.6;20,9/7/2024 13:21
372,t4g6:107,t4g6,22.8;63.8;27,9/7/2024 13:22
373,t4g6:107,t4g6,22.8;65.8;28,9/7/2024 13:22
374,t4g6:107,t4g6,22.8;64.0;28,9/7/2024 13:22
375,t4g6:107,t4g6,22.8;63.8;27,9/7/2024 13:22
376,t4g6:107,t4g6,22.7;63.9;27,9/7/2024 13:23
377,t4g6:107,t4g6,22.7;63.8;27,9/7/2024 13:23
378,t4g6:107,t4g6,22.6;64.2;27,9/7/2024 13:23
379,t4g6:107,t4g6,22.6;64.0;27,9/7/2024 13:23
380,t4g6:107,t4g6,22.5;64.1;27,9/7/2024 13:24
381,t4g6:107,t4g6,22.5;71.1;27,9/7/2024 13:24
382,t4g6:107,t4g6,22.7;81.8;27,9/7/2024 13:24
383,t4g6:107,t4g6,22.6;68.0;27,9/7/2024 13:24
384,t4g6:107,t4g6,22.6;64.6;27,9/7/2024 13:25
385,t4g6:107,t4g6,22.6;65.0;27,9/7/2024 13:25
386,t4g6:107,t4g6,22.5;65.0;27,9/7/2024 13:25
387,t4g6:107,t4g6,22.5;65.0;27,9/7/2024 13:25
388,t4g6:107,t4g6,22.4;64.9;27,9/7/2024 13:26
389,t4g6:107,t4g6,22.4;65.4;27,9/7/2024 13:26
390,t4g6:107,t4g6,22.4;65.1;27,9/7/2024 13:26
391,t4g6:107,t4g6,22.4;65.1;27,9/7/2024 13:26
392,t4g6:107,t4g6,22.4;65.3;27,9/7/2024 13:27
393,t4g6:107,t4g6,22.4;65.8;27,9/7/2024 13:27
394,t4g6:107,t4g6,22.4;65.9;27,9/7/2024 13:27
395,t4g6:107,t4g6,22.5;65.6;27,9/7/2024 13:27
396,t4g6:113,t4g6,23.9;64.2;66,16/7/2024 11:54
397,t4g6:113,t4g6,23.7;64.8;72,16/7/2024 11:54
398,t4g6:113,t4g6,23.4;65.3;65,16/7/2024 11:55
399,t4g6:113,t4g6,23.1;68.0;60,16/7/2024 11:55
400,t4g6:113,t4g6,23.0;67.2;55,16/7/2024 11:55
401,t4g6:113,t4g6,22.7;68.7;36;Jun,16/7/2024 11:56
402,t4g6:113,t4g6,22.7;68.0;45;Jun,16/7/2024 11:56
403,t4g6:113,t4g6,22.6;68.6;42;Jun,16/7/2024 11:56
404,t4g6:113,t4g6,22.6;68.6;40;Jun,16/7/2024 11:57
405,t4g6:113,t4g6,22.5;68.5;38;Jun,16/7/2024 11:57
406,t4g6:113,t4g6,22.5;69.4;37;Jun,16/7/2024 11:57
407,t4g6:113,t4g6,22.5;69.8;36;Jun,16/7/2024 11:57
408,t4g6:113,t4g6,22.5;69.8;34;Jun,16/7/2024 11:58
409,t4g6:113,t4g6,22.4;70.0;34;Jun,16/7/2024 11:58
410,t4g6:113,t4g6,22.4;69.5;33;Jun,16/7/2024 11:58
411,t4g6:113,t4g6,22.4;69.3;31;Jun,16/7/2024 11:58
412,t4g6:113,t4g6,22.3;68.9;31;Jun,16/7/2024 11:59
413,t4g6:113,t4g6,22.3;70.0;30;Jun,16/7/2024 11:59
414,t4g6:113,t4g6,22.3;70.8;30;Jun,16/7/2024 11:59
415,t4g6:113,t4g6,22.3;70.3;29;Jun,16/7/2024 11:59
416,t4g6:113,t4g6,22.3;70.0;29;Jun,16/7/2024 12:00
417,t4g6:113,t4g6,22.3;70.2;29;Jun,16/7/2024 12:00
418,t4g6:113,t4g6,22.3;69.8;29;Jun,16/7/2024 12:00
419,t4g6:113,t4g6,22.3;69.4;29;Jun,16/7/2024 12:00
420,t4g6:113,t4g6,22.2;69.2;29;Jun,16/7/2024 12:01
421,t4g6:113,t4g6,22.3;69.3;28;Jun,16/7/2024 12:01
422,t4g6:113,t4g6,22.3;70.0;28;Jun,16/7/2024 12:01
423,t4g6:113,t4g6,22.3;70.5;28;Jun,16/7/2024 12:01
424,t4g6:113,t4g6,22.4;70.9;28;Jun,16/7/2024 12:02
425,t4g6:113,t4g6,22.3;70.3;28;Jun,16/7/2024 12:02
426,t4g6:113,t4g6,22.3;70.3;28;Jun,16/7/2024 12:02
427,t4g6:113,t4g6,22.3;69.4;27;Jun,16/7/2024 12:02
428,t4g6:113,t4g6,22.2;69.2;27;Jun,16/7/2024 12:03
429,t4g6:113,t4g6,22.3;69.4;27;Jun,16/7/2024 12:03
430,t4g6:113,t4g6,22.3;70.5;27;Jun,16/7/2024 12:03
431,t4g6:113,t4g6,22.3;69.5;27;Jun,16/7/2024 12:03
432,t4g6:113,t4g6,22.3;69.9;27;Jun,16/7/2024 12:04
433,t4g6:113,t4g6,22.1;70.4;29;Jun,16/7/2024 12:14
434,t4g6:113,t4g6,25.1;61.9;35;Jun,16/7/2024 12:32
435,t4g6:113,t4g6,25.0;61.3;35;Jun,16/7/2024 12:42
436,t4g6:113,t4g6,24.9;60.9;35;Jun,16/7/2024 12:52
437,t4g6:113,t4g6,25.0;60.3;37;Jun,16/7/2024 13:02
438,t4g6:113,t4g6,24.7;60.9;38;Jun,16/7/2024 13:12
439,t4g6:113,t4g6,24.9;59.9;38;Jun,16/7/2024 13:22
440,t4g6:113,t4g6,25.1;59.9;39;Jun,16/7/2024 13:32
441,t4g6:113,t4g6,25.2;60.9;39;Jun,16/7/2024 13:42
442,t4g6:113,t4g6,25.3;61.7;39;Jun,16/7/2024 13:52
443,t4g6:113,t4g6,25.5;61.6;41;Jun,16/7/2024 14:02
444,t4g6:113,t4g6,25.6;62.2;41;Jun,16/7/2024 14:12
445,t4g6:113,t4g6,25.6;61.8;41;Jun,16/7/2024 14:22
446,t4g6:113,t4g6,25.6;61.5;42;Jun,16/7/2024 14:32
447,t4g6:113,t4g6,25.5;62.2;42;Jun,16/7/2024 14:42
448,t4g6:113,t4g6,25.6;62.5;43;Jun,16/7/2024 14:52
449,t4g6:113,t4g6,25.6;62.1;42;Jun,16/7/2024 15:02
450,t4g6:113,t4g6,25.5;62.7;43;Jun,16/7/2024 15:12
451,t4g6:113,t4g6,25.4;62.9;43;Jun,16/7/2024 15:22
452,t4g6:113,t4g6,25.7;62.1;43;Jun,16/7/2024 15:32
453,t4g6:113,t4g6,25.6;62.1;43;Jun,16/7/2024 15:42
454,t4g6:113,t4g6,25.8;61.8;44;Jun,16/7/2024 15:52
455,t4g6:113,t4g6,25.8;62.1;44;Jun,16/7/2024 16:02
456,t4g6:113,t4g6,25.8;61.9;44;Jun,16/7/2024 16:12
457,t4g6:113,t4g6,26.0;61.7;44;Jun,16/7/2024 16:22
458,t4g6:113,t4g6,26.2;61.6;44;Jun,16/7/2024 16:32
459,t4g6:113,t4g6,26.2;62.0;44;Jun,16/7/2024 16:42
460,t4g6:113,t4g6,26.1;62.9;43;Jun,16/7/2024 16:52
461,t4g6:113,t4g6,25.8;63.2;43;Jun,16/7/2024 17:02
462,t4g6:113,t4g6,25.7;63.3;44;Jun,16/7/2024 17:12
463,t4g6:113,t4g6,25.7;62.8;44;Jun,16/7/2024 17:22
464,t4g6:113,t4g6,25.6;62.8;44;Jun,16/7/2024 17:32
465,t4g6:113,t4g6,25.7;62.5;45;Jun,16/7/2024 17:42
466,t4g6:113,t4g6,25.6;63.0;45;Jun,16/7/2024 17:52
467,t4g6:113,t4g6,25.5;63.6;45;Jun,16/7/2024 18:02
468,t4g6:113,t4g6,25.5;63.4;45;Jun,16/7/2024 18:12
469,t4g6:113,t4g6,25.2;63.8;46;Jun,16/7/2024 18:22
470,t4g6:113,t4g6,25.3;63.3;45;Jun,16/7/2024 18:32
471,t4g6:113,t4g6,25.2;62.6;45;Jun,16/7/2024 18:42
472,t4g6:113,t4g6,25.1;63.1;46;Jun,16/7/2024 18:52
473,t4g6:113,t4g6,25.0;63.1;46;Jun,16/7/2024 19:02
474,t4g6:113,t4g6,25.4;62.6;35;Jun,16/7/2024 19:12
475,t4g6:113,t4g6,25.6;63.0;46;Jun,16/7/2024 19:22
476,t4g6:113,t4g6,25.7;63.7;47;Jun,16/7/2024 19:32
477,t4g6:113,t4g6,25.8;64.2;46;Jun,16/7/2024 19:42
478,t4g6:113,t4g6,25.9;64.8;47;Jun,16/7/2024 19:52
479,t4g6:113,t4g6,25.9;65.8;45;Jun,16/7/2024 20:02
480,t4g6:113,t4g6,26.0;65.3;45;Jun,16/7/2024 20:12
481,t4g6:113,t4g6,26.0;66.0;44;Jun,16/7/2024 20:22
482,t4g6:113,t4g6,23.4;70.0;47;Jun,22/7/2024 16:06
483,t4g6:113,t4g6,23.4;70.1;59;Jun,22/7/2024 16:06
484,t4g6:113,t4g6,23.5;70.0;59;Jun,22/7/2024 16:06
485,t4g6:113,t4g6,26.7;61.7;61;Jun,22/7/2024 16:18
486,t4g6:113,t4g6,26.7;61.7;59;Jun,22/7/2024 16:28
487,t4g6:113,t4g6,26.6;62.0;59;Jun,22/7/2024 16:38
488,t4g6:113,t4g6,26.8;61.6;59;Jun,22/7/2024 16:48
489,t4g6:113,t4g6,26.7;61.9;58;Jun,22/7/2024 16:58
490,t4g6:113,t4g6,26.7;62.1;58;Jun,22/7/2024 17:08
491,t4g6:113,t4g6,26.8;62.0;58;Jun,22/7/2024 17:18
492,t4g6:113,t4g6,26.9;61.4;58;Jun,22/7/2024 17:28
493,t4g6:113,t4g6,26.8;62.3;57;Jun,22/7/2024 17:38
494,t4g6:113,t4g6,26.7;62.2;58;Jun,22/7/2024 17:48
495,t4g6:113,t4g6,26.6;62.1;56;Jun,22/7/2024 17:58
496,t4g6:113,t4g6,26.6;61.8;58;Jun,22/7/2024 18:08
497,t4g6:113,t4g6,26.5;62.5;58;Jun,22/7/2024 18:18
498,t4g6:113,t4g6,26.4;62.1;57;Jun,22/7/2024 18:28
499,t4g6:113,t4g6,26.3;62.0;58;Jun,22/7/2024 18:38
500,t4g6:113,t4g6,26.3;62.2;57;Jun,22/7/2024 18:48
501,t4g6:113,t4g6,26.2;62.7;59;Jun,22/7/2024 18:58
502,t4g6:113,t4g6,26.4;62.0;58;Jun,22/7/2024 19:08
503,t4g6:113,t4g6,26.7;62.8;58;Jun,22/7/2024 19:18
504,t4g6:113,t4g6,26.8;63.6;57;Jun,22/7/2024 19:28
505,t4g6:113,t4g6,26.9;64.6;56;Jun,22/7/2024 19:38
506,t4g6:113,t4g6,26.9;64.5;57;Jun,22/7/2024 19:48
507,t4g6:113,t4g6,27.0;64.8;56;Jun,22/7/2024 19:58
508,t4g6:113,t4g6,27.1;65.1;55;Jun,22/7/2024 20:08
509,t4g6:113,t4g6,27.1;66.6;56;Jun,22/7/2024 20:18
510,t4g6:113,t4g6,27.1;66.6;55;Jun,22/7/2024 20:28
511,t4g6:113,t4g6,27.2;66.9;55;Jun,22/7/2024 20:38
512,t4g6:113,t4g6,27.2;66.8;55;Jun,22/7/2024 20:48
513,t4g6:113,t4g6,27.2;66.9;56;Jun,22/7/2024 20:58
514,t4g6:113,t4g6,27.2;67.3;56;Jun,22/7/2024 21:08
515,t4g6:113,t4g6,27.2;68.0;55;Jun,22/7/2024 21:18
516,t4g6:113,t4g6,27.3;68.3;55;Jun,22/7/2024 21:28
517,t4g6:113,t4g6,27.3;68.8;56;Jun,22/7/2024 21:38
518,t4g6:113,t4g6,27.3;68.5;56;Jun,22/7/2024 21:48
519,t4g6:113,t4g6,27.3;68.8;56;Jun,22/7/2024 21:58
520,t4g6:113,t4g6,27.3;69.4;55;Jun,22/7/2024 22:08
521,t4g6:113,t4g6,27.3;69.4;55;Jun,22/7/2024 22:18
522,t4g6:113,t4g6,27.3;69.5;55;Jun,22/7/2024 22:28
523,t4g6:113,t4g6,27.3;69.4;56;Jun,22/7/2024 22:38
524,t4g6:113,t4g6,27.4;69.8;55;Jun,22/7/2024 22:48
525,t4g6:113,t4g6,27.3;70.1;55;Jun,22/7/2024 22:58
526,t4g6:113,t4g6,27.3;70.3;54;Jun,22/7/2024 23:08
527,t4g6:113,t4g6,27.3;70.3;55;Jun,22/7/2024 23:18
528,t4g6:113,t4g6,27.4;70.7;55;Jun,22/7/2024 23:28
529,t4g6:113,t4g6,27.3;71.2;61;Jun,22/7/2024 23:38
530,t4g6:113,t4g6,27.3;70.7;55;Jun,22/7/2024 23:48
531,t4g6:113,t4g6,27.3;71.6;54;Jun,22/7/2024 23:58
532,t4g6:113,t4g6,27.3;71.4;56;Jun,23/7/2024 0:08
533,t4g6:113,t4g6,27.3;72.0;56;Jun,23/7/2024 0:18
534,t4g6:113,t4g6,27.3;71.9;56;Jun,23/7/2024 0:28
535,t4g6:113,t4g6,27.3;71.8;55;Jun,23/7/2024 0:38
536,t4g6:113,t4g6,27.3;72.0;56;Jun,23/7/2024 0:48
537,t4g6:113,t4g6,27.3;72.5;55;Jun,23/7/2024 0:58
538,t4g6:113,t4g6,27.3;71.9;55;Jun,23/7/2024 1:08
539,t4g6:113,t4g6,27.3;72.7;55;Jun,23/7/2024 1:18
540,t4g6:113,t4g6,27.4;72.4;55;Jun,23/7/2024 1:28
541,t4g6:113,t4g6,27.4;72.9;55;Jun,23/7/2024 1:38
542,t4g6:113,t4g6,27.4;72.9;54;Jun,23/7/2024 1:48
543,t4g6:113,t4g6,27.4;73.0;56;Jun,23/7/2024 1:58
544,t4g6:113,t4g6,27.4;74.2;54;Jun,23/7/2024 2:08
545,t4g6:113,t4g6,27.4;74.3;54;Jun,23/7/2024 2:18
546,t4g6:113,t4g6,27.4;74.3;54;Jun,23/7/2024 2:28
547,t4g6:113,t4g6,27.4;74.2;54;Jun,23/7/2024 2:38
548,t4g6:113,t4g6,27.4;74.6;54;Jun,23/7/2024 2:48
549,t4g6:113,t4g6,27.4;75.0;54;Jun,23/7/2024 2:58
550,t4g6:113,t4g6,27.4;74.6;54;Jun,23/7/2024 3:08
551,t4g6:113,t4g6,27.4;74.2;54;Jun,23/7/2024 3:18
552,t4g6:113,t4g6,27.4;75.0;53;Jun,23/7/2024 3:28
553,t4g6:113,t4g6,27.4;74.3;54;Jun,23/7/2024 3:38
554,t4g6:113,t4g6,27.4;75.1;54;Jun,23/7/2024 3:48
555,t4g6:113,t4g6,27.4;74.4;54;Jun,23/7/2024 3:58
556,t4g6:113,t4g6,27.4;75.2;53;Jun,23/7/2024 4:08
557,t4g6:113,t4g6,27.4;75.2;54;Jun,23/7/2024 4:18
558,t4g6:113,t4g6,27.4;75.4;55;Jun,23/7/2024 4:28
559,t4g6:113,t4g6,27.4;75.6;54;Jun,23/7/2024 4:38
560,t4g6:113,t4g6,27.4;75.7;56;Jun,23/7/2024 4:48
561,t4g6:113,t4g6,27.4;75.9;54;Jun,23/7/2024 4:58
562,t4g6:113,t4g6,27.4;75.4;55;Jun,23/7/2024 5:08
563,t4g6:113,t4g6,27.4;76.1;54;Jun,23/7/2024 5:18
564,t4g6:113,t4g6,27.4;75.9;53;Jun,23/7/2024 5:28
565,t4g6:113,t4g6,27.4;75.8;55;Jun,23/7/2024 5:38
566,t4g6:113,t4g6,27.4;76.7;53;Jun,23/7/2024 5:48
567,t4g6:113,t4g6,27.4;76.4;51;Jun,23/7/2024 5:58
568,t4g6:113,t4g6,27.4;76.5;53;Jun,23/7/2024 6:08
569,t4g6:113,t4g6,27.4;76.7;53;Jun,23/7/2024 6:18
570,t4g6:113,t4g6,27.4;77.3;54;Jun,23/7/2024 6:28
571,t4g6:113,t4g6,27.1;73.8;53;Jun,23/7/2024 6:38
572,t4g6:113,t4g6,26.7;72.6;56;Jun,23/7/2024 6:48
573,t4g6:113,t4g6,26.5;70.4;58;Jun,23/7/2024 6:58
574,t4g6:113,t4g6,26.4;69.3;59;Jun,23/7/2024 7:08
575,t4g6:113,t4g6,26.2;68.4;60;Jun,23/7/2024 7:18
576,t4g6:113,t4g6,26.1;67.1;59;Jun,23/7/2024 7:28
577,t4g6:113,t4g6,25.9;66.5;61;Jun,23/7/2024 7:38
578,t4g6:113,t4g6,25.7;65.7;61;Jun,23/7/2024 7:48
579,t4g6:113,t4g6,25.6;64.3;61;Jun,23/7/2024 7:58
580,t4g6:113,t4g6,25.5;63.4;60;Jun,23/7/2024 8:08
581,t4g6:113,t4g6,25.4;62.2;60;Jun,23/7/2024 8:18
582,t4g6:113,t4g6,25.1;61.9;60;Jun,23/7/2024 8:28
583,t4g6:113,t4g6,25.2;60.4;60;Jun,23/7/2024 8:38
584,t4g6:113,t4g6,25.1;60.0;60;Jun,23/7/2024 8:48
585,t4g6:113,t4g6,25.0;59.5;60;Jun,23/7/2024 8:58
586,t4g6:113,t4g6,25.0;59.1;60;Jun,23/7/2024 9:08
587,t4g6:113,t4g6,24.8;59.0;60;Jun,23/7/2024 9:18
588,t4g6:113,t4g6,24.9;58.5;60;Jun,23/7/2024 9:28
589,t4g6:113,t4g6,24.8;58.8;61;Jun,23/7/2024 9:38
590,t4g6:113,t4g6,24.8;58.8;60;Jun,23/7/2024 9:48
591,t4g6:113,t4g6,24.9;59.0;59;Jun,23/7/2024 9:58
592,t4g6:113,t4g6,24.9;59.4;57;Jun,23/7/2024 10:08
593,t4g6:113,t4g6,25.0;59.4;58;Jun,23/7/2024 10:18
594,t4g6:113,t4g6,25.1;59.8;56;Jun,23/7/2024 10:28
595,t4g6:113,t4g6,25.1;59.9;59;Jun,23/7/2024 10:38
596,t4g6:113,t4g6,25.3;60.3;59;Jun,23/7/2024 10:48
597,t4g6:113,t4g6,25.2;60.2;58;Jun,23/7/2024 10:58
598,t4g6:113,t4g6,25.2;60.4;57;Jun,23/7/2024 11:08
599,t4g6:113,t4g6,25.4;59.9;58;Jun,23/7/2024 11:18
600,t4g6:113,t4g6,25.5;60.2;58;Jun,23/7/2024 11:28
601,t4g6:113,t4g6,25.5;59.7;59;Jun,23/7/2024 11:38
602,t4g6:113,t4g6,25.5;60.2;59;Jun,23/7/2024 11:48
603,t4g6:113,t4g6,25.6;60.2;59;Jun,23/7/2024 11:58
604,t4g6:113,t4g6,25.6;60.5;59;Jun,23/7/2024 12:08
605,t4g6:113,t4g6,25.6;60.6;59;Jun,23/7/2024 12:18
606,t4g6:113,t4g6,25.7;60.8;61;Jun,23/7/2024 12:28
607,t4g6:113,t4g6,25.7;59.3;61;Jun,23/7/2024 12:38
608,t4g6:113,t4g6,25.8;60.0;61;Jun,23/7/2024 12:48
609,t4g6:113,t4g6,25.9;60.3;60;Jun,23/7/2024 12:58
610,t4g6:113,t4g6,25.9;60.2;58;Jun,23/7/2024 13:08
611,t4g6:113,t4g6,25.9;60.1;58;Jun,23/7/2024 13:18
612,t4g6:113,t4g6,26.1;61.2;58;Jun,23/7/2024 13:28
613,t4g6:113,t4g6,26.0;60.6;59;Jun,23/7/2024 13:38
614,t4g6:113,t4g6,26.3;61.1;59;Jun,23/7/2024 13:48
615,t4g6:113,t4g6,26.5;61.7;59;Jun,23/7/2024 13:58
616,t4g6:113,t4g6,26.5;61.0;59;Jun,23/7/2024 14:08
617,t4g6:113,t4g6,26.5;61.3;59;Jun,23/7/2024 14:18
618,t4g6:113,t4g6,26.5;60.6;61;Jun,23/7/2024 14:28
619,t4g6:113,t4g6,26.7;60.7;59;Jun,23/7/2024 14:38
620,t4g6:113,t4g6,26.8;60.2;59;Jun,23/7/2024 14:48
621,t4g6:113,t4g6,26.7;61.7;59;Jun,23/7/2024 14:58
622,t4g6:113,t4g6,26.9;61.4;58;Jun,23/7/2024 15:08
623,t4g6:113,t4g6,27.0;60.5;59;Jun,23/7/2024 15:18
624,t4g6:113,t4g6,27.1;61.0;58;Jun,23/7/2024 15:29
625,t4g6:113,t4g6,27.1;59.9;58;Jun,23/7/2024 15:39
626,t4g6:113,t4g6,27.3;60.7;58;Jun,23/7/2024 15:49
627,t4g6:113,t4g6,27.4;60.7;59;Jun,23/7/2024 15:59
628,t4g6:113,t4g6,27.6;60.7;59;Jun,23/7/2024 16:09
629,t4g6:113,t4g6,27.5;61.1;59;Jun,23/7/2024 16:19
630,t4g6:113,t4g6,27.6;61.0;59;Jun,23/7/2024 16:29
631,t4g6:113,t4g6,27.7;60.4;61;Jun,23/7/2024 16:39
632,t4g6:113,t4g6,27.7;60.7;59;Jun,23/7/2024 16:49
633,t4g6:113,t4g6,27.7;60.6;61;Jun,23/7/2024 16:59
634,t4g6:113,t4g6,27.4;61.1;60;Jun,23/7/2024 17:09
635,t4g6:113,t4g6,27.5;61.2;60;Jun,23/7/2024 17:19
636,t4g6:113,t4g6,27.6;60.9;59;Jun,23/7/2024 17:29
637,t4g6:113,t4g6,27.4;61.4;60;Jun,23/7/2024 17:39
638,t4g6:113,t4g6,27.3;61.3;59;Jun,23/7/2024 17:49
639,t4g6:113,t4g6,27.1;61.5;60;Jun,23/7/2024 17:59
640,t4g6:113,t4g6,27.0;61.4;60;Jun,23/7/2024 18:09
641,t4g6:113,t4g6,26.8;62.1;59;Jun,23/7/2024 18:19
642,t4g6:113,t4g6,26.6;61.9;59;Jun,23/7/2024 18:29
643,t4g6:113,t4g6,26.5;62.0;60;Jun,23/7/2024 18:39
644,t4g6:113,t4g6,26.2;61.8;59;Jun,23/7/2024 18:49
645,t4g6:113,t4g6,26.1;61.5;60;Jun,23/7/2024 18:59
646,t4g6:113,t4g6,26.5;60.7;59;Jun,23/7/2024 19:09
647,t4g6:113,t4g6,26.8;60.9;59;Jun,23/7/2024 19:19
648,t4g6:113,t4g6,26.9;61.8;58;Jun,23/7/2024 19:29
649,t4g6:113,t4g6,27.0;62.9;58;Jun,23/7/2024 19:39
650,t4g6:113,t4g6,27.1;63.5;57;Jun,23/7/2024 19:49
651,t4g6:113,t4g6,27.1;64.1;57;Jun,23/7/2024 19:59
652,t4g6:113,t4g6,27.2;64.4;56;Jun,23/7/2024 20:09
653,t4g6:113,t4g6,27.2;65.4;57;Jun,23/7/2024 20:19
654,t4g6:113,t4g6,27.2;65.7;55;Jun,23/7/2024 20:29
655,t4g6:113,t4g6,27.3;66.2;55;Jun,23/7/2024 20:39
656,t4g6:113,t4g6,27.3;67.7;54;Jun,23/7/2024 20:49
657,t4g6:113,t4g6,27.3;67.7;53;Jun,23/7/2024 20:59
658,t4g6:113,t4g6,27.3;68.8;54;Jun,23/7/2024 21:09
659,t4g6:113,t4g6,27.4;69.3;52;Jun,23/7/2024 21:19
660,t4g6:113,t4g6,27.3;68.6;53;Jun,23/7/2024 21:29
661,t4g6:113,t4g6,27.3;69.4;53;Jun,23/7/2024 21:39
662,t4g6:113,t4g6,27.3;69.1;53;Jun,23/7/2024 21:49
663,t4g6:113,t4g6,27.4;70.0;53;Jun,23/7/2024 21:59
664,t4g6:113,t4g6,27.4;70.2;53;Jun,23/7/2024 22:09
665,t4g6:113,t4g6,27.4;71.7;53;Jun,23/7/2024 22:19
666,t4g6:113,t4g6,27.4;70.5;51;Jun,23/7/2024 22:29
667,t4g6:113,t4g6,27.4;71.0;52;Jun,23/7/2024 22:39
668,t4g6:113,t4g6,27.4;71.8;50;Jun,23/7/2024 22:49
669,t4g6:113,t4g6,27.4;72.0;53;Jun,23/7/2024 22:59
670,t4g6:113,t4g6,27.4;71.5;51;Jun,23/7/2024 23:09
671,t4g6:113,t4g6,27.4;71.5;52;Jun,23/7/2024 23:19
672,t4g6:113,t4g6,27.4;72.7;53;Jun,23/7/2024 23:29
673,t4g6:113,t4g6,27.5;72.9;52;Jun,23/7/2024 23:39
674,t4g6:113,t4g6,27.4;72.0;53;Jun,23/7/2024 23:49
675,t4g6:113,t4g6,27.4;73.5;52;Jun,23/7/2024 23:59
676,t4g6:113,t4g6,27.4;72.5;50;Jun,24/7/2024 0:09
677,t4g6:113,t4g6,27.4;72.7;52;Jun,24/7/2024 0:19
678,t4g6:113,t4g6,27.4;72.7;53;Jun,24/7/2024 0:29
679,t4g6:113,t4g6,27.4;72.6;50;Jun,24/7/2024 0:39
680,t4g6:113,t4g6,27.4;73.8;53;Jun,24/7/2024 0:49
681,t4g6:113,t4g6,27.4;73.2;53;Jun,24/7/2024 0:59
682,t4g6:113,t4g6,27.4;73.8;53;Jun,24/7/2024 1:09
683,t4g6:113,t4g6,27.4;73.8;53;Jun,24/7/2024 1:19
684,t4g6:113,t4g6,27.4;73.9;51;Jun,24/7/2024 1:29
685,t4g6:113,t4g6,27.4;74.2;52;Jun,24/7/2024 1:39
686,t4g6:113,t4g6,27.4;74.6;53;Jun,24/7/2024 1:49
687,t4g6:113,t4g6,27.4;74.3;52;Jun,24/7/2024 1:59
688,t4g6:113,t4g6,27.4;74.1;52;Jun,24/7/2024 2:09
689,t4g6:113,t4g6,27.4;75.0;52;Jun,24/7/2024 2:19
690,t4g6:113,t4g6,27.4;74.3;52;Jun,24/7/2024 2:29
691,t4g6:113,t4g6,27.4;74.4;53;Jun,24/7/2024 2:39
692,t4g6:113,t4g6,27.4;74.6;26;Jun,24/7/2024 2:49
693,t4g6:113,t4g6,27.4;75.0;52;Jun,24/7/2024 2:59
694,t4g6:113,t4g6,27.4;74.8;53;Jun,24/7/2024 3:09
695,t4g6:113,t4g6,27.4;74.7;58;Jun,24/7/2024 3:19
696,t4g6:113,t4g6,27.4;74.5;52;Jun,24/7/2024 3:29
697,t4g6:113,t4g6,27.4;75.1;52;Jun,24/7/2024 3:39
698,t4g6:113,t4g6,27.4;75.1;53;Jun,24/7/2024 3:49
699,t4g6:113,t4g6,27.4;75.2;53;Jun,24/7/2024 3:59
700,t4g6:113,t4g6,27.4;74.8;53;Jun,24/7/2024 4:09
701,t4g6:113,t4g6,27.4;75.2;53;Jun,24/7/2024 4:19
702,t4g6:113,t4g6,27.4;74.9;51;Jun,24/7/2024 4:29
703,t4g6:113,t4g6,27.4;75.1;53;Jun,24/7/2024 4:39
704,t4g6:113,t4g6,27.4;76.0;52;Jun,24/7/2024 4:49
705,t4g6:113,t4g6,27.4;75.9;52;Jun,24/7/2024 4:59
706,t4g6:113,t4g6,27.4;75.4;55;Jun,24/7/2024 5:09
707,t4g6:113,t4g6,27.4;76.1;54;Jun,24/7/2024 5:19
708,t4g6:113,t4g6,27.4;76.3;52;Jun,24/7/2024 5:29
709,t4g6:113,t4g6,27.4;75.5;52;Jun,24/7/2024 5:39
710,t4g6:113,t4g6,27.4;75.8;52;Jun,24/7/2024 5:49
711,t4g6:113,t4g6,27.4;75.7;52;Jun,24/7/2024 5:59
712,t4g6:113,t4g6,27.4;76.5;52;Jun,24/7/2024 6:09
713,t4g6:113,t4g6,27.4;76.9;52;Jun,24/7/2024 6:19
714,t4g6:113,t4g6,27.4;76.2;53;Jun,24/7/2024 6:29
715,t4g6:113,t4g6,27.1;73.5;50;Jun,24/7/2024 6:39
716,t4g6:113,t4g6,26.7;72.1;54;Jun,24/7/2024 6:49
717,t4g6:113,t4g6,26.5;70.7;57;Jun,24/7/2024 6:59
718,t4g6:113,t4g6,26.4;69.7;58;Jun,24/7/2024 7:09
719,t4g6:113,t4g6,26.2;69.3;59;Jun,24/7/2024 7:19
720,t4g6:113,t4g6,26.1;68.4;60;Jun,24/7/2024 7:29
721,t4g6:113,t4g6,25.9;67.9;60;Jun,24/7/2024 7:39
722,t4g6:113,t4g6,25.8;66.6;60;Jun,24/7/2024 7:49
723,t4g6:113,t4g6,25.7;65.2;60;Jun,24/7/2024 7:59
724,t4g6:113,t4g6,25.5;64.5;60;Jun,24/7/2024 8:09
725,t4g6:113,t4g6,25.4;63.4;59;Jun,24/7/2024 8:19
726,t4g6:113,t4g6,25.2;62.7;51;Jun,24/7/2024 8:29
727,t4g6:113,t4g6,25.2;61.9;59;Jun,24/7/2024 8:39
728,t4g6:113,t4g6,25.1;61.2;59;Jun,24/7/2024 8:49
729,t4g6:113,t4g6,25.0;60.8;59;Jun,24/7/2024 8:59
730,t4g6:113,t4g6,25.0;60.8;60;Jun,24/7/2024 9:09
731,t4g6:113,t4g6,24.9;60.5;58;Jun,24/7/2024 9:19
732,t4g6:113,t4g6,24.9;60.5;59;Jun,24/7/2024 9:29
733,t4g6:113,t4g6,24.8;60.2;58;Jun,24/7/2024 9:39
734,t4g6:113,t4g6,24.8;60.2;58;Jun,24/7/2024 9:49
735,t4g6:113,t4g6,24.8;59.7;58;Jun,24/7/2024 9:59
736,t4g6:113,t4g6,24.9;59.2;59;Jun,24/7/2024 10:09
737,t4g6:113,t4g6,24.9;60.0;59;Jun,24/7/2024 10:19
738,t4g6:113,t4g6,24.8;60.3;59;Jun,24/7/2024 10:29
739,t4g6:113,t4g6,25.0;61.0;58;Jun,24/7/2024 10:39
740,t4g6:113,t4g6,24.9;61.7;58;Jun,24/7/2024 10:49
741,t4g6:113,t4g6,24.9;61.7;57;Jun,24/7/2024 10:59
742,t4g6:113,t4g6,25.0;61.0;58;Jun,24/7/2024 11:09
743,t4g6:113,t4g6,25.0;61.1;57;Jun,24/7/2024 11:19
744,t4g6:113,t4g6,25.1;60.7;57;Jun,24/7/2024 11:29
745,t4g6:113,t4g6,25.3;60.3;57;Jun,24/7/2024 11:39
746,t4g6:113,t4g6,25.1;60.6;57;Jun,24/7/2024 11:49
747,t4g6:113,t4g6,25.2;61.4;59;Jun,24/7/2024 11:59
748,t4g6:113,t4g6,25.2;62.1;58;Jun,24/7/2024 12:09
749,t4g6:113,t4g6,25.4;61.6;58;Jun,24/7/2024 12:19
750,t4g6:113,t4g6,25.4;62.1;58;Jun,24/7/2024 12:29
751,t4g6:113,t4g6,25.4;61.7;58;Jun,24/7/2024 12:39
752,t4g6:113,t4g6,25.6;60.7;58;Jun,24/7/2024 12:49
753,t4g6:113,t4g6,25.6;61.2;58;Jun,24/7/2024 12:59
754,t4g6:113,t4g6,25.5;60.6;57;Jun,24/7/2024 13:09
755,t4g6:113,t4g6,25.7;60.3;57;Jun,24/7/2024 13:19
756,t4g6:113,t4g6,25.6;60.8;57;Jun,24/7/2024 13:29
757,t4g6:113,t4g6,25.7;61.8;57;Jun,24/7/2024 13:39
758,t4g6:113,t4g6,25.7;60.5;56;Jun,24/7/2024 13:49
759,t4g6:113,t4g6,25.7;60.4;56;Jun,24/7/2024 13:59
760,t4g6:113,t4g6,25.7;60.9;56;Jun,24/7/2024 14:09
761,t4g6:113,t4g6,25.8;60.5;56;Jun,24/7/2024 14:19
762,t4g6:113,t4g6,25.8;61.8;56;Jun,24/7/2024 14:29
763,t4g6:113,t4g6,26.0;61.5;56;Jun,24/7/2024 14:39
764,t4g6:113,t4g6,25.9;61.5;57;Jun,24/7/2024 14:49
765,t4g6:113,t4g6,25.8;61.3;56;Jun,24/7/2024 14:59
766,t4g6:113,t4g6,25.9;61.2;56;Jun,24/7/2024 15:09
767,t4g6:113,t4g6,26.0;60.9;51;Jun,24/7/2024 15:19
768,t4g6:113,t4g6,26.0;60.5;55;Jun,24/7/2024 15:29
769,t4g6:113,t4g6,26.0;61.4;56;Jun,24/7/2024 15:39
770,t4g6:113,t4g6,26.1;60.7;56;Jun,24/7/2024 15:49
771,t4g6:113,t4g6,26.0;60.5;56;Jun,24/7/2024 15:59
772,t4g6:113,t4g6,26.2;60.0;55;Jun,24/7/2024 16:09
773,t4g6:113,t4g6,26.3;60.3;56;Jun,24/7/2024 16:19
774,t4g6:113,t4g6,26.4;60.6;56;Jun,24/7/2024 16:29
775,t4g6:113,t4g6,26.4;60.6;55;Jun,24/7/2024 16:39
776,t4g6:113,t4g6,26.5;60.0;55;Jun,24/7/2024 16:49
777,t4g6:113,t4g6,26.5;61.1;54;Jun,24/7/2024 16:59
778,t4g6:113,t4g6,26.6;59.9;55;Jun,24/7/2024 17:09
779,t4g6:113,t4g6,26.4;60.5;55;Jun,24/7/2024 17:19
780,t4g6:113,t4g6,26.5;60.3;54;Jun,24/7/2024 17:29
781,t4g6:113,t4g6,26.5;59.8;56;Jun,24/7/2024 17:39
782,t4g6:113,t4g6,26.4;60.3;55;Jun,24/7/2024 17:49
783,t4g6:113,t4g6,26.4;60.5;55;Jun,24/7/2024 17:59
784,t4g6:113,t4g6,26.3;60.1;56;Jun,24/7/2024 18:09
785,t4g6:113,t4g6,26.2;60.5;56;Jun,24/7/2024 18:19
786,t4g6:113,t4g6,26.1;60.4;56;Jun,24/7/2024 18:29
787,t4g6:113,t4g6,25.9;60.9;56;Jun,24/7/2024 18:39
788,t4g6:113,t4g6,25.8;61.0;56;Jun,24/7/2024 18:49
789,t4g6:113,t4g6,25.6;61.2;57;Jun,24/7/2024 18:59
790,t4g6:113,t4g6,26.1;59.9;57;Jun,24/7/2024 19:09
791,t4g6:113,t4g6,26.4;60.4;57;Jun,24/7/2024 19:19
792,t4g6:113,t4g6,26.5;61.6;56;Jun,24/7/2024 19:29
793,t4g6:113,t4g6,26.6;61.8;56;Jun,24/7/2024 19:39
794,t4g6:113,t4g6,26.7;62.6;56;Jun,24/7/2024 19:49
795,t4g6:113,t4g6,26.7;63.1;55;Jun,24/7/2024 19:59
796,t4g6:113,t4g6,26.8;63.9;55;Jun,24/7/2024 20:09
797,t4g6:113,t4g6,26.8;64.2;54;Jun,24/7/2024 20:19
798,t4g6:113,t4g6,26.9;64.6;54;Jun,24/7/2024 20:29
799,t4g6:113,t4g6,26.9;65.0;53;Jun,24/7/2024 20:39
800,t4g6:113,t4g6,26.9;65.6;54;Jun,24/7/2024 20:50
801,t4g6:113,t4g6,26.9;66.8;53;Jun,24/7/2024 21:00
802,t4g6:113,t4g6,27.0;66.0;53;Jun,24/7/2024 21:10
803,t4g6:113,t4g6,27.0;67.2;54;Jun,24/7/2024 21:20
804,t4g6:113,t4g6,27.0;66.9;53;Jun,24/7/2024 21:30
805,t4g6:113,t4g6,27.0;67.5;51;Jun,24/7/2024 21:40
806,t4g6:113,t4g6,27.0;67.4;53;Jun,24/7/2024 21:50
807,t4g6:113,t4g6,27.0;68.1;51;Jun,24/7/2024 22:00
808,t4g6:113,t4g6,27.0;67.7;52;Jun,24/7/2024 22:10
809,t4g6:113,t4g6,27.1;68.6;52;Jun,24/7/2024 22:20
810,t4g6:113,t4g6,27.0;68.1;53;Jun,24/7/2024 22:30
811,t4g6:113,t4g6,27.1;68.5;52;Jun,24/7/2024 22:40
812,t4g6:113,t4g6,27.1;68.8;52;Jun,24/7/2024 22:50
813,t4g6:113,t4g6,27.1;68.9;53;Jun,24/7/2024 23:00
814,t4g6:113,t4g6,27.0;68.9;54;Jun,24/7/2024 23:10
815,t4g6:113,t4g6,27.0;68.6;53;Jun,24/7/2024 23:20
816,t4g6:113,t4g6,27.0;69.3;53;Jun,24/7/2024 23:30
817,t4g6:113,t4g6,27.0;68.8;53;Jun,24/7/2024 23:40
818,t4g6:113,t4g6,27.0;69.2;53;Jun,24/7/2024 23:50
819,t4g6:113,t4g6,27.1;69.4;54;Jun,25/7/2024 0:00
820,t4g6:113,t4g6,27.0;69.2;56;Jun,25/7/2024 0:10
821,t4g6:113,t4g6,27.0;69.6;55;Jun,25/7/2024 0:20
822,t4g6:113,t4g6,27.0;69.8;58;Jun,25/7/2024 0:30
823,t4g6:113,t4g6,27.0;69.5;58;Jun,25/7/2024 0:40
824,t4g6:113,t4g6,27.0;69.4;59;Jun,25/7/2024 0:50
825,t4g6:113,t4g6,27.1;69.4;59;Jun,25/7/2024 1:00
826,t4g6:113,t4g6,27.0;69.7;58;Jun,25/7/2024 1:10
827,t4g6:113,t4g6,27.0;70.5;56;Jun,25/7/2024 1:20
828,t4g6:113,t4g6,27.1;70.6;57;Jun,25/7/2024 1:30
829,t4g6:113,t4g6,27.1;70.5;57;Jun,25/7/2024 1:40
830,t4g6:113,t4g6,27.1;71.1;56;Jun,25/7/2024 1:50
831,t4g6:113,t4g6,27.1;71.1;55;Jun,25/7/2024 2:00
832,t4g6:113,t4g6,27.1;71.2;55;Jun,25/7/2024 2:10
833,t4g6:113,t4g6,27.1;71.7;55;Jun,25/7/2024 2:20
834,t4g6:113,t4g6,27.1;71.4;55;Jun,25/7/2024 2:30
835,t4g6:113,t4g6,27.0;71.9;55;Jun,25/7/2024 2:40
836,t4g6:113,t4g6,27.0;72.5;54;Jun,25/7/2024 2:50
837,t4g6:113,t4g6,27.1;71.5;55;Jun,25/7/2024 3:00
838,t4g6:113,t4g6,27.1;72.5;55;Jun,25/7/2024 3:10
839,t4g6:113,t4g6,27.1;72.3;56;Jun,25/7/2024 3:20
840,t4g6:113,t4g6,27.1;72.4;54;Jun,25/7/2024 3:30
841,t4g6:113,t4g6,27.1;72.5;54;Jun,25/7/2024 3:40
842,t4g6:113,t4g6,27.0;72.9;54;Jun,25/7/2024 3:50
843,t4g6:113,t4g6,27.1;72.9;54;Jun,25/7/2024 4:00
844,t4g6:113,t4g6,27.1;72.7;54;Jun,25/7/2024 4:10
845,t4g6:113,t4g6,27.1;73.0;55;Jun,25/7/2024 4:20
846,t4g6:113,t4g6,27.1;72.8;56;Jun,25/7/2024 4:30
847,t4g6:113,t4g6,27.1;73.2;57;Jun,25/7/2024 4:40
848,t4g6:113,t4g6,27.1;73.0;56;Jun,25/7/2024 4:50
849,t4g6:113,t4g6,27.1;73.5;55;Jun,25/7/2024 5:00
850,t4g6:113,t4g6,27.1;73.9;55;Jun,25/7/2024 5:10
851,t4g6:113,t4g6,27.1;74.4;53;Jun,25/7/2024 5:20
852,t4g6:113,t4g6,27.1;74.2;53;Jun,25/7/2024 5:30
853,t4g6:113,t4g6,27.1;74.0;54;Jun,25/7/2024 5:40
854,t4g6:113,t4g6,27.1;74.9;53;Jun,25/7/2024 5:50
855,t4g6:113,t4g6,27.1;74.5;54;Jun,25/7/2024 6:00
856,t4g6:113,t4g6,27.1;75.6;52;Jun,25/7/2024 6:10
857,t4g6:113,t4g6,27.1;75.3;53;Jun,25/7/2024 6:20
858,t4g6:113,t4g6,27.1;75.6;54;Jun,25/7/2024 6:30
859,t4g6:113,t4g6,26.7;72.6;54;Jun,25/7/2024 6:40
860,t4g6:113,t4g6,26.5;71.4;55;Jun,25/7/2024 6:50
861,t4g6:113,t4g6,26.2;70.3;57;Jun,25/7/2024 7:00
862,t4g6:113,t4g6,26.1;69.3;56;Jun,25/7/2024 7:10
863,t4g6:113,t4g6,25.9;68.6;58;Jun,25/7/2024 7:20
864,t4g6:113,t4g6,25.8;67.7;59;Jun,25/7/2024 7:30
865,t4g6:113,t4g6,25.6;67.1;59;Jun,25/7/2024 7:40
866,t4g6:113,t4g6,25.5;65.4;60;Jun,25/7/2024 7:50
867,t4g6:113,t4g6,25.2;64.8;58;Jun,25/7/2024 8:00
868,t4g6:113,t4g6,25.2;63.2;58;Jun,25/7/2024 8:10
869,t4g6:113,t4g6,25.1;61.8;58;Jun,25/7/2024 8:20
870,t4g6:113,t4g6,24.9;61.3;58;Jun,25/7/2024 8:30
871,t4g6:113,t4g6,24.7;60.7;59;Jun,25/7/2024 8:40
872,t4g6:113,t4g6,24.6;60.0;57;Jun,25/7/2024 8:50
873,t4g6:113,t4g6,24.5;59.8;57;Jun,25/7/2024 9:00
874,t4g6:113,t4g6,24.4;59.5;58;Jun,25/7/2024 9:10
875,t4g6:113,t4g6,24.5;59.0;57;Jun,25/7/2024 9:20
876,t4g6:113,t4g6,24.4;59.0;57;Jun,25/7/2024 9:30
877,t4g6:113,t4g6,24.4;58.9;57;Jun,25/7/2024 9:40
878,t4g6:113,t4g6,24.4;58.7;57;Jun,25/7/2024 9:50
879,t4g6:113,t4g6,24.4;59.4;56;Jun,25/7/2024 10:00
880,t4g6:113,t4g6,24.4;60.1;57;Jun,25/7/2024 10:10
881,t4g6:113,t4g6,24.5;61.0;57;Jun,25/7/2024 10:20
882,t4g6:113,t4g6,24.5;61.4;56;Jun,25/7/2024 10:30
883,t4g6:113,t4g6,24.6;61.5;57;Jun,25/7/2024 10:40
884,t4g6:113,t4g6,24.7;60.7;56;Jun,25/7/2024 10:50
885,t4g6:113,t4g6,24.7;61.6;54;Jun,25/7/2024 11:00
886,t4g6:113,t4g6,24.7;62.3;55;Jun,25/7/2024 11:10
887,t4g6:113,t4g6,24.9;61.7;55;Jun,25/7/2024 11:20
888,t4g6:113,t4g6,25.0;62.4;56;Jun,25/7/2024 11:30
889,t4g6:113,t4g6,24.9;62.2;57;Jun,25/7/2024 11:40
890,t4g6:113,t4g6,25.0;62.3;55;Jun,25/7/2024 11:50
891,t4g6:113,t4g6,25.0;62.8;55;Jun,25/7/2024 12:00
892,t4g6:113,t4g6,25.2;62.4;56;Jun,25/7/2024 12:10
893,t4g6:113,t4g6,25.2;63.0;54;Jun,25/7/2024 12:20
894,t4g6:113,t4g6,25.3;62.7;55;Jun,25/7/2024 12:30
895,t4g6:113,t4g6,25.5;62.6;54;Jun,25/7/2024 12:40
896,t4g6:113,t4g6,25.3;63.1;54;Jun,25/7/2024 12:50
897,t4g6:113,t4g6,25.3;63.6;55;Jun,25/7/2024 13:00
898,t4g6:113,t4g6,25.3;63.1;54;Jun,25/7/2024 13:10
899,t4g6:113,t4g6,25.2;63.3;53;Jun,25/7/2024 13:20
900,t4g6:113,t4g6,25.2;63.7;53;Jun,25/7/2024 13:30
901,t4g6:113,t4g6,25.2;62.7;53;Jun,25/7/2024 13:40
902,t4g6:113,t4g6,25.3;63.0;55;Jun,25/7/2024 13:50
903,t4g6:113,t4g6,25.3;62.4;52;Jun,25/7/2024 14:00
904,t4g6:113,t4g6,25.3;63.6;54;Jun,25/7/2024 14:10
905,t4g6:113,t4g6,25.3;63.3;53;Jun,25/7/2024 14:20
906,t4g6:113,t4g6,25.4;63.4;54;Jun,25/7/2024 14:30
907,t4g6:113,t4g6,25.7;62.7;53;Jun,25/7/2024 14:40
908,t4g6:113,t4g6,25.8;62.5;53;Jun,25/7/2024 14:50
909,t4g6:113,t4g6,25.8;62.6;54;Jun,25/7/2024 15:00
910,t4g6:113,t4g6,25.6;62.9;54;Jun,25/7/2024 15:10
911,t4g6:113,t4g6,25.9;63.3;55;Jun,25/7/2024 15:20
912,t4g6:113,t4g6,25.9;62.3;55;Jun,25/7/2024 15:30
913,t4g6:113,t4g6,26.4;61.0;55;Jun,25/7/2024 15:40
914,t4g6:113,t4g6,26.9;59.2;56;Jun,25/7/2024 15:50
915,t4g6:113,t4g6,26.7;59.8;56;Jun,25/7/2024 16:00
916,t4g6:113,t4g6,26.7;60.1;56;Jun,25/7/2024 16:10
917,t4g6:113,t4g6,26.5;60.5;55;Jun,25/7/2024 16:20
918,t4g6:113,t4g6,26.7;59.9;56;Jun,25/7/2024 16:30
919,t4g6:113,t4g6,27.3;58.7;57;Jun,25/7/2024 16:40
920,t4g6:113,t4g6,27.2;58.6;55;Jun,25/7/2024 16:50
921,t4g6:113,t4g6,27.0;58.7;55;Jun,25/7/2024 17:00
922,t4g6:113,t4g6,26.6;59.4;55;Jun,25/7/2024 17:10
923,t4g6:113,t4g6,26.9;58.6;55;Jun,25/7/2024 17:20
924,t4g6:113,t4g6,27.0;58.4;57;Jun,25/7/2024 17:30
925,t4g6:113,t4g6,27.0;57.9;55;Jun,25/7/2024 17:40
926,t4g6:113,t4g6,27.1;57.5;55;Jun,25/7/2024 17:50
927,t4g6:113,t4g6,27.0;57.8;54;Jun,25/7/2024 18:00
928,t4g6:113,t4g6,26.7;58.5;55;Jun,25/7/2024 18:10
929,t4g6:113,t4g6,26.7;58.4;55;Jun,25/7/2024 18:20
930,t4g6:113,t4g6,26.5;58.9;56;Jun,25/7/2024 18:30
931,t4g6:113,t4g6,26.4;59.0;55;Jun,25/7/2024 18:40
932,t4g6:113,t4g6,26.3;59.2;55;Jun,25/7/2024 18:50
933,t4g6:113,t4g6,26.2;59.5;56;Jun,25/7/2024 19:00
934,t4g6:113,t4g6,26.6;58.7;56;Jun,25/7/2024 19:10
935,t4g6:113,t4g6,26.9;58.9;56;Jun,25/7/2024 19:20
936,t4g6:113,t4g6,27.0;59.5;56;Jun,25/7/2024 19:30
937,t4g6:113,t4g6,27.1;59.7;56;Jun,25/7/2024 19:40
938,t4g6:113,t4g6,27.2;59.9;56;Jun,25/7/2024 19:50
939,t4g6:113,t4g6,27.2;60.6;56;Jun,25/7/2024 20:00
940,t4g6:113,t4g6,27.2;60.6;55;Jun,25/7/2024 20:10
941,t4g6:113,t4g6,27.2;60.9;56;Jun,25/7/2024 20:20
942,t4g6:113,t4g6,27.3;61.0;55;Jun,25/7/2024 20:30
943,t4g6:113,t4g6,27.3;61.3;55;Jun,25/7/2024 20:40
944,t4g6:113,t4g6,27.4;61.6;55;Jun,25/7/2024 20:50
945,t4g6:113,t4g6,27.4;62.4;55;Jun,25/7/2024 21:00
946,t4g6:113,t4g6,27.4;62.5;55;Jun,25/7/2024 21:10
947,t4g6:113,t4g6,27.4;62.7;58;Jun,25/7/2024 21:20
948,t4g6:113,t4g6,27.5;62.6;56;Jun,25/7/2024 21:30
949,t4g6:113,t4g6,27.4;63.2;55;Jun,25/7/2024 21:40
950,t4g6:113,t4g6,27.5;63.3;56;Jun,25/7/2024 21:50
951,t4g6:113,t4g6,27.4;63.7;56;Jun,25/7/2024 22:00
952,t4g6:113,t4g6,27.5;63.7;56;Jun,25/7/2024 22:10
953,t4g6:113,t4g6,27.5;63.9;56;Jun,25/7/2024 22:20
954,t4g6:113,t4g6,27.5;64.0;56;Jun,25/7/2024 22:30
955,t4g6:113,t4g6,27.5;64.1;55;Jun,25/7/2024 22:40
956,t4g6:113,t4g6,27.5;64.8;56;Jun,25/7/2024 22:50
957,t4g6:113,t4g6,27.5;65.2;56;Jun,25/7/2024 23:00
958,t4g6:113,t4g6,27.6;65.3;57;Jun,25/7/2024 23:10
959,t4g6:113,t4g6,27.5;65.6;55;Jun,25/7/2024 23:20
960,t4g6:113,t4g6,27.5;65.8;56;Jun,25/7/2024 23:30
961,t4g6:113,t4g6,27.5;65.9;56;Jun,25/7/2024 23:40
962,t4g6:113,t4g6,27.6;66.4;56;Jun,25/7/2024 23:50
963,t4g6:113,t4g6,27.5;66.5;57;Jun,26/7/2024 0:00
964,t4g6:113,t4g6,27.6;66.8;57;Jun,26/7/2024 0:10
965,t4g6:113,t4g6,27.6;66.9;57;Jun,26/7/2024 0:20
966,t4g6:113,t4g6,27.6;67.0;56;Jun,26/7/2024 0:30
967,t4g6:113,t4g6,27.6;67.1;56;Jun,26/7/2024 0:40
968,t4g6:113,t4g6,27.6;67.2;59;Jun,26/7/2024 0:50
969,t4g6:113,t4g6,27.5;68.4;56;Jun,26/7/2024 1:01
970,t4g6:113,t4g6,27.6;67.6;57;Jun,26/7/2024 1:11
971,t4g6:113,t4g6,27.6;67.9;57;Jun,26/7/2024 1:21
972,t4g6:113,t4g6,27.6;68.3;56;Jun,26/7/2024 1:31
973,t4g6:113,t4g6,27.6;68.5;57;Jun,26/7/2024 1:41
974,t4g6:113,t4g6,27.6;68.4;57;Jun,26/7/2024 1:51
975,t4g6:113,t4g6,27.6;68.7;57;Jun,26/7/2024 2:01
976,t4g6:113,t4g6,27.6;68.9;58;Jun,26/7/2024 2:11
977,t4g6:113,t4g6,27.6;69.0;57;Jun,26/7/2024 2:21
978,t4g6:113,t4g6,27.6;69.4;56;Jun,26/7/2024 2:31
979,t4g6:113,t4g6,27.6;69.3;56;Jun,26/7/2024 2:41
980,t4g6:113,t4g6,27.7;69.5;57;Jun,26/7/2024 2:51
981,t4g6:113,t4g6,27.6;69.7;57;Jun,26/7/2024 3:01
982,t4g6:113,t4g6,27.6;69.6;57;Jun,26/7/2024 3:11
983,t4g6:113,t4g6,27.6;69.8;56;Jun,26/7/2024 3:21
984,t4g6:113,t4g6,27.7;70.0;56;Jun,26/7/2024 3:31
985,t4g6:113,t4g6,27.6;70.2;57;Jun,26/7/2024 3:41
986,t4g6:113,t4g6,27.6;70.3;57;Jun,26/7/2024 3:51
987,t4g6:113,t4g6,27.6;70.8;56;Jun,26/7/2024 4:01
988,t4g6:113,t4g6,27.6;70.6;56;Jun,26/7/2024 4:11
989,t4g6:113,t4g6,27.6;70.8;56;Jun,26/7/2024 4:21
990,t4g6:113,t4g6,27.7;70.7;56;Jun,26/7/2024 4:31
991,t4g6:113,t4g6,27.7;70.8;56;Jun,26/7/2024 4:41
992,t4g6:113,t4g6,27.7;71.0;54;Jun,26/7/2024 4:51
993,t4g6:113,t4g6,27.7;71.0;54;Jun,26/7/2024 5:01
994,t4g6:113,t4g6,27.7;71.1;56;Jun,26/7/2024 5:11
995,t4g6:113,t4g6,27.7;71.2;53;Jun,26/7/2024 5:21
996,t4g6:113,t4g6,27.6;71.6;54;Jun,26/7/2024 5:31
997,t4g6:113,t4g6,27.7;71.7;54;Jun,26/7/2024 5:41
998,t4g6:113,t4g6,27.7;71.7;54;Jun,26/7/2024 5:51
999,t4g6:113,t4g6,27.7;71.6;54;Jun,26/7/2024 6:01
1000,t4g6:113,t4g6,27.8;71.5;54;Jun,26/7/2024 6:11
1001,t4g6:113,t4g6,27.7;72.1;57;Jun,26/7/2024 6:21
1002,t4g6:113,t4g6,27.7;71.9;54;Jun,26/7/2024 6:31
1003,t4g6:113,t4g6,27.3;70.3;53;Jun,26/7/2024 6:41
1004,t4g6:113,t4g6,26.9;69.7;56;Jun,26/7/2024 6:51
1005,t4g6:113,t4g6,26.6;68.6;57;Jun,26/7/2024 7:01
1006,t4g6:113,t4g6,26.4;67.6;58;Jun,26/7/2024 7:11
1007,t4g6:113,t4g6,26.4;66.4;59;Jun,26/7/2024 7:21
1008,t4g6:113,t4g6,26.4;65.0;59;Jun,26/7/2024 7:31
1009,t4g6:113,t4g6,26.0;65.3;58;Jun,26/7/2024 7:41
1010,t4g6:113,t4g6,26.1;63.5;59;Jun,26/7/2024 7:51
1011,t4g6:113,t4g6,26.0;62.2;58;Jun,26/7/2024 8:01
1012,t4g6:113,t4g6,25.8;61.4;59;Jun,26/7/2024 8:11
1013,t4g6:113,t4g6,25.5;60.9;59;Jun,26/7/2024 8:21
1014,t4g6:113,t4g6,25.5;59.1;59;Jun,26/7/2024 8:31
1015,t4g6:113,t4g6,25.4;58.8;59;Jun,26/7/2024 8:41
1016,t4g6:113,t4g6,25.5;57.8;58;Jun,26/7/2024 8:51
1017,t4g6:113,t4g6,25.3;58.2;59;Jun,26/7/2024 9:01
1018,t4g6:113,t4g6,25.0;58.4;59;Jun,26/7/2024 9:11
1019,t4g6:113,t4g6,25.1;58.4;59;Jun,26/7/2024 9:21
1020,t4g6:113,t4g6,25.0;58.2;58;Jun,26/7/2024 9:31
1021,t4g6:113,t4g6,25.1;57.4;59;Jun,26/7/2024 9:41
1022,t4g6:113,t4g6,25.2;57.4;57;Jun,26/7/2024 9:51
1023,t4g6:113,t4g6,25.4;56.8;59;Jun,26/7/2024 10:01
1024,t4g6:113,t4g6,25.2;57.8;60;Jun,26/7/2024 10:11
1025,t4g6:113,t4g6,25.5;58.8;60;Jun,26/7/2024 10:21
1026,t4g6:113,t4g6,25.6;59.1;62;Jun,26/7/2024 10:31
1027,t4g6:113,t4g6,25.5;59.2;73;Jun,26/7/2024 10:41
1028,t4g6:113,t4g6,25.6;59.8;101;Jun,26/7/2024 10:51
1029,t4g6:113,t4g6,25.6;59.3;86;Jun,26/7/2024 11:01
1030,t4g6:113,t4g6,25.6;59.8;78;Jun,26/7/2024 11:11
1031,t4g6:113,t4g6,25.8;59.4;73;Jun,26/7/2024 11:21
1032,t4g6:113,t4g6,25.6;59.7;69;Jun,26/7/2024 11:31
1033,t4g6:113,t4g6,25.8;58.9;67;Jun,26/7/2024 11:41
1034,t4g6:113,t4g6,26.1;59.1;64;Jun,26/7/2024 11:51
1035,t4g6:113,t4g6,26.2;59.0;63;Jun,26/7/2024 12:01
1036,t4g6:113,t4g6,26.2;59.0;60;Jun,26/7/2024 12:11
1037,t4g6:113,t4g6,26.1;59.1;59;Jun,26/7/2024 12:21
1038,t4g6:113,t4g6,26.5;58.2;59;Jun,26/7/2024 12:31
1039,t4g6:113,t4g6,26.5;58.7;58;Jun,26/7/2024 12:41
1040,t4g6:113,t4g6,26.5;58.9;57;Jun,26/7/2024 12:51
1041,t4g6:113,t4g6,26.4;58.6;56;Jun,26/7/2024 13:01
1042,t4g6:113,t4g6,26.6;58.3;56;Jun,26/7/2024 13:11
1043,t4g6:113,t4g6,26.9;57.6;55;Jun,26/7/2024 13:21
1044,t4g6:113,t4g6,26.8;57.7;54;Jun,26/7/2024 13:31
1045,t4g6:113,t4g6,26.9;58.2;54;Jun,26/7/2024 13:41
1046,t4g6:113,t4g6,26.8;58.8;53;Jun,26/7/2024 13:51
1047,t4g6:113,t4g6,27.1;57.6;53;Jun,26/7/2024 14:01
1048,t4g6:113,t4g6,27.2;57.5;55;Jun,26/7/2024 14:11
1049,t4g6:113,t4g6,27.5;56.4;55;Jun,26/7/2024 14:21
1050,t4g6:113,t4g6,27.5;56.9;56;Jun,26/7/2024 14:31
1051,t4g6:113,t4g6,27.7;57.3;56;Jun,26/7/2024 14:41
1052,t4g6:113,t4g6,27.8;57.1;56;Jun,26/7/2024 14:51
1053,t4g6:113,t4g6,27.7;57.4;55;Jun,26/7/2024 15:01
1054,t4g6:113,t4g6,28.0;57.0;55;Jun,26/7/2024 15:11
1055,t4g6:113,t4g6,28.0;56.6;54;Jun,26/7/2024 15:21
1056,t4g6:113,t4g6,28.0;56.4;55;Jun,26/7/2024 15:31
1057,t4g6:113,t4g6,28.0;56.7;55;Jun,26/7/2024 15:41
1058,t4g6:113,t4g6,28.0;56.6;56;Jun,26/7/2024 15:51
1059,t4g6:113,t4g6,27.8;57.2;53;Jun,26/7/2024 16:01
1060,t4g6:113,t4g6,27.6;57.2;55;Jun,26/7/2024 16:11
1061,t4g6:113,t4g6,28.0;56.5;55;Jun,26/7/2024 16:21
1062,t4g6:113,t4g6,28.1;56.4;54;Jun,26/7/2024 16:31
1063,t4g6:113,t4g6,28.1;56.4;54;Jun,26/7/2024 16:41
1064,t4g6:113,t4g6,28.3;55.9;54;Jun,26/7/2024 16:51
1065,t4g6:113,t4g6,28.5;55.7;54;Jun,26/7/2024 17:01
1066,t4g6:113,t4g6,28.5;55.4;53;Jun,26/7/2024 17:11
1067,t4g6:113,t4g6,28.4;55.7;52;Jun,26/7/2024 17:21
1068,t4g6:113,t4g6,28.3;56.0;52;Jun,26/7/2024 17:31
1069,t4g6:113,t4g6,28.1;56.4;52;Jun,26/7/2024 17:41
1070,t4g6:113,t4g6,28.0;57.1;52;Jun,26/7/2024 17:51
1071,t4g6:113,t4g6,27.9;57.4;52;Jun,26/7/2024 18:01
1072,t4g6:113,t4g6,27.7;57.5;52;Jun,26/7/2024 18:11
1073,t4g6:113,t4g6,27.4;58.3;51;Jun,26/7/2024 18:21
1074,t4g6:113,t4g6,27.1;58.4;52;Jun,26/7/2024 18:31
1075,t4g6:113,t4g6,27.1;58.0;52;Jun,26/7/2024 18:41
1076,t4g6:113,t4g6,26.8;58.4;52;Jun,26/7/2024 18:51
1077,t4g6:113,t4g6,26.8;58.4;51;Jun,26/7/2024 19:01
1078,t4g6:113,t4g6,27.2;57.5;53;Jun,26/7/2024 19:11
1079,t4g6:113,t4g6,27.4;58.1;53;Jun,26/7/2024 19:21
1080,t4g6:113,t4g6,27.6;58.7;52;Jun,26/7/2024 19:31
1081,t4g6:113,t4g6,27.7;59.2;48;Jun,26/7/2024 19:41
1082,t4g6:113,t4g6,27.7;59.8;52;Jun,26/7/2024 19:51
1083,t4g6:113,t4g6,27.7;60.5;52;Jun,26/7/2024 20:01
1084,t4g6:113,t4g6,27.8;60.2;52;Jun,26/7/2024 20:11
1085,t4g6:113,t4g6,27.8;60.7;51;Jun,26/7/2024 20:21
1086,t4g6:113,t4g6,27.8;61.1;51;Jun,26/7/2024 20:31
1087,t4g6:113,t4g6,27.8;61.5;51;Jun,26/7/2024 20:41
1088,t4g6:113,t4g6,27.9;62.7;53;Jun,26/7/2024 20:51
1089,t4g6:113,t4g6,27.9;62.8;52;Jun,26/7/2024 21:01
1090,t4g6:113,t4g6,27.9;63.1;53;Jun,26/7/2024 21:11
1091,t4g6:113,t4g6,27.9;63.8;53;Jun,26/7/2024 21:21
1092,t4g6:113,t4g6,27.9;64.0;51;Jun,26/7/2024 21:31
1093,t4g6:113,t4g6,27.8;64.6;51;Jun,26/7/2024 21:41
1094,t4g6:113,t4g6,27.9;64.8;51;Jun,26/7/2024 21:51
1095,t4g6:113,t4g6,27.9;65.0;51;Jun,26/7/2024 22:01
1096,t4g6:113,t4g6,27.8;65.2;50;Jun,26/7/2024 22:11
1097,t4g6:113,t4g6,27.8;65.4;51;Jun,26/7/2024 22:21
1098,t4g6:113,t4g6,27.9;65.6;51;Jun,26/7/2024 22:31
1099,t4g6:113,t4g6,27.9;65.6;51;Jun,26/7/2024 22:41
1100,t4g6:113,t4g6,27.9;65.6;51;Jun,26/7/2024 22:51
1101,t4g6:113,t4g6,27.9;66.3;51;Jun,26/7/2024 23:01
1102,t4g6:113,t4g6,27.8;67.0;48;Jun,26/7/2024 23:11
1103,t4g6:113,t4g6,27.9;66.4;50;Jun,26/7/2024 23:21
1104,t4g6:113,t4g6,27.9;67.0;52;Jun,26/7/2024 23:31
1105,t4g6:113,t4g6,27.8;67.0;51;Jun,26/7/2024 23:41
1106,t4g6:113,t4g6,27.8;67.3;52;Jun,26/7/2024 23:51
1107,t4g6:113,t4g6,27.8;67.7;50;Jun,27/7/2024 0:01
1108,t4g6:113,t4g6,27.8;67.8;51;Jun,27/7/2024 0:11
1109,t4g6:113,t4g6,27.8;68.2;51;Jun,27/7/2024 0:21
1110,t4g6:113,t4g6,27.8;68.3;52;Jun,27/7/2024 0:31
1111,t4g6:113,t4g6,27.9;68.4;51;Jun,27/7/2024 0:41
1112,t4g6:113,t4g6,27.9;68.7;51;Jun,27/7/2024 0:51
1113,t4g6:113,t4g6,27.9;68.8;51;Jun,27/7/2024 1:01
1114,t4g6:113,t4g6,27.8;68.9;51;Jun,27/7/2024 1:11
1115,t4g6:113,t4g6,27.9;69.3;51;Jun,27/7/2024 1:21
1116,t4g6:113,t4g6,27.9;69.6;51;Jun,27/7/2024 1:31
1117,t4g6:113,t4g6,27.9;69.9;48;Jun,27/7/2024 1:41
1118,t4g6:113,t4g6,27.9;70.1;50;Jun,27/7/2024 1:51
1119,t4g6:113,t4g6,27.9;70.8;49;Jun,27/7/2024 2:01
1120,t4g6:113,t4g6,27.9;70.5;51;Jun,27/7/2024 2:12
1121,t4g6:113,t4g6,27.8;70.7;51;Jun,27/7/2024 2:22
1122,t4g6:113,t4g6,27.8;70.5;53;Jun,27/7/2024 2:32
1123,t4g6:113,t4g6,27.8;71.0;51;Jun,27/7/2024 2:42
1124,t4g6:113,t4g6,27.9;70.5;51;Jun,27/7/2024 2:52
1125,t4g6:113,t4g6,27.8;70.8;51;Jun,27/7/2024 3:02
1126,t4g6:113,t4g6,27.8;70.7;49;Jun,27/7/2024 3:12
1127,t4g6:113,t4g6,27.8;71.0;52;Jun,27/7/2024 3:22
1128,t4g6:113,t4g6,27.8;70.7;55;Jun,27/7/2024 3:32
1129,t4g6:113,t4g6,27.8;70.8;51;Jun,27/7/2024 3:42
1130,t4g6:113,t4g6,27.8;71.0;51;Jun,27/7/2024 3:52
1131,t4g6:113,t4g6,27.8;70.8;51;Jun,27/7/2024 4:02
1132,t4g6:113,t4g6,27.8;70.8;51;Jun,27/7/2024 4:12
1133,t4g6:113,t4g6,27.8;70.6;52;Jun,27/7/2024 4:22
1134,t4g6:113,t4g6,27.8;70.9;51;Jun,27/7/2024 4:32
1135,t4g6:113,t4g6,27.8;70.9;47;Jun,27/7/2024 4:42
1136,t4g6:113,t4g6,27.8;71.3;50;Jun,27/7/2024 4:52
1137,t4g6:113,t4g6,27.8;71.2;51;Jun,27/7/2024 5:02
1138,t4g6:113,t4g6,27.8;71.1;51;Jun,27/7/2024 5:12
1139,t4g6:113,t4g6,27.8;72.6;51;Jun,27/7/2024 5:22
1140,t4g6:113,t4g6,27.8;71.8;51;Jun,27/7/2024 5:32
1141,t4g6:113,t4g6,27.8;71.8;51;Jun,27/7/2024 5:42
1142,t4g6:113,t4g6,27.8;72.5;50;Jun,27/7/2024 5:52
1143,t4g6:113,t4g6,27.8;71.9;51;Jun,27/7/2024 6:02
1144,t4g6:113,t4g6,27.8;72.0;52;Jun,27/7/2024 6:12
1145,t4g6:113,t4g6,27.8;72.1;51;Jun,27/7/2024 6:22
1146,t4g6:113,t4g6,27.8;72.2;51;Jun,27/7/2024 6:32
1147,t4g6:113,t4g6,27.8;72.3;51;Jun,27/7/2024 6:42
1148,t4g6:113,t4g6,27.8;72.3;51;Jun,27/7/2024 6:52
1149,t4g6:113,t4g6,27.8;72.4;51;Jun,27/7/2024 7:02
1150,t4g6:113,t4g6,27.8;72.3;50;Jun,27/7/2024 7:12
1151,t4g6:113,t4g6,27.8;72.5;50;Jun,27/7/2024 7:22
1152,t4g6:113,t4g6,27.8;72.4;51;Jun,27/7/2024 7:32
1153,t4g6:113,t4g6,27.8;72.9;51;Jun,27/7/2024 7:42
1154,t4g6:113,t4g6,27.8;73.3;51;Jun,27/7/2024 7:52
1155,t4g6:113,t4g6,27.8;73.3;50;Jun,27/7/2024 8:02
1156,t4g6:113,t4g6,27.9;74.4;50;Jun,27/7/2024 8:12
1157,t4g6:113,t4g6,27.9;73.6;50;Jun,27/7/2024 8:22
1158,t4g6:113,t4g6,28.0;73.7;49;Jun,27/7/2024 8:32
1159,t4g6:113,t4g6,28.0;75.1;49;Jun,27/7/2024 8:42
1160,t4g6:113,t4g6,28.0;74.3;49;Jun,27/7/2024 8:52
1161,t4g6:113,t4g6,28.1;73.9;49;Jun,27/7/2024 9:02
1162,t4g6:113,t4g6,28.1;75.0;49;Jun,27/7/2024 9:12
1163,t4g6:113,t4g6,28.1;73.7;49;Jun,27/7/2024 9:22
1164,t4g6:113,t4g6,28.1;73.8;49;Jun,27/7/2024 9:32
1165,t4g6:113,t4g6,28.2;73.0;49;Jun,27/7/2024 9:42
1166,t4g6:113,t4g6,28.3;73.2;49;Jun,27/7/2024 9:52
1167,t4g6:113,t4g6,28.4;72.5;50;Jun,27/7/2024 10:02
1168,t4g6:113,t4g6,28.4;72.4;49;Jun,27/7/2024 10:12
1169,t4g6:113,t4g6,28.5;71.8;49;Jun,27/7/2024 10:22
1170,t4g6:113,t4g6,28.5;71.2;49;Jun,27/7/2024 10:32
1171,t4g6:113,t4g6,28.6;70.6;49;Jun,27/7/2024 10:42
1172,t4g6:113,t4g6,28.7;70.1;49;Jun,27/7/2024 10:52
1173,t4g6:113,t4g6,28.8;69.7;48;Jun,27/7/2024 11:02
1174,t4g6:113,t4g6,28.9;69.4;49;Jun,27/7/2024 11:12
1175,t4g6:113,t4g6,28.9;68.9;49;Jun,27/7/2024 11:22
1176,t4g6:113,t4g6,29.1;68.7;50;Jun,27/7/2024 11:32
1177,t4g6:113,t4g6,29.1;68.1;47;Jun,27/7/2024 11:42
1178,t4g6:113,t4g6,29.2;68.3;49;Jun,27/7/2024 11:52
1179,t4g6:113,t4g6,29.3;67.8;47;Jun,27/7/2024 12:02
1180,t4g6:113,t4g6,29.4;67.1;47;Jun,27/7/2024 12:12
1181,t4g6:113,t4g6,29.5;65.9;48;Jun,27/7/2024 12:22
1182,t4g6:113,t4g6,29.6;65.3;46;Jun,27/7/2024 12:32
1183,t4g6:113,t4g6,29.7;65.2;47;Jun,27/7/2024 12:42
1184,t4g6:113,t4g6,29.8;65.0;47;Jun,27/7/2024 12:52
1185,t4g6:113,t4g6,29.8;65.1;48;Jun,27/7/2024 13:02
1186,t4g6:113,t4g6,30.0;65.0;48;Jun,27/7/2024 13:12
1187,t4g6:113,t4g6,30.0;64.4;52;Jun,27/7/2024 13:22
1188,t4g6:113,t4g6,30.2;64.2;52;Jun,27/7/2024 13:32
1189,t4g6:113,t4g6,30.3;64.0;51;Jun,27/7/2024 13:42
1190,t4g6:113,t4g6,30.3;63.4;52;Jun,27/7/2024 13:52
1191,t4g6:113,t4g6,30.5;63.0;49;Jun,27/7/2024 14:02
1192,t4g6:113,t4g6,30.6;62.5;49;Jun,27/7/2024 14:12
1193,t4g6:113,t4g6,30.6;62.0;49;Jun,27/7/2024 14:22
1194,t4g6:113,t4g6,30.7;61.2;48;Jun,27/7/2024 14:32
1195,t4g6:113,t4g6,30.9;60.5;48;Jun,27/7/2024 14:42
1196,t4g6:113,t4g6,30.8;60.1;48;Jun,27/7/2024 14:52
1197,t4g6:113,t4g6,31.0;59.6;48;Jun,27/7/2024 15:02
1198,t4g6:113,t4g6,30.9;59.1;48;Jun,27/7/2024 15:12
1199,t4g6:113,t4g6,31.0;58.4;47;Jun,27/7/2024 15:22
1200,t4g6:113,t4g6,31.1;58.0;48;Jun,27/7/2024 15:32
1201,t4g6:113,t4g6,31.1;57.5;49;Jun,27/7/2024 15:42
1202,t4g6:113,t4g6,31.1;57.3;49;Jun,27/7/2024 15:52
1203,t4g6:113,t4g6,31.2;57.3;49;Jun,27/7/2024 16:02
1204,t4g6:113,t4g6,31.2;57.1;49;Jun,27/7/2024 16:12
1205,t4g6:113,t4g6,31.3;57.1;49;Jun,27/7/2024 16:22
1206,t4g6:113,t4g6,31.4;57.1;50;Jun,27/7/2024 16:32
1207,t4g6:113,t4g6,31.4;56.8;50;Jun,27/7/2024 16:42
1208,t4g6:113,t4g6,31.5;56.9;51;Jun,27/7/2024 16:52
1209,t4g6:113,t4g6,31.5;56.8;52;Jun,27/7/2024 17:02
1210,t4g6:113,t4g6,31.5;56.6;51;Jun,27/7/2024 17:12
1211,t4g6:113,t4g6,31.5;56.8;52;Jun,27/7/2024 17:22
1212,t4g6:113,t4g6,31.5;56.8;52;Jun,27/7/2024 17:32
1213,t4g6:113,t4g6,31.5;57.0;53;Jun,27/7/2024 17:42
1214,t4g6:113,t4g6,31.5;57.5;51;Jun,27/7/2024 17:52
1215,t4g6:113,t4g6,31.5;58.4;52;Jun,27/7/2024 18:02
1216,t4g6:113,t4g6,31.4;59.1;51;Jun,27/7/2024 18:12
1217,t4g6:113,t4g6,31.3;59.0;52;Jun,27/7/2024 18:22
1218,t4g6:113,t4g6,31.1;59.4;48;Jun,27/7/2024 18:32
1219,t4g6:113,t4g6,31.0;60.0;51;Jun,27/7/2024 18:42
1220,t4g6:113,t4g6,31.0;60.3;51;Jun,27/7/2024 18:52
1221,t4g6:113,t4g6,30.8;60.7;52;Jun,27/7/2024 19:02
1222,t4g6:113,t4g6,30.7;61.4;52;Jun,27/7/2024 19:12
1223,t4g6:113,t4g6,30.6;61.6;52;Jun,27/7/2024 19:22
1224,t4g6:113,t4g6,30.5;61.8;52;Jun,27/7/2024 19:32
1225,t4g6:113,t4g6,30.5;62.2;52;Jun,27/7/2024 19:42
1226,t4g6:113,t4g6,30.4;62.4;52;Jun,27/7/2024 19:52
1227,t4g6:113,t4g6,30.3;62.8;54;Jun,27/7/2024 20:02
1228,t4g6:113,t4g6,30.3;63.3;53;Jun,27/7/2024 20:12
1229,t4g6:113,t4g6,30.2;64.0;54;Jun,27/7/2024 20:22
1230,t4g6:113,t4g6,30.1;64.5;54;Jun,27/7/2024 20:32
1231,t4g6:113,t4g6,30.1;64.2;54;Jun,27/7/2024 20:42
1232,t4g6:113,t4g6,30.0;64.6;54;Jun,27/7/2024 20:52
1233,t4g6:113,t4g6,29.9;65.2;54;Jun,27/7/2024 21:02
1234,t4g6:113,t4g6,29.9;65.4;54;Jun,27/7/2024 21:12
1235,t4g6:113,t4g6,29.9;65.5;53;Jun,27/7/2024 21:22
1236,t4g6:113,t4g6,29.9;65.8;53;Jun,27/7/2024 21:32
1237,t4g6:113,t4g6,29.8;66.0;55;Jun,27/7/2024 21:42
1238,t4g6:113,t4g6,29.8;66.3;55;Jun,27/7/2024 21:52
1239,t4g6:113,t4g6,29.8;66.6;54;Jun,27/7/2024 22:02
1240,t4g6:113,t4g6,29.7;66.5;54;Jun,27/7/2024 22:12
1241,t4g6:113,t4g6,29.7;67.0;55;Jun,27/7/2024 22:22
1242,t4g6:113,t4g6,29.7;66.7;54;Jun,27/7/2024 22:32
1243,t4g6:113,t4g6,29.6;67.1;55;Jun,27/7/2024 22:42
1244,t4g6:113,t4g6,29.6;67.2;52;Jun,27/7/2024 22:52
1245,t4g6:113,t4g6,29.6;67.3;54;Jun,27/7/2024 23:02
1246,t4g6:113,t4g6,29.6;67.4;54;Jun,27/7/2024 23:12
1247,t4g6:113,t4g6,29.5;67.3;54;Jun,27/7/2024 23:22
1248,t4g6:113,t4g6,29.5;67.5;53;Jun,27/7/2024 23:32
1249,t4g6:113,t4g6,29.5;67.5;54;Jun,27/7/2024 23:42
1250,t4g6:113,t4g6,29.4;67.7;55;Jun,27/7/2024 23:52
1251,t4g6:113,t4g6,29.4;67.8;54;Jun,28/7/2024 0:02
1252,t4g6:113,t4g6,29.4;67.7;55;Jun,28/7/2024 0:12
1253,t4g6:113,t4g6,29.4;67.8;54;Jun,28/7/2024 0:22
1254,t4g6:113,t4g6,29.4;68.1;54;Jun,28/7/2024 0:32
1255,t4g6:113,t4g6,29.3;67.9;54;Jun,28/7/2024 0:42
1256,t4g6:113,t4g6,29.3;68.1;57;Jun,28/7/2024 0:52
1257,t4g6:113,t4g6,29.3;68.0;55;Jun,28/7/2024 1:02
1258,t4g6:113,t4g6,29.3;68.5;54;Jun,28/7/2024 1:12
1259,t4g6:113,t4g6,29.2;68.9;54;Jun,28/7/2024 1:22
1260,t4g6:113,t4g6,29.3;69.3;54;Jun,28/7/2024 1:32
1261,t4g6:113,t4g6,29.2;69.3;50;Jun,28/7/2024 1:42
1262,t4g6:113,t4g6,29.3;69.6;53;Jun,28/7/2024 1:52
1263,t4g6:113,t4g6,29.2;69.7;53;Jun,28/7/2024 2:02
1264,t4g6:113,t4g6,29.2;69.7;53;Jun,28/7/2024 2:12
1265,t4g6:113,t4g6,29.2;69.5;53;Jun,28/7/2024 2:22
1266,t4g6:113,t4g6,29.2;69.4;54;Jun,28/7/2024 2:32
1267,t4g6:113,t4g6,29.2;69.9;55;Jun,28/7/2024 2:42
1268,t4g6:113,t4g6,29.2;70.0;54;Jun,28/7/2024 2:52
1269,t4g6:113,t4g6,29.1;69.5;53;Jun,28/7/2024 3:02
1270,t4g6:113,t4g6,29.1;69.4;54;Jun,28/7/2024 3:12
1271,t4g6:113,t4g6,29.1;69.5;55;Jun,28/7/2024 3:23
1272,t4g6:113,t4g6,29.1;69.5;57;Jun,28/7/2024 3:33
1273,t4g6:113,t4g6,29.1;69.3;57;Jun,28/7/2024 3:43
1274,t4g6:113,t4g6,29.1;69.3;56;Jun,28/7/2024 3:53
1275,t4g6:113,t4g6,29.1;69.6;58;Jun,28/7/2024 4:03
1276,t4g6:113,t4g6,29.1;69.7;57;Jun,28/7/2024 4:13
1277,t4g6:113,t4g6,29.0;69.5;57;Jun,28/7/2024 4:23
1278,t4g6:113,t4g6,29.1;69.2;60;Jun,28/7/2024 4:33
1279,t4g6:113,t4g6,29.0;69.6;55;Jun,28/7/2024 4:43
1280,t4g6:113,t4g6,29.0;69.7;56;Jun,28/7/2024 4:53
1281,t4g6:113,t4g6,29.0;69.8;55;Jun,28/7/2024 5:03
1282,t4g6:113,t4g6,29.0;69.9;55;Jun,28/7/2024 5:13
1283,t4g6:113,t4g6,28.9;70.2;54;Jun,28/7/2024 5:23
1284,t4g6:113,t4g6,29.0;70.2;67;Jun,28/7/2024 5:33
1285,t4g6:113,t4g6,29.0;70.2;54;Jun,28/7/2024 5:43
1286,t4g6:113,t4g6,28.9;70.3;53;Jun,28/7/2024 5:53
1287,t4g6:113,t4g6,29.0;70.3;54;Jun,28/7/2024 6:03
1288,t4g6:113,t4g6,29.0;70.8;54;Jun,28/7/2024 6:13
1289,t4g6:113,t4g6,28.9;70.9;54;Jun,28/7/2024 6:23
1290,t4g6:113,t4g6,28.9;70.9;54;Jun,28/7/2024 6:33
1291,t4g6:113,t4g6,28.9;71.0;53;Jun,28/7/2024 6:43
1292,t4g6:113,t4g6,28.9;71.0;54;Jun,28/7/2024 6:53
1293,t4g6:113,t4g6,28.9;71.3;54;Jun,28/7/2024 7:03
1294,t4g6:113,t4g6,28.9;71.4;54;Jun,28/7/2024 7:13
1295,t4g6:113,t4g6,28.9;71.2;55;Jun,28/7/2024 7:23
1296,t4g6:113,t4g6,28.9;71.5;55;Jun,28/7/2024 7:33
1297,t4g6:113,t4g6,28.9;71.6;54;Jun,28/7/2024 7:43
1298,t4g6:113,t4g6,28.9;71.5;54;Jun,28/7/2024 7:53
1299,t4g6:113,t4g6,29.0;71.8;53;Jun,28/7/2024 8:03
1300,t4g6:113,t4g6,29.0;71.7;53;Jun,28/7/2024 8:13
1301,t4g6:113,t4g6,28.9;71.8;54;Jun,28/7/2024 8:23
1302,t4g6:113,t4g6,29.0;71.9;52;Jun,28/7/2024 8:33
1303,t4g6:113,t4g6,29.0;71.8;53;Jun,28/7/2024 8:43
1304,t4g6:113,t4g6,29.0;72.8;54;Jun,28/7/2024 8:53
1305,t4g6:113,t4g6,29.1;71.7;55;Jun,28/7/2024 9:03
1306,t4g6:113,t4g6,29.1;71.5;59;Jun,28/7/2024 9:13
1307,t4g6:113,t4g6,29.2;71.5;57;Jun,28/7/2024 9:23
1308,t4g6:113,t4g6,29.2;71.0;55;Jun,28/7/2024 9:33
1309,t4g6:113,t4g6,29.3;70.7;56;Jun,28/7/2024 9:43
1310,t4g6:113,t4g6,29.3;70.3;54;Jun,28/7/2024 9:53
1311,t4g6:113,t4g6,29.4;70.0;54;Jun,28/7/2024 10:03
1312,t4g6:113,t4g6,29.5;70.4;54;Jun,28/7/2024 10:13
1313,t4g6:113,t4g6,29.6;69.8;54;Jun,28/7/2024 10:23
1314,t4g6:113,t4g6,29.6;69.1;54;Jun,28/7/2024 10:33
1315,t4g6:113,t4g6,29.7;69.0;53;Jun,28/7/2024 10:43
1316,t4g6:113,t4g6,29.8;68.6;53;Jun,28/7/2024 10:53
1317,t4g6:113,t4g6,29.8;68.6;52;Jun,28/7/2024 11:03
1318,t4g6:113,t4g6,29.9;68.0;53;Jun,28/7/2024 11:13
1319,t4g6:113,t4g6,30.0;67.2;53;Jun,28/7/2024 11:23
1320,t4g6:113,t4g6,30.0;66.9;52;Jun,28/7/2024 11:33
1321,t4g6:113,t4g6,30.1;66.3;51;Jun,28/7/2024 11:43
1322,t4g6:113,t4g6,30.2;65.9;52;Jun,28/7/2024 11:53
1323,t4g6:113,t4g6,30.2;65.1;51;Jun,28/7/2024 12:03
1324,t4g6:113,t4g6,30.4;64.6;51;Jun,28/7/2024 12:13
1325,t4g6:113,t4g6,30.4;63.8;51;Jun,28/7/2024 12:23
1326,t4g6:113,t4g6,30.6;63.3;50;Jun,28/7/2024 12:33
1327,t4g6:113,t4g6,30.6;63.0;50;Jun,28/7/2024 12:43
1328,t4g6:113,t4g6,30.7;62.7;50;Jun,28/7/2024 12:53
1329,t4g6:113,t4g6,30.8;62.1;50;Jun,28/7/2024 13:03
1330,t4g6:113,t4g6,30.9;61.8;51;Jun,28/7/2024 13:13
1331,t4g6:113,t4g6,31.0;61.5;52;Jun,28/7/2024 13:23
1332,t4g6:113,t4g6,31.1;61.2;52;Jun,28/7/2024 13:33
1333,t4g6:113,t4g6,31.2;60.7;54;Jun,28/7/2024 13:43
1334,t4g6:113,t4g6,31.3;60.1;51;Jun,28/7/2024 13:53
1335,t4g6:113,t4g6,31.4;59.7;51;Jun,28/7/2024 14:03
1336,t4g6:113,t4g6,31.5;59.1;49;Jun,28/7/2024 14:13
1337,t4g6:113,t4g6,31.6;59.1;52;Jun,28/7/2024 14:23
1338,t4g6:113,t4g6,31.7;58.4;52;Jun,28/7/2024 14:33
1339,t4g6:113,t4g6,31.7;58.1;51;Jun,28/7/2024 14:43
1340,t4g6:113,t4g6,31.8;58.1;50;Jun,28/7/2024 14:53
1341,t4g6:113,t4g6,31.8;58.1;49;Jun,28/7/2024 15:03
1342,t4g6:113,t4g6,31.8;58.0;48;Jun,28/7/2024 15:13
1343,t4g6:113,t4g6,31.8;58.1;50;Jun,28/7/2024 15:23
1344,t4g6:113,t4g6,31.8;58.0;50;Jun,28/7/2024 15:33
1345,t4g6:113,t4g6,31.9;57.7;50;Jun,28/7/2024 15:43
1346,t4g6:113,t4g6,32.0;57.8;52;Jun,28/7/2024 15:53
1347,t4g6:113,t4g6,32.1;57.7;54;Jun,28/7/2024 16:03
1348,t4g6:113,t4g6,32.1;57.7;54;Jun,28/7/2024 16:13
1349,t4g6:113,t4g6,32.2;57.4;53;Jun,28/7/2024 16:23
1350,t4g6:113,t4g6,32.2;57.7;53;Jun,28/7/2024 16:33
1351,t4g6:113,t4g6,32.3;57.6;54;Jun,28/7/2024 16:43
1352,t4g6:113,t4g6,32.3;57.5;56;Jun,28/7/2024 16:53
1353,t4g6:113,t4g6,32.3;57.5;55;Jun,28/7/2024 17:03
1354,t4g6:113,t4g6,32.3;57.4;54;Jun,28/7/2024 17:13
1355,t4g6:113,t4g6,32.2;57.4;53;Jun,28/7/2024 17:23
1356,t4g6:113,t4g6,32.2;57.3;50;Jun,28/7/2024 17:33
1357,t4g6:113,t4g6,32.2;56.9;54;Jun,28/7/2024 17:43
1358,t4g6:113,t4g6,32.2;56.8;50;Jun,28/7/2024 17:53
1359,t4g6:113,t4g6,32.1;56.6;52;Jun,28/7/2024 18:03
1360,t4g6:113,t4g6,32.1;56.8;54;Jun,28/7/2024 18:13
1361,t4g6:113,t4g6,32.0;57.0;52;Jun,28/7/2024 18:23
1362,t4g6:113,t4g6,31.9;57.5;53;Jun,28/7/2024 18:33
1363,t4g6:113,t4g6,31.7;57.8;53;Jun,28/7/2024 18:43
1364,t4g6:113,t4g6,31.6;58.3;54;Jun,28/7/2024 18:53
1365,t4g6:113,t4g6,31.5;59.0;53;Jun,28/7/2024 19:03
1366,t4g6:113,t4g6,31.4;59.4;54;Jun,28/7/2024 19:13
1367,t4g6:113,t4g6,31.4;60.0;54;Jun,28/7/2024 19:23
1368,t4g6:113,t4g6,31.3;60.9;55;Jun,28/7/2024 19:33
1369,t4g6:113,t4g6,31.2;61.8;55;Jun,28/7/2024 19:43
1370,t4g6:113,t4g6,31.1;62.1;55;Jun,28/7/2024 19:53
1371,t4g6:113,t4g6,31.1;62.8;55;Jun,28/7/2024 20:03
1372,t4g6:113,t4g6,31.0;63.3;56;Jun,28/7/2024 20:13
1373,t4g6:113,t4g6,30.9;63.2;56;Jun,28/7/2024 20:23
1374,t4g6:113,t4g6,30.9;63.7;56;Jun,28/7/2024 20:33
1375,t4g6:113,t4g6,30.8;64.0;56;Jun,28/7/2024 20:43
1376,t4g6:113,t4g6,30.8;64.5;55;Jun,28/7/2024 20:53
1377,t4g6:113,t4g6,30.7;64.9;55;Jun,28/7/2024 21:03
1378,t4g6:113,t4g6,30.7;64.7;56;Jun,28/7/2024 21:13
1379,t4g6:113,t4g6,30.6;64.9;55;Jun,28/7/2024 21:23
1380,t4g6:113,t4g6,30.5;65.2;56;Jun,28/7/2024 21:33
1381,t4g6:113,t4g6,30.5;65.1;55;Jun,28/7/2024 21:43
1382,t4g6:113,t4g6,30.5;65.2;56;Jun,28/7/2024 21:53
1383,t4g6:113,t4g6,30.4;65.4;57;Jun,28/7/2024 22:03
1384,t4g6:113,t4g6,30.5;65.2;56;Jun,28/7/2024 22:13
1385,t4g6:113,t4g6,30.4;65.4;56;Jun,28/7/2024 22:23
1386,t4g6:113,t4g6,30.4;65.7;57;Jun,28/7/2024 22:33
1387,t4g6:113,t4g6,30.3;65.4;58;Jun,28/7/2024 22:43
1388,t4g6:113,t4g6,30.3;66.0;56;Jun,28/7/2024 22:53
1389,t4g6:113,t4g6,30.2;66.0;53;Jun,28/7/2024 23:03
1390,t4g6:113,t4g6,30.2;66.5;56;Jun,28/7/2024 23:13
1391,t4g6:113,t4g6,30.2;66.3;58;Jun,28/7/2024 23:23
1392,t4g6:113,t4g6,30.2;66.2;57;Jun,28/7/2024 23:33
1393,t4g6:113,t4g6,30.2;66.2;57;Jun,28/7/2024 23:43
1394,t4g6:113,t4g6,30.1;66.6;57;Jun,28/7/2024 23:53
1395,t4g6:113,t4g6,30.1;66.7;56;Jun,29/7/2024 0:03
1396,t4g6:113,t4g6,30.1;66.6;57;Jun,29/7/2024 0:13
1397,t4g6:113,t4g6,30.1;66.4;57;Jun,29/7/2024 0:23
1398,t4g6:113,t4g6,30.1;66.5;58;Jun,29/7/2024 0:33
1399,t4g6:113,t4g6,30.0;66.7;57;Jun,29/7/2024 0:43
1400,t4g6:113,t4g6,30.0;66.7;57;Jun,29/7/2024 0:53
1401,t4g6:113,t4g6,30.0;66.9;55;Jun,29/7/2024 1:03
1402,t4g6:113,t4g6,30.0;67.1;56;Jun,29/7/2024 1:13
1403,t4g6:113,t4g6,30.0;67.2;59;Jun,29/7/2024 1:23
1404,t4g6:113,t4g6,29.9;67.6;54;Jun,29/7/2024 1:33
1405,t4g6:113,t4g6,29.9;68.0;54;Jun,29/7/2024 1:43
1406,t4g6:113,t4g6,29.9;68.0;54;Jun,29/7/2024 1:53
1407,t4g6:113,t4g6,29.9;68.3;54;Jun,29/7/2024 2:03
1408,t4g6:113,t4g6,29.9;68.7;54;Jun,29/7/2024 2:13
1409,t4g6:113,t4g6,29.9;68.2;54;Jun,29/7/2024 2:23
1410,t4g6:113,t4g6,29.9;68.4;54;Jun,29/7/2024 2:33
1411,t4g6:113,t4g6,29.9;68.6;56;Jun,29/7/2024 2:43
1412,t4g6:113,t4g6,29.8;68.6;54;Jun,29/7/2024 2:53
1413,t4g6:113,t4g6,29.8;68.8;56;Jun,29/7/2024 3:03
1414,t4g6:113,t4g6,29.8;68.7;54;Jun,29/7/2024 3:13
1415,t4g6:113,t4g6,29.8;69.0;56;Jun,29/7/2024 3:23
1416,t4g6:113,t4g6,29.8;69.3;54;Jun,29/7/2024 3:34
1417,t4g6:113,t4g6,29.8;69.0;55;Jun,29/7/2024 3:44
1418,t4g6:113,t4g6,29.7;69.2;55;Jun,29/7/2024 3:54
1419,t4g6:113,t4g6,29.8;69.4;54;Jun,29/7/2024 4:04
1420,t4g6:113,t4g6,29.7;69.2;55;Jun,29/7/2024 4:14
1421,t4g6:113,t4g6,29.7;69.4;55;Jun,29/7/2024 4:24
1422,t4g6:113,t4g6,29.7;69.5;54;Jun,29/7/2024 4:34
1423,t4g6:113,t4g6,29.8;69.5;53;Jun,29/7/2024 4:44
1424,t4g6:113,t4g6,29.7;69.7;55;Jun,29/7/2024 4:54
1425,t4g6:113,t4g6,29.7;69.8;54;Jun,29/7/2024 5:04
1426,t4g6:113,t4g6,29.7;69.7;54;Jun,29/7/2024 5:14
1427,t4g6:113,t4g6,29.7;70.0;54;Jun,29/7/2024 5:24
1428,t4g6:113,t4g6,29.7;70.3;56;Jun,29/7/2024 5:34
1429,t4g6:113,t4g6,29.7;70.4;53;Jun,29/7/2024 5:44
1430,t4g6:113,t4g6,29.6;70.7;54;Jun,29/7/2024 5:54
1431,t4g6:113,t4g6,29.7;70.5;54;Jun,29/7/2024 6:04
1432,t4g6:113,t4g6,29.7;70.6;54;Jun,29/7/2024 6:14
1433,t4g6:113,t4g6,29.6;70.8;54;Jun,29/7/2024 6:24
1434,t4g6:113,t4g6,29.6;70.6;53;Jun,29/7/2024 6:34
1435,t4g6:113,t4g6,29.0;70.1;55;Jun,29/7/2024 6:44
1436,t4g6:113,t4g6,28.7;69.1;57;Jun,29/7/2024 6:54
1437,t4g6:113,t4g6,28.5;67.6;56;Jun,29/7/2024 7:04
1438,t4g6:113,t4g6,28.3;66.5;59;Jun,29/7/2024 7:14
1439,t4g6:113,t4g6,28.1;65.0;60;Jun,29/7/2024 7:24
1440,t4g6:113,t4g6,27.9;63.2;60;Jun,29/7/2024 7:34
1441,t4g6:113,t4g6,27.6;62.1;61;Jun,29/7/2024 7:44
1442,t4g6:113,t4g6,27.4;61.3;60;Jun,29/7/2024 7:54
1443,t4g6:113,t4g6,27.2;60.0;36;Jun,29/7/2024 8:04
1444,t4g6:113,t4g6,27.0;58.8;60;Jun,29/7/2024 8:14
1445,t4g6:113,t4g6,26.8;58.0;59;Jun,29/7/2024 8:24
1446,t4g6:113,t4g6,26.8;57.4;59;Jun,29/7/2024 8:34
1447,t4g6:113,t4g6,26.7;57.1;58;Jun,29/7/2024 8:44
1448,t4g6:113,t4g6,26.7;58.4;59;Jun,29/7/2024 8:54
1449,t4g6:113,t4g6,26.7;59.2;58;Jun,29/7/2024 9:04
1450,t4g6:113,t4g6,26.7;59.8;58;Jun,29/7/2024 9:14
1451,t4g6:113,t4g6,26.7;59.8;58;Jun,29/7/2024 9:24
1452,t4g6:113,t4g6,26.8;59.8;58;Jun,29/7/2024 9:34
1453,t4g6:113,t4g6,26.8;60.3;58;Jun,29/7/2024 9:44
1454,t4g6:113,t4g6,26.8;59.7;57;Jun,29/7/2024 9:54
1455,t4g6:113,t4g6,26.9;60.7;57;Jun,29/7/2024 10:04
1456,t4g6:113,t4g6,27.0;61.0;57;Jun,29/7/2024 10:14
1457,t4g6:113,t4g6,26.9;60.9;56;Jun,29/7/2024 10:24
1458,t4g6:113,t4g6,26.8;60.9;56;Jun,29/7/2024 10:34
1459,t4g6:113,t4g6,27.1;60.7;56;Jun,29/7/2024 10:44
1460,t4g6:113,t4g6,27.3;60.8;54;Jun,29/7/2024 10:54
1461,t4g6:113,t4g6,27.4;60.4;56;Jun,29/7/2024 11:04
1462,t4g6:113,t4g6,27.4;60.7;54;Jun,29/7/2024 11:14
1463,t4g6:113,t4g6,27.6;60.5;53;Jun,29/7/2024 11:24
1464,t4g6:113,t4g6,27.6;60.7;56;Jun,29/7/2024 11:34
1465,t4g6:113,t4g6,27.7;60.2;57;Jun,29/7/2024 11:44
1466,t4g6:113,t4g6,27.4;60.7;57;Jun,29/7/2024 11:54
1467,t4g6:113,t4g6,27.6;60.8;56;Jun,29/7/2024 12:04
1468,t4g6:113,t4g6,27.7;60.5;57;Jun,29/7/2024 12:14
1469,t4g6:113,t4g6,27.9;60.0;57;Jun,29/7/2024 12:24
1470,t4g6:113,t4g6,27.8;60.1;55;Jun,29/7/2024 12:34
1471,t4g6:113,t4g6,27.9;59.6;56;Jun,29/7/2024 12:44
1472,t4g6:113,t4g6,27.7;59.6;57;Jun,29/7/2024 12:54
1473,t4g6:113,t4g6,27.9;59.6;56;Jun,29/7/2024 13:04
1474,t4g6:113,t4g6,27.9;59.7;56;Jun,29/7/2024 13:14
1475,t4g6:113,t4g6,27.9;59.9;57;Jun,29/7/2024 13:24
1476,t4g6:113,t4g6,28.0;59.4;54;Jun,29/7/2024 13:34
1477,t4g6:113,t4g6,28.2;59.5;55;Jun,29/7/2024 13:44
1478,t4g6:113,t4g6,28.3;59.3;56;Jun,29/7/2024 13:54
1479,t4g6:113,t4g6,28.3;59.1;56;Jun,29/7/2024 14:04
1480,t4g6:113,t4g6,28.0;59.8;56;Jun,29/7/2024 14:14
1481,t4g6:113,t4g6,27.9;60.2;56;Jun,29/7/2024 14:24
1482,t4g6:113,t4g6,28.0;59.8;57;Jun,29/7/2024 14:34
1483,t4g6:113,t4g6,28.2;59.1;57;Jun,29/7/2024 14:44
1484,t4g6:113,t4g6,28.1;59.0;49;Jun,29/7/2024 14:54
1485,t4g6:113,t4g6,28.4;58.5;56;Jun,29/7/2024 15:04
1486,t4g6:113,t4g6,28.4;58.6;56;Jun,29/7/2024 15:14
1487,t4g6:113,t4g6,28.6;58.2;54;Jun,29/7/2024 15:24
1488,t4g6:113,t4g6,28.5;58.2;55;Jun,29/7/2024 15:34
1489,t4g6:113,t4g6,28.8;57.4;55;Jun,29/7/2024 15:44
1490,t4g6:113,t4g6,28.8;57.2;54;Jun,29/7/2024 15:54
1491,t4g6:113,t4g6,28.7;57.3;55;Jun,29/7/2024 16:04
1492,t4g6:113,t4g6,28.6;57.4;55;Jun,29/7/2024 16:14
1493,t4g6:113,t4g6,28.8;57.1;55;Jun,29/7/2024 16:24
1494,t4g6:113,t4g6,28.4;57.8;53;Jun,29/7/2024 16:34
1495,t4g6:113,t4g6,28.4;57.7;54;Jun,29/7/2024 16:44
1496,t4g6:113,t4g6,28.4;57.6;53;Jun,29/7/2024 16:54
1497,t4g6:113,t4g6,28.1;58.4;54;Jun,29/7/2024 17:04
1498,t4g6:113,t4g6,28.0;58.7;53;Jun,29/7/2024 17:14
1499,t4g6:113,t4g6,27.9;58.8;54;Jun,29/7/2024 17:24
1500,t4g6:113,t4g6,27.9;58.8;54;Jun,29/7/2024 17:34
1501,t4g6:113,t4g6,27.7;59.3;56;Jun,29/7/2024 17:44
1502,t4g6:113,t4g6,27.7;59.2;55;Jun,29/7/2024 17:54
1503,t4g6:113,t4g6,27.7;59.3;54;Jun,29/7/2024 18:04
1504,t4g6:113,t4g6,27.5;59.9;54;Jun,29/7/2024 18:14
1505,t4g6:113,t4g6,27.5;60.1;55;Jun,29/7/2024 18:24
1506,t4g6:113,t4g6,27.4;60.7;51;Jun,29/7/2024 18:34
1507,t4g6:113,t4g6,27.2;60.8;53;Jun,29/7/2024 18:44
1508,t4g6:113,t4g6,27.1;60.8;54;Jun,29/7/2024 18:54
1509,t4g6:113,t4g6,27.2;60.5;54;Jun,29/7/2024 19:04
1510,t4g6:113,t4g6,27.7;59.4;55;Jun,29/7/2024 19:14
1511,t4g6:113,t4g6,28.0;59.9;55;Jun,29/7/2024 19:24
1512,t4g6:113,t4g6,28.1;60.5;55;Jun,29/7/2024 19:34
1513,t4g6:113,t4g6,28.2;61.4;53;Jun,29/7/2024 19:44
1514,t4g6:113,t4g6,28.3;61.4;55;Jun,29/7/2024 19:54
1515,t4g6:113,t4g6,28.3;61.6;54;Jun,29/7/2024 20:04
1516,t4g6:113,t4g6,28.3;61.9;54;Jun,29/7/2024 20:14
1517,t4g6:113,t4g6,28.4;62.4;51;Jun,29/7/2024 20:24
1518,t4g6:113,t4g6,28.4;62.1;53;Jun,29/7/2024 20:34
1519,t4g6:113,t4g6,28.4;62.4;53;Jun,29/7/2024 20:44
1520,t4g6:113,t4g6,28.4;62.4;55;Jun,29/7/2024 20:54
1521,t4g6:113,t4g6,28.4;62.7;54;Jun,29/7/2024 21:04
1522,t4g6:113,t4g6,28.4;62.6;53;Jun,29/7/2024 21:14
1523,t4g6:113,t4g6,28.5;62.8;54;Jun,29/7/2024 21:24
1524,t4g6:113,t4g6,28.5;63.1;53;Jun,29/7/2024 21:34
1525,t4g6:113,t4g6,28.5;63.3;53;Jun,29/7/2024 21:44
1526,t4g6:113,t4g6,28.5;63.4;54;Jun,29/7/2024 21:54
1527,t4g6:113,t4g6,28.5;63.8;53;Jun,29/7/2024 22:04
1528,t4g6:113,t4g6,28.5;63.7;56;Jun,29/7/2024 22:14
1529,t4g6:113,t4g6,28.6;64.0;54;Jun,29/7/2024 22:24
1530,t4g6:113,t4g6,28.6;64.1;54;Jun,29/7/2024 22:34
1531,t4g6:113,t4g6,28.5;64.2;53;Jun,29/7/2024 22:44
1532,t4g6:113,t4g6,28.5;64.2;55;Jun,29/7/2024 22:54
1533,t4g6:113,t4g6,28.6;65.1;54;Jun,29/7/2024 23:04
1534,t4g6:113,t4g6,28.6;64.4;54;Jun,29/7/2024 23:14
1535,t4g6:113,t4g6,28.6;65.0;57;Jun,29/7/2024 23:24
1536,t4g6:113,t4g6,28.6;64.8;54;Jun,29/7/2024 23:34
1537,t4g6:113,t4g6,28.6;64.9;54;Jun,29/7/2024 23:44
1538,t4g6:113,t4g6,28.6;64.8;54;Jun,29/7/2024 23:54
1539,t4g6:113,t4g6,28.6;65.0;54;Jun,30/7/2024 0:04
1540,t4g6:113,t4g6,28.6;64.9;53;Jun,30/7/2024 0:14
1541,t4g6:113,t4g6,28.5;65.1;53;Jun,30/7/2024 0:24
1542,t4g6:113,t4g6,28.5;65.4;53;Jun,30/7/2024 0:34
1543,t4g6:113,t4g6,28.6;65.8;54;Jun,30/7/2024 0:44
1544,t4g6:113,t4g6,28.6;65.7;53;Jun,30/7/2024 0:54
1545,t4g6:113,t4g6,28.6;66.0;54;Jun,30/7/2024 1:04
1546,t4g6:113,t4g6,28.6;66.9;53;Jun,30/7/2024 1:14
1547,t4g6:113,t4g6,28.6;67.1;52;Jun,30/7/2024 1:24
1548,t4g6:113,t4g6,28.6;67.1;52;Jun,30/7/2024 1:34
1549,t4g6:113,t4g6,28.6;67.3;53;Jun,30/7/2024 1:44
1550,t4g6:113,t4g6,28.6;68.5;51;Jun,30/7/2024 1:54
1551,t4g6:113,t4g6,28.6;68.0;52;Jun,30/7/2024 2:04
1552,t4g6:113,t4g6,28.6;67.9;52;Jun,30/7/2024 2:14
1553,t4g6:113,t4g6,28.6;67.8;55;Jun,30/7/2024 2:24
1554,t4g6:113,t4g6,28.6;69.3;52;Jun,30/7/2024 2:34
1555,t4g6:113,t4g6,28.6;68.3;54;Jun,30/7/2024 2:44
1556,t4g6:113,t4g6,28.6;67.8;53;Jun,30/7/2024 2:54
1557,t4g6:113,t4g6,28.6;68.1;53;Jun,30/7/2024 3:04
1558,t4g6:113,t4g6,28.6;68.2;53;Jun,30/7/2024 3:14
1559,t4g6:113,t4g6,28.6;68.3;55;Jun,30/7/2024 3:24
1560,t4g6:113,t4g6,28.6;68.8;53;Jun,30/7/2024 3:34
1561,t4g6:113,t4g6,28.6;68.6;53;Jun,30/7/2024 3:44
1562,t4g6:113,t4g6,28.6;69.2;51;Jun,30/7/2024 3:54
1563,t4g6:113,t4g6,28.6;69.2;52;Jun,30/7/2024 4:04
1564,t4g6:113,t4g6,28.6;69.1;53;Jun,30/7/2024 4:14
1565,t4g6:113,t4g6,28.6;69.3;53;Jun,30/7/2024 4:24
1566,t4g6:113,t4g6,28.6;69.6;54;Jun,30/7/2024 4:34
1567,t4g6:113,t4g6,28.6;69.7;53;Jun,30/7/2024 4:44
1568,t4g6:113,t4g6,28.6;69.9;52;Jun,30/7/2024 4:54
1569,t4g6:113,t4g6,28.6;70.0;51;Jun,30/7/2024 5:04
1570,t4g6:113,t4g6,28.6;70.2;52;Jun,30/7/2024 5:14
1571,t4g6:113,t4g6,28.7;70.6;52;Jun,30/7/2024 5:24
1572,t4g6:113,t4g6,28.6;70.8;52;Jun,30/7/2024 5:34
1573,t4g6:113,t4g6,28.6;70.6;52;Jun,30/7/2024 5:44
1574,t4g6:113,t4g6,28.6;70.8;52;Jun,30/7/2024 5:54
1575,t4g6:113,t4g6,28.6;71.1;53;Jun,30/7/2024 6:04
1576,t4g6:113,t4g6,28.6;70.8;52;Jun,30/7/2024 6:14
1577,t4g6:113,t4g6,28.5;70.7;53;Jun,30/7/2024 6:25
1578,t4g6:113,t4g6,28.5;69.5;51;Jun,30/7/2024 6:35
1579,t4g6:113,t4g6,27.9;68.7;53;Jun,30/7/2024 6:45
1580,t4g6:113,t4g6,27.8;67.2;57;Jun,30/7/2024 6:55
1581,t4g6:113,t4g6,27.4;66.4;57;Jun,30/7/2024 7:05
1582,t4g6:113,t4g6,27.2;65.6;58;Jun,30/7/2024 7:15
1583,t4g6:113,t4g6,27.0;64.8;59;Jun,30/7/2024 7:25
1584,t4g6:113,t4g6,26.8;64.0;60;Jun,30/7/2024 7:35
1585,t4g6:113,t4g6,26.7;63.0;60;Jun,30/7/2024 7:45
1586,t4g6:113,t4g6,26.5;62.3;63;Jun,30/7/2024 7:55
1587,t4g6:113,t4g6,26.4;61.2;59;Jun,30/7/2024 8:05
1588,t4g6:113,t4g6,26.2;60.1;59;Jun,30/7/2024 8:15
1589,t4g6:113,t4g6,26.0;59.4;59;Jun,30/7/2024 8:25
1590,t4g6:113,t4g6,26.0;58.4;60;Jun,30/7/2024 8:35
1591,t4g6:113,t4g6,25.8;58.1;61;Jun,30/7/2024 8:45
1592,t4g6:113,t4g6,26.0;59.1;61;Jun,30/7/2024 8:55
1593,t4g6:113,t4g6,25.8;60.2;60;Jun,30/7/2024 9:05
1594,t4g6:113,t4g6,25.8;60.6;60;Jun,30/7/2024 9:15
1595,t4g6:113,t4g6,26.0;60.7;59;Jun,30/7/2024 9:25
1596,t4g6:113,t4g6,25.8;60.2;59;Jun,30/7/2024 9:35
1597,t4g6:113,t4g6,26.2;59.8;59;Jun,30/7/2024 9:45
1598,t4g6:113,t4g6,26.1;60.3;58;Jun,30/7/2024 9:55
1599,t4g6:113,t4g6,26.0;61.2;58;Jun,30/7/2024 10:05
1600,t4g6:113,t4g6,26.2;61.1;59;Jun,30/7/2024 10:15
1601,t4g6:113,t4g6,26.2;60.9;58;Jun,30/7/2024 10:25
1602,t4g6:113,t4g6,26.2;61.3;57;Jun,30/7/2024 10:35
1603,t4g6:113,t4g6,26.4;60.8;58;Jun,30/7/2024 10:45
1604,t4g6:113,t4g6,26.5;59.9;57;Jun,30/7/2024 10:55
1605,t4g6:113,t4g6,26.4;61.0;57;Jun,30/7/2024 11:05
