,id,topic,message,timestamp,Temperature (Â°C)
0,12,t4g6,temperature is 31.82,2024-07-09 11:18:00,31.82
1,13,t4g6,temperature is 28.40,2024-07-09 11:18:00,28.4
2,14,t4g6,temperature is 28.06,2024-07-09 11:19:00,28.06
3,15,t4g6,temperature is 30.46,2024-07-09 11:19:00,30.46
4,16,t4g6,temperature is 27.38,2024-07-09 11:19:00,27.38
5,17,t4g6,temperature is 30.11,2024-07-09 11:19:00,30.11
6,18,t4g6,temperature is 31.48,2024-07-09 11:20:00,31.48
7,19,t4g6,temperature is 32.85,2024-07-09 11:20:00,32.85
8,20,t4g6,temperature is 32.85,2024-07-09 11:20:00,32.85
9,21,t4g6,temperature is 33.88,2024-07-09 11:20:00,33.88
10,22,t4g6,temperature is 31.14,2024-07-09 11:21:00,31.14
11,23,t4g6,temperature is 31.14,2024-07-09 11:21:00,31.14
12,24,t4g6,temperature is 28.40,2024-07-09 11:21:00,28.4
13,25,t4g6,temperature is 29.09,2024-07-09 11:21:00,29.09
14,26,t4g6,temperature is 30.11,2024-07-09 11:22:00,30.11
15,27,t4g6,temperature is 31.82,2024-07-09 11:22:00,31.82
16,28,t4g6,temperature is 30.80,2024-07-09 11:22:00,30.8
17,29,t4g6,temperature is 29.43,2024-07-09 11:22:00,29.43
18,30,t4g6,temperature is 30.46,2024-07-09 11:23:00,30.46
19,31,t4g6,temperature is 31.48,2024-07-09 11:23:00,31.48
20,32,t4g6,temperature is 33.19,2024-07-09 11:23:00,33.19
21,33,t4g6,temperature is 29.77,2024-07-09 11:23:00,29.77
22,34,t4g6,temperature is 31.48,2024-07-09 11:24:00,31.48
23,35,t4g6,temperature is 30.11,2024-07-09 11:24:00,30.11
24,36,t4g6,temperature is 27.38,2024-07-09 11:24:00,27.38
25,37,t4g6,temperature is 28.40,2024-07-09 11:24:00,28.4
26,38,t4g6,temperature is 30.46,2024-07-09 11:25:00,30.46
27,39,t4g6,temperature is 31.48,2024-07-09 11:25:00,31.48
28,40,t4g6,temperature is 28.74,2024-07-09 11:25:00,28.74
29,41,t4g6,temperature is 30.46,2024-07-09 11:25:00,30.46
30,42,t4g6,temperature is 31.14,2024-07-09 11:26:00,31.14
31,43,t4g6,temperature is 29.77,2024-07-09 11:26:00,29.77
32,44,t4g6,temperature is 30.80,2024-07-09 11:26:00,30.8
33,45,t4g6,temperature is 28.74,2024-07-09 11:26:00,28.74
34,46,t4g6,temperature is 32.51,2024-07-09 11:27:00,32.51
35,47,t4g6,temperature is 27.38,2024-07-09 11:27:00,27.38
36,48,t4g6,temperature is 28.74,2024-07-09 11:27:00,28.74
37,49,t4g6,temperature is 30.80,2024-07-09 11:27:00,30.8
38,50,t4g6,temperature is 28.06,2024-07-09 11:28:00,28.06
39,51,t4g6,temperature is 28.74,2024-07-09 11:28:00,28.74
40,52,t4g6,temperature is 28.40,2024-07-09 11:28:00,28.4
41,53,t4g6,temperature is 27.72,2024-07-09 11:28:00,27.72
42,54,t4g6,temperature is 30.80,2024-07-09 11:29:00,30.8
43,55,t4g6,temperature is 32.85,2024-07-09 11:29:00,32.85
44,56,t4g6,temperature is 32.85,2024-07-09 11:29:00,32.85
45,57,t4g6,temperature is 31.14,2024-07-09 11:29:00,31.14
46,58,t4g6,temperature is 30.46,2024-07-09 11:30:00,30.46
47,59,t4g6,temperature is 33.19,2024-07-09 11:30:00,33.19
48,60,t4g6,temperature is 32.51,2024-07-09 11:30:00,32.51
49,61,t4g6,temperature is 31.14,2024-07-09 11:30:00,31.14
50,62,t4g6,temperature is 30.80,2024-07-09 11:31:00,30.8
51,63,t4g6,temperature is 28.74,2024-07-09 11:31:00,28.74
52,64,t4g6,temperature is 32.17,2024-07-09 11:31:00,32.17
53,65,t4g6,0.00;0.00;26,2024-07-09 11:50:00,0.0
54,66,t4g6,0.00;0.00;26,2024-07-09 11:50:00,0.0
55,67,t4g6,0.00;0.00;27,2024-07-09 11:50:00,0.0
56,68,t4g6,0.00;0.00;26,2024-07-09 11:51:00,0.0
57,69,t4g6,0.00;0.00;26,2024-07-09 11:51:00,0.0
58,70,t4g6,0.00;0.00;26,2024-07-09 11:51:00,0.0
59,71,t4g6,0.00;0.00;26,2024-07-09 11:51:00,0.0
60,72,t4g6,0.00;0.00;27,2024-07-09 11:52:00,0.0
61,73,t4g6,0.00;0.00;26,2024-07-09 11:52:00,0.0
62,74,t4g6,0.00;0.00;25,2024-07-09 11:52:00,0.0
63,75,t4g6,0.00;0.00;26,2024-07-09 11:53:00,0.0
64,76,t4g6,0.00;0.00;26,2024-07-09 11:53:00,0.0
65,77,t4g6,0.00;0.00;26,2024-07-09 11:53:00,0.0
66,78,t4g6,0.00;0.00;26,2024-07-09 11:53:00,0.0
67,79,t4g6,0.00;0.00;26,2024-07-09 11:54:00,0.0
68,80,t4g6,0.00;0.00;26,2024-07-09 11:54:00,0.0
69,81,t4g6,0.00;0.00;26,2024-07-09 11:54:00,0.0
70,82,t4g6,0.00;0.00;25,2024-07-09 11:54:00,0.0
71,83,t4g6,0.00;0.00;26,2024-07-09 11:55:00,0.0
72,84,t4g6,0.00;0.00;26,2024-07-09 11:55:00,0.0
73,85,t4g6,0.00;0.00;26,2024-07-09 11:55:00,0.0
74,86,t4g6,0.00;0.00;27,2024-07-09 11:55:00,0.0
75,87,t4g6,0.00;0.00;26,2024-07-09 11:56:00,0.0
76,88,t4g6,0.00;0.00;26,2024-07-09 11:56:00,0.0
77,89,t4g6,0.00;0.00;26,2024-07-09 11:56:00,0.0
78,90,t4g6,0.00;0.00;26,2024-07-09 11:56:00,0.0
79,91,t4g6,0.00;0.00;26,2024-07-09 11:57:00,0.0
80,92,t4g6,27.37;52.05;20,2024-07-09 11:57:00,27.37
81,93,t4g6,26.87;53.44;19,2024-07-09 11:58:00,26.87
82,94,t4g6,26.72;53.27;27,2024-07-09 11:58:00,26.72
83,95,t4g6,26.55;53.14;26,2024-07-09 11:58:00,26.55
84,96,t4g6,26.56;53.27;26,2024-07-09 11:59:00,26.56
85,97,t4g6,26.79;53.17;26,2024-07-09 11:59:00,26.79
86,98,t4g6,26.63;53.31;26,2024-07-09 11:59:00,26.63
87,99,t4g6,26.51;53.48;27,2024-07-09 11:59:00,26.51
88,100,t4g6,26.31;53.78;27,2024-07-09 12:00:00,26.31
89,101,t4g6,26.24;54.05;27,2024-07-09 12:00:00,26.24
90,102,t4g6,26.22;54.02;27,2024-07-09 12:00:00,26.22
91,103,t4g6,26.21;54.80;27,2024-07-09 12:00:00,26.21
92,104,t4g6,26.15;54.50;27,2024-07-09 12:01:00,26.15
93,105,t4g6,26.11;54.18;27,2024-07-09 12:01:00,26.11
94,106,t4g6,26.15;54.11;27,2024-07-09 12:01:00,26.15
95,107,t4g6,26.12;54.11;27,2024-07-09 12:01:00,26.12
96,108,t4g6,26.31;54.08;27,2024-07-09 12:02:00,26.31
97,109,t4g6,26.21;53.87;26,2024-07-09 12:02:00,26.21
98,110,t4g6,26.04;54.15;26,2024-07-09 12:02:00,26.04
99,111,t4g6,26.01;54.99;27,2024-07-09 12:03:00,26.01
100,112,t4g6,25.91;54.75;26,2024-07-09 12:03:00,25.91
101,113,t4g6,26.04;55.01;27,2024-07-09 12:03:00,26.04
102,114,t4g6,25.90;55.06;27,2024-07-09 12:03:00,25.9
103,115,t4g6,26.08;55.86;26,2024-07-09 12:04:00,26.08
104,116,t4g6,26.22;54.70;27,2024-07-09 12:04:00,26.22
105,117,t4g6,26.36;54.01;27,2024-07-09 12:04:00,26.36
106,118,t4g6,26.45;54.04;26,2024-07-09 12:04:00,26.45
107,119,t4g6,26.52;53.54;27,2024-07-09 12:05:00,26.52
108,120,t4g6,26.60;53.65;26,2024-07-09 12:05:00,26.6
109,121,t4g6,26.56;53.64;26,2024-07-09 12:05:00,26.56
110,122,t4g6,26.62;53.84;26,2024-07-09 12:05:00,26.62
111,123,t4g6,26.65;53.35;27,2024-07-09 12:06:00,26.65
112,124,t4g6,26.63;53.22;27,2024-07-09 12:06:00,26.63
113,125,t4g6,26.55;53.71;26,2024-07-09 12:06:00,26.55
114,126,t4g6,26.82;54.76;27,2024-07-09 12:06:00,26.82
115,127,t4g6,26.27;54.34;26,2024-07-09 12:07:00,26.27
116,128,t4g6,25.44;55.49;26,2024-07-09 12:07:00,25.44
117,129,t4g6,24.92;56.81;27,2024-07-09 12:07:00,24.92
118,130,t4g6,24.72;57.73;27,2024-07-09 12:07:00,24.72
119,131,t4g6,24.82;58.24;26,2024-07-09 12:08:00,24.82
120,132,t4g6,24.69;58.47;27,2024-07-09 12:08:00,24.69
121,133,t4g6,24.52;59.28;27,2024-07-09 12:08:00,24.52
122,134,t4g6,24.39;58.91;27,2024-07-09 12:08:00,24.39
123,135,t4g6,24.35;59.21;27,2024-07-09 12:09:00,24.35
124,136,t4g6,24.31;59.48;27,2024-07-09 12:09:00,24.31
125,137,t4g6,24.27;59.84;26,2024-07-09 12:09:00,24.27
126,138,t4g6,24.27;60.13;27,2024-07-09 12:09:00,24.27
127,139,t4g6,24.24;59.95;27,2024-07-09 12:10:00,24.24
128,140,t4g6,24.20;59.92;27,2024-07-09 12:10:00,24.2
129,141,t4g6,24.21;59.96;26,2024-07-09 12:10:00,24.21
130,142,t4g6,24.20;60.13;21,2024-07-09 12:12:00,24.2
131,143,t4g6,24.13;60.12;27,2024-07-09 12:12:00,24.13
132,144,t4g6,24.23;60.25;27,2024-07-09 12:12:00,24.23
133,145,t4g6,24.41;59.80;27,2024-07-09 12:13:00,24.41
134,146,t4g6,24.35;59.66;27,2024-07-09 12:13:00,24.35
135,147,t4g6,24.25;60.29;27,2024-07-09 12:13:00,24.25
136,148,t4g6,24.24;60.46;28,2024-07-09 12:13:00,24.24
137,149,t4g6,24.21;60.45;27,2024-07-09 12:14:00,24.21
138,150,t4g6,24.30;60.70;28,2024-07-09 12:14:00,24.3
139,151,t4g6,24.27;60.55;28,2024-07-09 12:14:00,24.27
140,152,t4g6,24.20;60.28;28,2024-07-09 12:14:00,24.2
141,153,t4g6,24.21;60.45;27,2024-07-09 12:15:00,24.21
142,154,t4g6,24.28;60.26;28,2024-07-09 12:15:00,24.28
143,155,t4g6,24.38;59.94;27,2024-07-09 12:15:00,24.38
144,156,t4g6,24.35;59.90;27,2024-07-09 12:15:00,24.35
145,157,t4g6,24.32;59.93;27,2024-07-09 12:16:00,24.32
146,158,t4g6,26.8;54.5;20,2024-07-09 12:16:00,26.8
147,159,t4g6,26.3;54.2;27,2024-07-09 12:16:00,26.3
148,160,t4g6,25.9;55.0;27,2024-07-09 12:17:00,25.9
149,161,t4g6,25.6;55.6;27,2024-07-09 12:17:00,25.6
150,162,t4g6,25.5;56.0;27,2024-07-09 12:17:00,25.5
151,163,t4g6,25.3;56.4;27,2024-07-09 12:17:00,25.3
152,164,t4g6,25.2;56.7;27,2024-07-09 12:18:00,25.2
153,165,t4g6,25.0;57.1;27,2024-07-09 12:18:00,25.0
154,166,t4g6,25.1;57.7;27,2024-07-09 12:18:00,25.1
155,167,t4g6,25.0;57.4;27,2024-07-09 12:18:00,25.0
156,168,t4g6,25.0;57.3;27,2024-07-09 12:19:00,25.0
157,169,t4g6,25.0;57.4;27,2024-07-09 12:19:00,25.0
158,170,t4g6,25.0;57.3;27,2024-07-09 12:19:00,25.0
159,171,t4g6,25.0;57.5;27,2024-07-09 12:19:00,25.0
160,172,t4g6,,2024-07-09 12:20:00,
161,173,t4g6,,2024-07-09 12:20:00,
162,174,t4g6,,2024-07-09 12:21:00,
163,175,t4g6,,2024-07-09 12:21:00,
164,176,t4g6,,2024-07-09 12:21:00,
165,177,t4g6,,2024-07-09 12:21:00,
166,178,t4g6,,2024-07-09 12:22:00,
167,179,t4g6,,2024-07-09 12:22:00,
168,180,t4g6,,2024-07-09 12:22:00,
169,181,t4g6,,2024-07-09 12:22:00,
170,182,t4g6,,2024-07-09 12:23:00,
171,183,t4g6,,2024-07-09 12:23:00,
172,184,t4g6,,2024-07-09 12:23:00,
173,185,t4g6,,2024-07-09 12:23:00,
174,186,t4g6,,2024-07-09 12:24:00,
175,187,t4g6,,2024-07-09 12:24:00,
176,188,t4g6,,2024-07-09 12:24:00,
177,189,t4g6,,2024-07-09 12:24:00,
178,190,t4g6,,2024-07-09 12:25:00,
179,191,t4g6,,2024-07-09 12:25:00,
180,192,t4g6,,2024-07-09 12:25:00,
181,193,t4g6,,2024-07-09 12:26:00,
182,194,t4g6,,2024-07-09 12:26:00,
183,195,t4g6,,2024-07-09 12:26:00,
184,196,t4g6,,2024-07-09 12:26:00,
185,197,t4g6,,2024-07-09 12:27:00,
186,198,t4g6,,2024-07-09 12:27:00,
187,199,t4g6,,2024-07-09 12:27:00,
188,200,t4g6,,2024-07-09 12:28:00,
189,201,t4g6,,2024-07-09 12:28:00,
190,202,t4g6,,2024-07-09 12:28:00,
191,203,t4g6,,2024-07-09 12:28:00,
192,204,t4g6,,2024-07-09 12:29:00,
193,205,t4g6,,2024-07-09 12:29:00,
194,206,t4g6,,2024-07-09 12:29:00,
195,207,t4g6,,2024-07-09 12:29:00,
196,208,t4g6,,2024-07-09 12:30:00,
197,209,t4g6,,2024-07-09 12:30:00,
198,210,t4g6,,2024-07-09 12:30:00,
199,211,t4g6,,2024-07-09 12:30:00,
200,212,t4g6,,2024-07-09 12:31:00,
201,213,t4g6,,2024-07-09 12:31:00,
202,214,t4g6,,2024-07-09 12:31:00,
203,215,t4g6,,2024-07-09 12:31:00,
204,216,t4g6,,2024-07-09 12:32:00,
205,217,t4g6,,2024-07-09 12:32:00,
206,218,t4g6,,2024-07-09 12:32:00,
207,219,t4g6,,2024-07-09 12:32:00,
208,220,t4g6,,2024-07-09 12:33:00,
209,221,t4g6,,2024-07-09 12:33:00,
210,222,t4g6,,2024-07-09 12:33:00,
211,223,t4g6,,2024-07-09 12:33:00,
212,224,t4g6,,2024-07-09 12:34:00,
213,225,t4g6,,2024-07-09 12:34:00,
214,226,t4g6,,2024-07-09 12:34:00,
215,227,t4g6,,2024-07-09 12:34:00,
216,228,t4g6,,2024-07-09 12:35:00,
217,229,t4g6,,2024-07-09 12:35:00,
218,230,t4g6,,2024-07-09 12:36:00,
219,231,t4g6,,2024-07-09 12:36:00,
220,232,t4g6,,2024-07-09 12:36:00,
221,233,t4g6,,2024-07-09 12:37:00,
222,234,t4g6,,2024-07-09 12:37:00,
223,235,t4g6,,2024-07-09 12:38:00,
224,236,t4g6,,2024-07-09 12:38:00,
225,237,t4g6,,2024-07-09 12:38:00,
226,238,t4g6,,2024-07-09 12:39:00,
227,239,t4g6,,2024-07-09 12:39:00,
228,240,t4g6,,2024-07-09 12:39:00,
229,241,t4g6,,2024-07-09 12:39:00,
230,242,t4g6,,2024-07-09 12:40:00,
231,243,t4g6,,2024-07-09 12:40:00,
232,244,t4g6,,2024-07-09 12:40:00,
233,245,t4g6,,2024-07-09 12:40:00,
234,246,t4g6,,2024-07-09 12:41:00,
235,247,t4g6,,2024-07-09 12:41:00,
236,248,t4g6,,2024-07-09 12:41:00,
237,249,t4g6,,2024-07-09 12:41:00,
238,250,t4g6,,2024-07-09 12:42:00,
239,251,t4g6,,2024-07-09 12:42:00,
240,252,t4g6,,2024-07-09 12:42:00,
241,253,t4g6,,2024-07-09 12:42:00,
242,254,t4g6,,2024-07-09 12:43:00,
243,255,t4g6,,2024-07-09 12:43:00,
244,256,t4g6,,2024-07-09 12:43:00,
245,257,t4g6,,2024-07-09 12:43:00,
246,258,t4g6,,2024-07-09 12:44:00,
247,259,t4g6,,2024-07-09 12:44:00,
248,260,t4g6,,2024-07-09 12:45:00,
249,261,t4g6,,2024-07-09 12:45:00,
250,262,t4g6,,2024-07-09 12:45:00,
251,263,t4g6,,2024-07-09 12:45:00,
252,264,t4g6,,2024-07-09 12:46:00,
253,265,t4g6,,2024-07-09 12:46:00,
254,266,t4g6,,2024-07-09 12:46:00,
255,267,t4g6,,2024-07-09 12:46:00,
256,268,t4g6,,2024-07-09 12:47:00,
257,269,t4g6,,2024-07-09 12:47:00,
258,270,t4g6,,2024-07-09 12:47:00,
259,271,t4g6,,2024-07-09 12:47:00,
260,272,t4g6,,2024-07-09 12:48:00,
261,273,t4g6,,2024-07-09 12:48:00,
262,274,t4g6,,2024-07-09 12:48:00,
263,275,t4g6,,2024-07-09 12:48:00,
264,276,t4g6,,2024-07-09 12:49:00,
265,277,t4g6,,2024-07-09 12:49:00,
266,278,t4g6,,2024-07-09 12:49:00,
267,279,t4g6,,2024-07-09 12:49:00,
268,280,t4g6,,2024-07-09 12:50:00,
269,281,t4g6,,2024-07-09 12:50:00,
270,282,t4g6,,2024-07-09 12:50:00,
271,283,t4g6,,2024-07-09 12:50:00,
272,284,t4g6,,2024-07-09 12:51:00,
273,285,t4g6,,2024-07-09 12:51:00,
274,286,t4g6,,2024-07-09 12:51:00,
275,287,t4g6,,2024-07-09 12:51:00,
276,288,t4g6,,2024-07-09 12:52:00,
277,289,t4g6,,2024-07-09 12:52:00,
278,290,t4g6,,2024-07-09 12:52:00,
279,291,t4g6,,2024-07-09 12:52:00,
280,292,t4g6,,2024-07-09 12:53:00,
281,293,t4g6,,2024-07-09 12:53:00,
282,294,t4g6,,2024-07-09 12:53:00,
283,295,t4g6,,2024-07-09 12:53:00,
284,296,t4g6,,2024-07-09 12:54:00,
285,297,t4g6,,2024-07-09 12:54:00,
286,298,t4g6,,2024-07-09 12:54:00,
287,299,t4g6,,2024-07-09 12:54:00,
288,300,t4g6,,2024-07-09 12:55:00,
289,301,t4g6,,2024-07-09 12:55:00,
290,302,t4g6,,2024-07-09 12:55:00,
291,303,t4g6,,2024-07-09 12:55:00,
292,304,t4g6,,2024-07-09 12:56:00,
293,305,t4g6,,2024-07-09 12:56:00,
294,306,t4g6,,2024-07-09 12:56:00,
295,307,t4g6,,2024-07-09 12:56:00,
296,308,t4g6,,2024-07-09 12:57:00,
297,309,t4g6,,2024-07-09 12:57:00,
298,310,t4g6,,2024-07-09 12:57:00,
299,311,t4g6,,2024-07-09 12:57:00,
300,312,t4g6,,2024-07-09 12:58:00,
301,313,t4g6,,2024-07-09 12:58:00,
302,314,t4g6,,2024-07-09 12:58:00,
303,315,t4g6,,2024-07-09 12:58:00,
304,316,t4g6,,2024-07-09 12:59:00,
305,317,t4g6,,2024-07-09 12:59:00,
306,318,t4g6,,2024-07-09 12:59:00,
307,319,t4g6,,2024-07-09 12:59:00,
308,320,t4g6,,2024-07-09 13:00:00,
309,321,t4g6,,2024-07-09 13:00:00,
310,322,t4g6,,2024-07-09 13:00:00,
311,323,t4g6,,2024-07-09 13:00:00,
312,324,t4g6,,2024-07-09 13:01:00,
313,325,t4g6,,2024-07-09 13:01:00,
314,326,t4g6,,2024-07-09 13:01:00,
315,327,t4g6,,2024-07-09 13:01:00,
316,328,t4g6,,2024-07-09 13:02:00,
317,329,t4g6,,2024-07-09 13:02:00,
318,330,t4g6,,2024-07-09 13:02:00,
319,331,t4g6,,2024-07-09 13:02:00,
320,332,t4g6,,2024-07-09 13:03:00,
321,333,t4g6,,2024-07-09 13:03:00,
322,334,t4g6,,2024-07-09 13:03:00,
323,335,t4g6,,2024-07-09 13:03:00,
324,336,t4g6,,2024-07-09 13:04:00,
325,337,t4g6,,2024-07-09 13:04:00,
326,338,t4g6,,2024-07-09 13:04:00,
327,339,t4g6,,2024-07-09 13:04:00,
328,340,t4g6,,2024-07-09 13:05:00,
329,341,t4g6,,2024-07-09 13:05:00,
330,342,t4g6,,2024-07-09 13:05:00,
331,343,t4g6,,2024-07-09 13:05:00,
332,344,t4g6,,2024-07-09 13:06:00,
333,345,t4g6,,2024-07-09 13:06:00,
334,346,t4g6,,2024-07-09 13:06:00,
335,347,t4g6,,2024-07-09 13:13:00,
336,348,t4g6,,2024-07-09 13:13:00,
337,349,t4g6,,2024-07-09 13:13:00,
338,350,t4g6,,2024-07-09 13:14:00,
339,351,t4g6,,2024-07-09 13:14:00,
340,352,t4g6,,2024-07-09 13:14:00,
341,353,t4g6,,2024-07-09 13:14:00,
342,354,t4g6,,2024-07-09 13:15:00,
343,355,t4g6,,2024-07-09 13:15:00,
344,356,t4g6,,2024-07-09 13:15:00,
345,357,t4g6,,2024-07-09 13:15:00,
346,358,t4g6,,2024-07-09 13:16:00,
347,359,t4g6,,2024-07-09 13:16:00,
348,360,t4g6,,2024-07-09 13:16:00,
349,361,t4g6,,2024-07-09 13:16:00,
350,362,t4g6,,2024-07-09 13:17:00,
351,363,t4g6,22.55;65.15;21,2024-07-09 13:18:00,22.55
352,364,t4g6,22.57;65.10;27,2024-07-09 13:18:00,22.57
353,365,t4g6,22.57;65.01;28,2024-07-09 13:18:00,22.57
354,366,t4g6,22.8;64.8;20,2024-07-09 13:19:00,22.8
355,367,t4g6,22.9;64.2;27,2024-07-09 13:19:00,22.9
356,368,t4g6,23.1;65.0;20,2024-07-09 13:20:00,23.1
357,369,t4g6,23.1;78.7;27,2024-07-09 13:20:00,23.1
358,370,t4g6,23.1;63.4;21,2024-07-09 13:21:00,23.1
359,371,t4g6,22.8;63.6;20,2024-07-09 13:21:00,22.8
360,372,t4g6,22.8;63.8;27,2024-07-09 13:22:00,22.8
361,373,t4g6,22.8;65.8;28,2024-07-09 13:22:00,22.8
362,374,t4g6,22.8;64.0;28,2024-07-09 13:22:00,22.8
363,375,t4g6,22.8;63.8;27,2024-07-09 13:22:00,22.8
364,376,t4g6,22.7;63.9;27,2024-07-09 13:23:00,22.7
365,377,t4g6,22.7;63.8;27,2024-07-09 13:23:00,22.7
366,378,t4g6,22.6;64.2;27,2024-07-09 13:23:00,22.6
367,379,t4g6,22.6;64.0;27,2024-07-09 13:23:00,22.6
368,380,t4g6,22.5;64.1;27,2024-07-09 13:24:00,22.5
369,381,t4g6,22.5;71.1;27,2024-07-09 13:24:00,22.5
370,382,t4g6,22.7;81.8;27,2024-07-09 13:24:00,22.7
371,383,t4g6,22.6;68.0;27,2024-07-09 13:24:00,22.6
372,384,t4g6,22.6;64.6;27,2024-07-09 13:25:00,22.6
373,385,t4g6,22.6;65.0;27,2024-07-09 13:25:00,22.6
374,386,t4g6,22.5;65.0;27,2024-07-09 13:25:00,22.5
375,387,t4g6,22.5;65.0;27,2024-07-09 13:25:00,22.5
376,388,t4g6,22.4;64.9;27,2024-07-09 13:26:00,22.4
377,389,t4g6,22.4;65.4;27,2024-07-09 13:26:00,22.4
378,390,t4g6,22.4;65.1;27,2024-07-09 13:26:00,22.4
379,391,t4g6,22.4;65.1;27,2024-07-09 13:26:00,22.4
380,392,t4g6,22.4;65.3;27,2024-07-09 13:27:00,22.4
381,393,t4g6,22.4;65.8;27,2024-07-09 13:27:00,22.4
382,394,t4g6,22.4;65.9;27,2024-07-09 13:27:00,22.4
383,395,t4g6,22.5;65.6;27,2024-07-09 13:27:00,22.5
384,396,t4g6,23.9;64.2;66,2024-07-16 11:54:00,23.9
385,397,t4g6,23.7;64.8;72,2024-07-16 11:54:00,23.7
386,398,t4g6,23.4;65.3;65,2024-07-16 11:55:00,23.4
387,399,t4g6,23.1;68.0;60,2024-07-16 11:55:00,23.1
388,400,t4g6,23.0;67.2;55,2024-07-16 11:55:00,23.0
389,401,t4g6,22.7;68.7;36;Jun,2024-07-16 11:56:00,22.7
390,402,t4g6,22.7;68.0;45;Jun,2024-07-16 11:56:00,22.7
391,403,t4g6,22.6;68.6;42;Jun,2024-07-16 11:56:00,22.6
392,404,t4g6,22.6;68.6;40;Jun,2024-07-16 11:57:00,22.6
393,405,t4g6,22.5;68.5;38;Jun,2024-07-16 11:57:00,22.5
394,406,t4g6,22.5;69.4;37;Jun,2024-07-16 11:57:00,22.5
395,407,t4g6,22.5;69.8;36;Jun,2024-07-16 11:57:00,22.5
396,408,t4g6,22.5;69.8;34;Jun,2024-07-16 11:58:00,22.5
397,409,t4g6,22.4;70.0;34;Jun,2024-07-16 11:58:00,22.4
398,410,t4g6,22.4;69.5;33;Jun,2024-07-16 11:58:00,22.4
399,411,t4g6,22.4;69.3;31;Jun,2024-07-16 11:58:00,22.4
400,412,t4g6,22.3;68.9;31;Jun,2024-07-16 11:59:00,22.3
401,413,t4g6,22.3;70.0;30;Jun,2024-07-16 11:59:00,22.3
402,414,t4g6,22.3;70.8;30;Jun,2024-07-16 11:59:00,22.3
403,415,t4g6,22.3;70.3;29;Jun,2024-07-16 11:59:00,22.3
404,416,t4g6,22.3;70.0;29;Jun,2024-07-16 12:00:00,22.3
405,417,t4g6,22.3;70.2;29;Jun,2024-07-16 12:00:00,22.3
406,418,t4g6,22.3;69.8;29;Jun,2024-07-16 12:00:00,22.3
407,419,t4g6,22.3;69.4;29;Jun,2024-07-16 12:00:00,22.3
408,420,t4g6,22.2;69.2;29;Jun,2024-07-16 12:01:00,22.2
409,421,t4g6,22.3;69.3;28;Jun,2024-07-16 12:01:00,22.3
410,422,t4g6,22.3;70.0;28;Jun,2024-07-16 12:01:00,22.3
411,423,t4g6,22.3;70.5;28;Jun,2024-07-16 12:01:00,22.3
412,424,t4g6,22.4;70.9;28;Jun,2024-07-16 12:02:00,22.4
413,425,t4g6,22.3;70.3;28;Jun,2024-07-16 12:02:00,22.3
414,426,t4g6,22.3;70.3;28;Jun,2024-07-16 12:02:00,22.3
415,427,t4g6,22.3;69.4;27;Jun,2024-07-16 12:02:00,22.3
416,428,t4g6,22.2;69.2;27;Jun,2024-07-16 12:03:00,22.2
417,429,t4g6,22.3;69.4;27;Jun,2024-07-16 12:03:00,22.3
418,430,t4g6,22.3;70.5;27;Jun,2024-07-16 12:03:00,22.3
419,431,t4g6,22.3;69.5;27;Jun,2024-07-16 12:03:00,22.3
420,432,t4g6,22.3;69.9;27;Jun,2024-07-16 12:04:00,22.3
421,433,t4g6,22.1;70.4;29;Jun,2024-07-16 12:14:00,22.1
422,434,t4g6,25.1;61.9;35;Jun,2024-07-16 12:32:00,25.1
423,435,t4g6,25.0;61.3;35;Jun,2024-07-16 12:42:00,25.0
424,436,t4g6,24.9;60.9;35;Jun,2024-07-16 12:52:00,24.9
425,437,t4g6,25.0;60.3;37;Jun,2024-07-16 13:02:00,25.0
426,438,t4g6,24.7;60.9;38;Jun,2024-07-16 13:12:00,24.7
427,439,t4g6,24.9;59.9;38;Jun,2024-07-16 13:22:00,24.9
428,440,t4g6,25.1;59.9;39;Jun,2024-07-16 13:32:00,25.1
429,441,t4g6,25.2;60.9;39;Jun,2024-07-16 13:42:00,25.2
430,442,t4g6,25.3;61.7;39;Jun,2024-07-16 13:52:00,25.3
431,443,t4g6,25.5;61.6;41;Jun,2024-07-16 14:02:00,25.5
432,444,t4g6,25.6;62.2;41;Jun,2024-07-16 14:12:00,25.6
433,445,t4g6,25.6;61.8;41;Jun,2024-07-16 14:22:00,25.6
434,446,t4g6,25.6;61.5;42;Jun,2024-07-16 14:32:00,25.6
435,447,t4g6,25.5;62.2;42;Jun,2024-07-16 14:42:00,25.5
436,448,t4g6,25.6;62.5;43;Jun,2024-07-16 14:52:00,25.6
437,449,t4g6,25.6;62.1;42;Jun,2024-07-16 15:02:00,25.6
438,450,t4g6,25.5;62.7;43;Jun,2024-07-16 15:12:00,25.5
439,451,t4g6,25.4;62.9;43;Jun,2024-07-16 15:22:00,25.4
440,452,t4g6,25.7;62.1;43;Jun,2024-07-16 15:32:00,25.7
441,453,t4g6,25.6;62.1;43;Jun,2024-07-16 15:42:00,25.6
442,454,t4g6,25.8;61.8;44;Jun,2024-07-16 15:52:00,25.8
443,455,t4g6,25.8;62.1;44;Jun,2024-07-16 16:02:00,25.8
444,456,t4g6,25.8;61.9;44;Jun,2024-07-16 16:12:00,25.8
445,457,t4g6,26.0;61.7;44;Jun,2024-07-16 16:22:00,26.0
446,458,t4g6,26.2;61.6;44;Jun,2024-07-16 16:32:00,26.2
447,459,t4g6,26.2;62.0;44;Jun,2024-07-16 16:42:00,26.2
448,460,t4g6,26.1;62.9;43;Jun,2024-07-16 16:52:00,26.1
449,461,t4g6,25.8;63.2;43;Jun,2024-07-16 17:02:00,25.8
450,462,t4g6,25.7;63.3;44;Jun,2024-07-16 17:12:00,25.7
451,463,t4g6,25.7;62.8;44;Jun,2024-07-16 17:22:00,25.7
452,464,t4g6,25.6;62.8;44;Jun,2024-07-16 17:32:00,25.6
453,465,t4g6,25.7;62.5;45;Jun,2024-07-16 17:42:00,25.7
454,466,t4g6,25.6;63.0;45;Jun,2024-07-16 17:52:00,25.6
455,467,t4g6,25.5;63.6;45;Jun,2024-07-16 18:02:00,25.5
456,468,t4g6,25.5;63.4;45;Jun,2024-07-16 18:12:00,25.5
457,469,t4g6,25.2;63.8;46;Jun,2024-07-16 18:22:00,25.2
458,470,t4g6,25.3;63.3;45;Jun,2024-07-16 18:32:00,25.3
459,471,t4g6,25.2;62.6;45;Jun,2024-07-16 18:42:00,25.2
460,472,t4g6,25.1;63.1;46;Jun,2024-07-16 18:52:00,25.1
461,473,t4g6,25.0;63.1;46;Jun,2024-07-16 19:02:00,25.0
462,474,t4g6,25.4;62.6;35;Jun,2024-07-16 19:12:00,25.4
463,475,t4g6,25.6;63.0;46;Jun,2024-07-16 19:22:00,25.6
464,476,t4g6,25.7;63.7;47;Jun,2024-07-16 19:32:00,25.7
465,477,t4g6,25.8;64.2;46;Jun,2024-07-16 19:42:00,25.8
466,478,t4g6,25.9;64.8;47;Jun,2024-07-16 19:52:00,25.9
467,479,t4g6,25.9;65.8;45;Jun,2024-07-16 20:02:00,25.9
468,480,t4g6,26.0;65.3;45;Jun,2024-07-16 20:12:00,26.0
469,481,t4g6,26.0;66.0;44;Jun,2024-07-16 20:22:00,26.0
470,482,t4g6,23.4;70.0;47;Jun,2024-07-22 16:06:00,23.4
471,483,t4g6,23.4;70.1;59;Jun,2024-07-22 16:06:00,23.4
472,484,t4g6,23.5;70.0;59;Jun,2024-07-22 16:06:00,23.5
473,485,t4g6,26.7;61.7;61;Jun,2024-07-22 16:18:00,26.7
474,486,t4g6,26.7;61.7;59;Jun,2024-07-22 16:28:00,26.7
475,487,t4g6,26.6;62.0;59;Jun,2024-07-22 16:38:00,26.6
476,488,t4g6,26.8;61.6;59;Jun,2024-07-22 16:48:00,26.8
477,489,t4g6,26.7;61.9;58;Jun,2024-07-22 16:58:00,26.7
478,490,t4g6,26.7;62.1;58;Jun,2024-07-22 17:08:00,26.7
479,491,t4g6,26.8;62.0;58;Jun,2024-07-22 17:18:00,26.8
480,492,t4g6,26.9;61.4;58;Jun,2024-07-22 17:28:00,26.9
481,493,t4g6,26.8;62.3;57;Jun,2024-07-22 17:38:00,26.8
482,494,t4g6,26.7;62.2;58;Jun,2024-07-22 17:48:00,26.7
483,495,t4g6,26.6;62.1;56;Jun,2024-07-22 17:58:00,26.6
484,496,t4g6,26.6;61.8;58;Jun,2024-07-22 18:08:00,26.6
485,497,t4g6,26.5;62.5;58;Jun,2024-07-22 18:18:00,26.5
486,498,t4g6,26.4;62.1;57;Jun,2024-07-22 18:28:00,26.4
487,499,t4g6,26.3;62.0;58;Jun,2024-07-22 18:38:00,26.3
488,500,t4g6,26.3;62.2;57;Jun,2024-07-22 18:48:00,26.3
489,501,t4g6,26.2;62.7;59;Jun,2024-07-22 18:58:00,26.2
490,502,t4g6,26.4;62.0;58;Jun,2024-07-22 19:08:00,26.4
491,503,t4g6,26.7;62.8;58;Jun,2024-07-22 19:18:00,26.7
492,504,t4g6,26.8;63.6;57;Jun,2024-07-22 19:28:00,26.8
493,505,t4g6,26.9;64.6;56;Jun,2024-07-22 19:38:00,26.9
494,506,t4g6,26.9;64.5;57;Jun,2024-07-22 19:48:00,26.9
495,507,t4g6,27.0;64.8;56;Jun,2024-07-22 19:58:00,27.0
496,508,t4g6,27.1;65.1;55;Jun,2024-07-22 20:08:00,27.1
497,509,t4g6,27.1;66.6;56;Jun,2024-07-22 20:18:00,27.1
498,510,t4g6,27.1;66.6;55;Jun,2024-07-22 20:28:00,27.1
499,511,t4g6,27.2;66.9;55;Jun,2024-07-22 20:38:00,27.2
500,512,t4g6,27.2;66.8;55;Jun,2024-07-22 20:48:00,27.2
501,513,t4g6,27.2;66.9;56;Jun,2024-07-22 20:58:00,27.2
502,514,t4g6,27.2;67.3;56;Jun,2024-07-22 21:08:00,27.2
503,515,t4g6,27.2;68.0;55;Jun,2024-07-22 21:18:00,27.2
504,516,t4g6,27.3;68.3;55;Jun,2024-07-22 21:28:00,27.3
505,517,t4g6,27.3;68.8;56;Jun,2024-07-22 21:38:00,27.3
506,518,t4g6,27.3;68.5;56;Jun,2024-07-22 21:48:00,27.3
507,519,t4g6,27.3;68.8;56;Jun,2024-07-22 21:58:00,27.3
508,520,t4g6,27.3;69.4;55;Jun,2024-07-22 22:08:00,27.3
509,521,t4g6,27.3;69.4;55;Jun,2024-07-22 22:18:00,27.3
510,522,t4g6,27.3;69.5;55;Jun,2024-07-22 22:28:00,27.3
511,523,t4g6,27.3;69.4;56;Jun,2024-07-22 22:38:00,27.3
512,524,t4g6,27.4;69.8;55;Jun,2024-07-22 22:48:00,27.4
513,525,t4g6,27.3;70.1;55;Jun,2024-07-22 22:58:00,27.3
514,526,t4g6,27.3;70.3;54;Jun,2024-07-22 23:08:00,27.3
515,527,t4g6,27.3;70.3;55;Jun,2024-07-22 23:18:00,27.3
516,528,t4g6,27.4;70.7;55;Jun,2024-07-22 23:28:00,27.4
517,529,t4g6,27.3;71.2;61;Jun,2024-07-22 23:38:00,27.3
518,530,t4g6,27.3;70.7;55;Jun,2024-07-22 23:48:00,27.3
519,531,t4g6,27.3;71.6;54;Jun,2024-07-22 23:58:00,27.3
520,532,t4g6,27.3;71.4;56;Jun,2024-07-23 00:08:00,27.3
521,533,t4g6,27.3;72.0;56;Jun,2024-07-23 00:18:00,27.3
522,534,t4g6,27.3;71.9;56;Jun,2024-07-23 00:28:00,27.3
523,535,t4g6,27.3;71.8;55;Jun,2024-07-23 00:38:00,27.3
524,536,t4g6,27.3;72.0;56;Jun,2024-07-23 00:48:00,27.3
525,537,t4g6,27.3;72.5;55;Jun,2024-07-23 00:58:00,27.3
526,538,t4g6,27.3;71.9;55;Jun,2024-07-23 01:08:00,27.3
527,539,t4g6,27.3;72.7;55;Jun,2024-07-23 01:18:00,27.3
528,540,t4g6,27.4;72.4;55;Jun,2024-07-23 01:28:00,27.4
529,541,t4g6,27.4;72.9;55;Jun,2024-07-23 01:38:00,27.4
530,542,t4g6,27.4;72.9;54;Jun,2024-07-23 01:48:00,27.4
531,543,t4g6,27.4;73.0;56;Jun,2024-07-23 01:58:00,27.4
532,544,t4g6,27.4;74.2;54;Jun,2024-07-23 02:08:00,27.4
533,545,t4g6,27.4;74.3;54;Jun,2024-07-23 02:18:00,27.4
534,546,t4g6,27.4;74.3;54;Jun,2024-07-23 02:28:00,27.4
535,547,t4g6,27.4;74.2;54;Jun,2024-07-23 02:38:00,27.4
536,548,t4g6,27.4;74.6;54;Jun,2024-07-23 02:48:00,27.4
537,549,t4g6,27.4;75.0;54;Jun,2024-07-23 02:58:00,27.4
538,550,t4g6,27.4;74.6;54;Jun,2024-07-23 03:08:00,27.4
539,551,t4g6,27.4;74.2;54;Jun,2024-07-23 03:18:00,27.4
540,552,t4g6,27.4;75.0;53;Jun,2024-07-23 03:28:00,27.4
541,553,t4g6,27.4;74.3;54;Jun,2024-07-23 03:38:00,27.4
542,554,t4g6,27.4;75.1;54;Jun,2024-07-23 03:48:00,27.4
543,555,t4g6,27.4;74.4;54;Jun,2024-07-23 03:58:00,27.4
544,556,t4g6,27.4;75.2;53;Jun,2024-07-23 04:08:00,27.4
545,557,t4g6,27.4;75.2;54;Jun,2024-07-23 04:18:00,27.4
546,558,t4g6,27.4;75.4;55;Jun,2024-07-23 04:28:00,27.4
547,559,t4g6,27.4;75.6;54;Jun,2024-07-23 04:38:00,27.4
548,560,t4g6,27.4;75.7;56;Jun,2024-07-23 04:48:00,27.4
549,561,t4g6,27.4;75.9;54;Jun,2024-07-23 04:58:00,27.4
550,562,t4g6,27.4;75.4;55;Jun,2024-07-23 05:08:00,27.4
551,563,t4g6,27.4;76.1;54;Jun,2024-07-23 05:18:00,27.4
552,564,t4g6,27.4;75.9;53;Jun,2024-07-23 05:28:00,27.4
553,565,t4g6,27.4;75.8;55;Jun,2024-07-23 05:38:00,27.4
554,566,t4g6,27.4;76.7;53;Jun,2024-07-23 05:48:00,27.4
555,567,t4g6,27.4;76.4;51;Jun,2024-07-23 05:58:00,27.4
556,568,t4g6,27.4;76.5;53;Jun,2024-07-23 06:08:00,27.4
557,569,t4g6,27.4;76.7;53;Jun,2024-07-23 06:18:00,27.4
558,570,t4g6,27.4;77.3;54;Jun,2024-07-23 06:28:00,27.4
559,571,t4g6,27.1;73.8;53;Jun,2024-07-23 06:38:00,27.1
560,572,t4g6,26.7;72.6;56;Jun,2024-07-23 06:48:00,26.7
561,573,t4g6,26.5;70.4;58;Jun,2024-07-23 06:58:00,26.5
562,574,t4g6,26.4;69.3;59;Jun,2024-07-23 07:08:00,26.4
563,575,t4g6,26.2;68.4;60;Jun,2024-07-23 07:18:00,26.2
564,576,t4g6,26.1;67.1;59;Jun,2024-07-23 07:28:00,26.1
565,577,t4g6,25.9;66.5;61;Jun,2024-07-23 07:38:00,25.9
566,578,t4g6,25.7;65.7;61;Jun,2024-07-23 07:48:00,25.7
567,579,t4g6,25.6;64.3;61;Jun,2024-07-23 07:58:00,25.6
568,580,t4g6,25.5;63.4;60;Jun,2024-07-23 08:08:00,25.5
569,581,t4g6,25.4;62.2;60;Jun,2024-07-23 08:18:00,25.4
570,582,t4g6,25.1;61.9;60;Jun,2024-07-23 08:28:00,25.1
571,583,t4g6,25.2;60.4;60;Jun,2024-07-23 08:38:00,25.2
572,584,t4g6,25.1;60.0;60;Jun,2024-07-23 08:48:00,25.1
573,585,t4g6,25.0;59.5;60;Jun,2024-07-23 08:58:00,25.0
574,586,t4g6,25.0;59.1;60;Jun,2024-07-23 09:08:00,25.0
575,587,t4g6,24.8;59.0;60;Jun,2024-07-23 09:18:00,24.8
576,588,t4g6,24.9;58.5;60;Jun,2024-07-23 09:28:00,24.9
577,589,t4g6,24.8;58.8;61;Jun,2024-07-23 09:38:00,24.8
578,590,t4g6,24.8;58.8;60;Jun,2024-07-23 09:48:00,24.8
579,591,t4g6,24.9;59.0;59;Jun,2024-07-23 09:58:00,24.9
580,592,t4g6,24.9;59.4;57;Jun,2024-07-23 10:08:00,24.9
581,593,t4g6,25.0;59.4;58;Jun,2024-07-23 10:18:00,25.0
582,594,t4g6,25.1;59.8;56;Jun,2024-07-23 10:28:00,25.1
583,595,t4g6,25.1;59.9;59;Jun,2024-07-23 10:38:00,25.1
584,596,t4g6,25.3;60.3;59;Jun,2024-07-23 10:48:00,25.3
585,597,t4g6,25.2;60.2;58;Jun,2024-07-23 10:58:00,25.2
586,598,t4g6,25.2;60.4;57;Jun,2024-07-23 11:08:00,25.2
587,599,t4g6,25.4;59.9;58;Jun,2024-07-23 11:18:00,25.4
588,600,t4g6,25.5;60.2;58;Jun,2024-07-23 11:28:00,25.5
589,601,t4g6,25.5;59.7;59;Jun,2024-07-23 11:38:00,25.5
590,602,t4g6,25.5;60.2;59;Jun,2024-07-23 11:48:00,25.5
591,603,t4g6,25.6;60.2;59;Jun,2024-07-23 11:58:00,25.6
592,604,t4g6,25.6;60.5;59;Jun,2024-07-23 12:08:00,25.6
593,605,t4g6,25.6;60.6;59;Jun,2024-07-23 12:18:00,25.6
594,606,t4g6,25.7;60.8;61;Jun,2024-07-23 12:28:00,25.7
595,607,t4g6,25.7;59.3;61;Jun,2024-07-23 12:38:00,25.7
596,608,t4g6,25.8;60.0;61;Jun,2024-07-23 12:48:00,25.8
597,609,t4g6,25.9;60.3;60;Jun,2024-07-23 12:58:00,25.9
598,610,t4g6,25.9;60.2;58;Jun,2024-07-23 13:08:00,25.9
599,611,t4g6,25.9;60.1;58;Jun,2024-07-23 13:18:00,25.9
600,612,t4g6,26.1;61.2;58;Jun,2024-07-23 13:28:00,26.1
601,613,t4g6,26.0;60.6;59;Jun,2024-07-23 13:38:00,26.0
602,614,t4g6,26.3;61.1;59;Jun,2024-07-23 13:48:00,26.3
603,615,t4g6,26.5;61.7;59;Jun,2024-07-23 13:58:00,26.5
604,616,t4g6,26.5;61.0;59;Jun,2024-07-23 14:08:00,26.5
605,617,t4g6,26.5;61.3;59;Jun,2024-07-23 14:18:00,26.5
606,618,t4g6,26.5;60.6;61;Jun,2024-07-23 14:28:00,26.5
607,619,t4g6,26.7;60.7;59;Jun,2024-07-23 14:38:00,26.7
608,620,t4g6,26.8;60.2;59;Jun,2024-07-23 14:48:00,26.8
609,621,t4g6,26.7;61.7;59;Jun,2024-07-23 14:58:00,26.7
610,622,t4g6,26.9;61.4;58;Jun,2024-07-23 15:08:00,26.9
611,623,t4g6,27.0;60.5;59;Jun,2024-07-23 15:18:00,27.0
612,624,t4g6,27.1;61.0;58;Jun,2024-07-23 15:29:00,27.1
613,625,t4g6,27.1;59.9;58;Jun,2024-07-23 15:39:00,27.1
614,626,t4g6,27.3;60.7;58;Jun,2024-07-23 15:49:00,27.3
615,627,t4g6,27.4;60.7;59;Jun,2024-07-23 15:59:00,27.4
616,628,t4g6,27.6;60.7;59;Jun,2024-07-23 16:09:00,27.6
617,629,t4g6,27.5;61.1;59;Jun,2024-07-23 16:19:00,27.5
618,630,t4g6,27.6;61.0;59;Jun,2024-07-23 16:29:00,27.6
619,631,t4g6,27.7;60.4;61;Jun,2024-07-23 16:39:00,27.7
620,632,t4g6,27.7;60.7;59;Jun,2024-07-23 16:49:00,27.7
621,633,t4g6,27.7;60.6;61;Jun,2024-07-23 16:59:00,27.7
622,634,t4g6,27.4;61.1;60;Jun,2024-07-23 17:09:00,27.4
623,635,t4g6,27.5;61.2;60;Jun,2024-07-23 17:19:00,27.5
624,636,t4g6,27.6;60.9;59;Jun,2024-07-23 17:29:00,27.6
625,637,t4g6,27.4;61.4;60;Jun,2024-07-23 17:39:00,27.4
626,638,t4g6,27.3;61.3;59;Jun,2024-07-23 17:49:00,27.3
627,639,t4g6,27.1;61.5;60;Jun,2024-07-23 17:59:00,27.1
628,640,t4g6,27.0;61.4;60;Jun,2024-07-23 18:09:00,27.0
629,641,t4g6,26.8;62.1;59;Jun,2024-07-23 18:19:00,26.8
630,642,t4g6,26.6;61.9;59;Jun,2024-07-23 18:29:00,26.6
631,643,t4g6,26.5;62.0;60;Jun,2024-07-23 18:39:00,26.5
632,644,t4g6,26.2;61.8;59;Jun,2024-07-23 18:49:00,26.2
633,645,t4g6,26.1;61.5;60;Jun,2024-07-23 18:59:00,26.1
634,646,t4g6,26.5;60.7;59;Jun,2024-07-23 19:09:00,26.5
635,647,t4g6,26.8;60.9;59;Jun,2024-07-23 19:19:00,26.8
636,648,t4g6,26.9;61.8;58;Jun,2024-07-23 19:29:00,26.9
637,649,t4g6,27.0;62.9;58;Jun,2024-07-23 19:39:00,27.0
638,650,t4g6,27.1;63.5;57;Jun,2024-07-23 19:49:00,27.1
639,651,t4g6,27.1;64.1;57;Jun,2024-07-23 19:59:00,27.1
640,652,t4g6,27.2;64.4;56;Jun,2024-07-23 20:09:00,27.2
641,653,t4g6,27.2;65.4;57;Jun,2024-07-23 20:19:00,27.2
642,654,t4g6,27.2;65.7;55;Jun,2024-07-23 20:29:00,27.2
643,655,t4g6,27.3;66.2;55;Jun,2024-07-23 20:39:00,27.3
644,656,t4g6,27.3;67.7;54;Jun,2024-07-23 20:49:00,27.3
645,657,t4g6,27.3;67.7;53;Jun,2024-07-23 20:59:00,27.3
646,658,t4g6,27.3;68.8;54;Jun,2024-07-23 21:09:00,27.3
647,659,t4g6,27.4;69.3;52;Jun,2024-07-23 21:19:00,27.4
648,660,t4g6,27.3;68.6;53;Jun,2024-07-23 21:29:00,27.3
649,661,t4g6,27.3;69.4;53;Jun,2024-07-23 21:39:00,27.3
650,662,t4g6,27.3;69.1;53;Jun,2024-07-23 21:49:00,27.3
651,663,t4g6,27.4;70.0;53;Jun,2024-07-23 21:59:00,27.4
652,664,t4g6,27.4;70.2;53;Jun,2024-07-23 22:09:00,27.4
653,665,t4g6,27.4;71.7;53;Jun,2024-07-23 22:19:00,27.4
654,666,t4g6,27.4;70.5;51;Jun,2024-07-23 22:29:00,27.4
655,667,t4g6,27.4;71.0;52;Jun,2024-07-23 22:39:00,27.4
656,668,t4g6,27.4;71.8;50;Jun,2024-07-23 22:49:00,27.4
657,669,t4g6,27.4;72.0;53;Jun,2024-07-23 22:59:00,27.4
658,670,t4g6,27.4;71.5;51;Jun,2024-07-23 23:09:00,27.4
659,671,t4g6,27.4;71.5;52;Jun,2024-07-23 23:19:00,27.4
660,672,t4g6,27.4;72.7;53;Jun,2024-07-23 23:29:00,27.4
661,673,t4g6,27.5;72.9;52;Jun,2024-07-23 23:39:00,27.5
662,674,t4g6,27.4;72.0;53;Jun,2024-07-23 23:49:00,27.4
663,675,t4g6,27.4;73.5;52;Jun,2024-07-23 23:59:00,27.4
664,676,t4g6,27.4;72.5;50;Jun,2024-07-24 00:09:00,27.4
665,677,t4g6,27.4;72.7;52;Jun,2024-07-24 00:19:00,27.4
666,678,t4g6,27.4;72.7;53;Jun,2024-07-24 00:29:00,27.4
667,679,t4g6,27.4;72.6;50;Jun,2024-07-24 00:39:00,27.4
668,680,t4g6,27.4;73.8;53;Jun,2024-07-24 00:49:00,27.4
669,681,t4g6,27.4;73.2;53;Jun,2024-07-24 00:59:00,27.4
670,682,t4g6,27.4;73.8;53;Jun,2024-07-24 01:09:00,27.4
671,683,t4g6,27.4;73.8;53;Jun,2024-07-24 01:19:00,27.4
672,684,t4g6,27.4;73.9;51;Jun,2024-07-24 01:29:00,27.4
673,685,t4g6,27.4;74.2;52;Jun,2024-07-24 01:39:00,27.4
674,686,t4g6,27.4;74.6;53;Jun,2024-07-24 01:49:00,27.4
675,687,t4g6,27.4;74.3;52;Jun,2024-07-24 01:59:00,27.4
676,688,t4g6,27.4;74.1;52;Jun,2024-07-24 02:09:00,27.4
677,689,t4g6,27.4;75.0;52;Jun,2024-07-24 02:19:00,27.4
678,690,t4g6,27.4;74.3;52;Jun,2024-07-24 02:29:00,27.4
679,691,t4g6,27.4;74.4;53;Jun,2024-07-24 02:39:00,27.4
680,692,t4g6,27.4;74.6;26;Jun,2024-07-24 02:49:00,27.4
681,693,t4g6,27.4;75.0;52;Jun,2024-07-24 02:59:00,27.4
682,694,t4g6,27.4;74.8;53;Jun,2024-07-24 03:09:00,27.4
683,695,t4g6,27.4;74.7;58;Jun,2024-07-24 03:19:00,27.4
684,696,t4g6,27.4;74.5;52;Jun,2024-07-24 03:29:00,27.4
685,697,t4g6,27.4;75.1;52;Jun,2024-07-24 03:39:00,27.4
686,698,t4g6,27.4;75.1;53;Jun,2024-07-24 03:49:00,27.4
687,699,t4g6,27.4;75.2;53;Jun,2024-07-24 03:59:00,27.4
688,700,t4g6,27.4;74.8;53;Jun,2024-07-24 04:09:00,27.4
689,701,t4g6,27.4;75.2;53;Jun,2024-07-24 04:19:00,27.4
690,702,t4g6,27.4;74.9;51;Jun,2024-07-24 04:29:00,27.4
691,703,t4g6,27.4;75.1;53;Jun,2024-07-24 04:39:00,27.4
692,704,t4g6,27.4;76.0;52;Jun,2024-07-24 04:49:00,27.4
693,705,t4g6,27.4;75.9;52;Jun,2024-07-24 04:59:00,27.4
694,706,t4g6,27.4;75.4;55;Jun,2024-07-24 05:09:00,27.4
695,707,t4g6,27.4;76.1;54;Jun,2024-07-24 05:19:00,27.4
696,708,t4g6,27.4;76.3;52;Jun,2024-07-24 05:29:00,27.4
697,709,t4g6,27.4;75.5;52;Jun,2024-07-24 05:39:00,27.4
698,710,t4g6,27.4;75.8;52;Jun,2024-07-24 05:49:00,27.4
699,711,t4g6,27.4;75.7;52;Jun,2024-07-24 05:59:00,27.4
700,712,t4g6,27.4;76.5;52;Jun,2024-07-24 06:09:00,27.4
701,713,t4g6,27.4;76.9;52;Jun,2024-07-24 06:19:00,27.4
702,714,t4g6,27.4;76.2;53;Jun,2024-07-24 06:29:00,27.4
703,715,t4g6,27.1;73.5;50;Jun,2024-07-24 06:39:00,27.1
704,716,t4g6,26.7;72.1;54;Jun,2024-07-24 06:49:00,26.7
705,717,t4g6,26.5;70.7;57;Jun,2024-07-24 06:59:00,26.5
706,718,t4g6,26.4;69.7;58;Jun,2024-07-24 07:09:00,26.4
707,719,t4g6,26.2;69.3;59;Jun,2024-07-24 07:19:00,26.2
708,720,t4g6,26.1;68.4;60;Jun,2024-07-24 07:29:00,26.1
709,721,t4g6,25.9;67.9;60;Jun,2024-07-24 07:39:00,25.9
710,722,t4g6,25.8;66.6;60;Jun,2024-07-24 07:49:00,25.8
711,723,t4g6,25.7;65.2;60;Jun,2024-07-24 07:59:00,25.7
712,724,t4g6,25.5;64.5;60;Jun,2024-07-24 08:09:00,25.5
713,725,t4g6,25.4;63.4;59;Jun,2024-07-24 08:19:00,25.4
714,726,t4g6,25.2;62.7;51;Jun,2024-07-24 08:29:00,25.2
715,727,t4g6,25.2;61.9;59;Jun,2024-07-24 08:39:00,25.2
716,728,t4g6,25.1;61.2;59;Jun,2024-07-24 08:49:00,25.1
717,729,t4g6,25.0;60.8;59;Jun,2024-07-24 08:59:00,25.0
718,730,t4g6,25.0;60.8;60;Jun,2024-07-24 09:09:00,25.0
719,731,t4g6,24.9;60.5;58;Jun,2024-07-24 09:19:00,24.9
720,732,t4g6,24.9;60.5;59;Jun,2024-07-24 09:29:00,24.9
721,733,t4g6,24.8;60.2;58;Jun,2024-07-24 09:39:00,24.8
722,734,t4g6,24.8;60.2;58;Jun,2024-07-24 09:49:00,24.8
723,735,t4g6,24.8;59.7;58;Jun,2024-07-24 09:59:00,24.8
724,736,t4g6,24.9;59.2;59;Jun,2024-07-24 10:09:00,24.9
725,737,t4g6,24.9;60.0;59;Jun,2024-07-24 10:19:00,24.9
726,738,t4g6,24.8;60.3;59;Jun,2024-07-24 10:29:00,24.8
727,739,t4g6,25.0;61.0;58;Jun,2024-07-24 10:39:00,25.0
728,740,t4g6,24.9;61.7;58;Jun,2024-07-24 10:49:00,24.9
729,741,t4g6,24.9;61.7;57;Jun,2024-07-24 10:59:00,24.9
730,742,t4g6,25.0;61.0;58;Jun,2024-07-24 11:09:00,25.0
731,743,t4g6,25.0;61.1;57;Jun,2024-07-24 11:19:00,25.0
732,744,t4g6,25.1;60.7;57;Jun,2024-07-24 11:29:00,25.1
733,745,t4g6,25.3;60.3;57;Jun,2024-07-24 11:39:00,25.3
734,746,t4g6,25.1;60.6;57;Jun,2024-07-24 11:49:00,25.1
735,747,t4g6,25.2;61.4;59;Jun,2024-07-24 11:59:00,25.2
736,748,t4g6,25.2;62.1;58;Jun,2024-07-24 12:09:00,25.2
737,749,t4g6,25.4;61.6;58;Jun,2024-07-24 12:19:00,25.4
738,750,t4g6,25.4;62.1;58;Jun,2024-07-24 12:29:00,25.4
739,751,t4g6,25.4;61.7;58;Jun,2024-07-24 12:39:00,25.4
740,752,t4g6,25.6;60.7;58;Jun,2024-07-24 12:49:00,25.6
741,753,t4g6,25.6;61.2;58;Jun,2024-07-24 12:59:00,25.6
742,754,t4g6,25.5;60.6;57;Jun,2024-07-24 13:09:00,25.5
743,755,t4g6,25.7;60.3;57;Jun,2024-07-24 13:19:00,25.7
744,756,t4g6,25.6;60.8;57;Jun,2024-07-24 13:29:00,25.6
745,757,t4g6,25.7;61.8;57;Jun,2024-07-24 13:39:00,25.7
746,758,t4g6,25.7;60.5;56;Jun,2024-07-24 13:49:00,25.7
747,759,t4g6,25.7;60.4;56;Jun,2024-07-24 13:59:00,25.7
748,760,t4g6,25.7;60.9;56;Jun,2024-07-24 14:09:00,25.7
749,761,t4g6,25.8;60.5;56;Jun,2024-07-24 14:19:00,25.8
750,762,t4g6,25.8;61.8;56;Jun,2024-07-24 14:29:00,25.8
751,763,t4g6,26.0;61.5;56;Jun,2024-07-24 14:39:00,26.0
752,764,t4g6,25.9;61.5;57;Jun,2024-07-24 14:49:00,25.9
753,765,t4g6,25.8;61.3;56;Jun,2024-07-24 14:59:00,25.8
754,766,t4g6,25.9;61.2;56;Jun,2024-07-24 15:09:00,25.9
755,767,t4g6,26.0;60.9;51;Jun,2024-07-24 15:19:00,26.0
756,768,t4g6,26.0;60.5;55;Jun,2024-07-24 15:29:00,26.0
757,769,t4g6,26.0;61.4;56;Jun,2024-07-24 15:39:00,26.0
758,770,t4g6,26.1;60.7;56;Jun,2024-07-24 15:49:00,26.1
759,771,t4g6,26.0;60.5;56;Jun,2024-07-24 15:59:00,26.0
760,772,t4g6,26.2;60.0;55;Jun,2024-07-24 16:09:00,26.2
761,773,t4g6,26.3;60.3;56;Jun,2024-07-24 16:19:00,26.3
762,774,t4g6,26.4;60.6;56;Jun,2024-07-24 16:29:00,26.4
763,775,t4g6,26.4;60.6;55;Jun,2024-07-24 16:39:00,26.4
764,776,t4g6,26.5;60.0;55;Jun,2024-07-24 16:49:00,26.5
765,777,t4g6,26.5;61.1;54;Jun,2024-07-24 16:59:00,26.5
766,778,t4g6,26.6;59.9;55;Jun,2024-07-24 17:09:00,26.6
767,779,t4g6,26.4;60.5;55;Jun,2024-07-24 17:19:00,26.4
768,780,t4g6,26.5;60.3;54;Jun,2024-07-24 17:29:00,26.5
769,781,t4g6,26.5;59.8;56;Jun,2024-07-24 17:39:00,26.5
770,782,t4g6,26.4;60.3;55;Jun,2024-07-24 17:49:00,26.4
771,783,t4g6,26.4;60.5;55;Jun,2024-07-24 17:59:00,26.4
772,784,t4g6,26.3;60.1;56;Jun,2024-07-24 18:09:00,26.3
773,785,t4g6,26.2;60.5;56;Jun,2024-07-24 18:19:00,26.2
774,786,t4g6,26.1;60.4;56;Jun,2024-07-24 18:29:00,26.1
775,787,t4g6,25.9;60.9;56;Jun,2024-07-24 18:39:00,25.9
776,788,t4g6,25.8;61.0;56;Jun,2024-07-24 18:49:00,25.8
777,789,t4g6,25.6;61.2;57;Jun,2024-07-24 18:59:00,25.6
778,790,t4g6,26.1;59.9;57;Jun,2024-07-24 19:09:00,26.1
779,791,t4g6,26.4;60.4;57;Jun,2024-07-24 19:19:00,26.4
780,792,t4g6,26.5;61.6;56;Jun,2024-07-24 19:29:00,26.5
781,793,t4g6,26.6;61.8;56;Jun,2024-07-24 19:39:00,26.6
782,794,t4g6,26.7;62.6;56;Jun,2024-07-24 19:49:00,26.7
783,795,t4g6,26.7;63.1;55;Jun,2024-07-24 19:59:00,26.7
784,796,t4g6,26.8;63.9;55;Jun,2024-07-24 20:09:00,26.8
785,797,t4g6,26.8;64.2;54;Jun,2024-07-24 20:19:00,26.8
786,798,t4g6,26.9;64.6;54;Jun,2024-07-24 20:29:00,26.9
787,799,t4g6,26.9;65.0;53;Jun,2024-07-24 20:39:00,26.9
788,800,t4g6,26.9;65.6;54;Jun,2024-07-24 20:50:00,26.9
789,801,t4g6,26.9;66.8;53;Jun,2024-07-24 21:00:00,26.9
790,802,t4g6,27.0;66.0;53;Jun,2024-07-24 21:10:00,27.0
791,803,t4g6,27.0;67.2;54;Jun,2024-07-24 21:20:00,27.0
792,804,t4g6,27.0;66.9;53;Jun,2024-07-24 21:30:00,27.0
793,805,t4g6,27.0;67.5;51;Jun,2024-07-24 21:40:00,27.0
794,806,t4g6,27.0;67.4;53;Jun,2024-07-24 21:50:00,27.0
795,807,t4g6,27.0;68.1;51;Jun,2024-07-24 22:00:00,27.0
796,808,t4g6,27.0;67.7;52;Jun,2024-07-24 22:10:00,27.0
797,809,t4g6,27.1;68.6;52;Jun,2024-07-24 22:20:00,27.1
798,810,t4g6,27.0;68.1;53;Jun,2024-07-24 22:30:00,27.0
799,811,t4g6,27.1;68.5;52;Jun,2024-07-24 22:40:00,27.1
800,812,t4g6,27.1;68.8;52;Jun,2024-07-24 22:50:00,27.1
801,813,t4g6,27.1;68.9;53;Jun,2024-07-24 23:00:00,27.1
802,814,t4g6,27.0;68.9;54;Jun,2024-07-24 23:10:00,27.0
803,815,t4g6,27.0;68.6;53;Jun,2024-07-24 23:20:00,27.0
804,816,t4g6,27.0;69.3;53;Jun,2024-07-24 23:30:00,27.0
805,817,t4g6,27.0;68.8;53;Jun,2024-07-24 23:40:00,27.0
806,818,t4g6,27.0;69.2;53;Jun,2024-07-24 23:50:00,27.0
807,819,t4g6,27.1;69.4;54;Jun,2024-07-25 00:00:00,27.1
808,820,t4g6,27.0;69.2;56;Jun,2024-07-25 00:10:00,27.0
809,821,t4g6,27.0;69.6;55;Jun,2024-07-25 00:20:00,27.0
810,822,t4g6,27.0;69.8;58;Jun,2024-07-25 00:30:00,27.0
811,823,t4g6,27.0;69.5;58;Jun,2024-07-25 00:40:00,27.0
812,824,t4g6,27.0;69.4;59;Jun,2024-07-25 00:50:00,27.0
813,825,t4g6,27.1;69.4;59;Jun,2024-07-25 01:00:00,27.1
814,826,t4g6,27.0;69.7;58;Jun,2024-07-25 01:10:00,27.0
815,827,t4g6,27.0;70.5;56;Jun,2024-07-25 01:20:00,27.0
816,828,t4g6,27.1;70.6;57;Jun,2024-07-25 01:30:00,27.1
817,829,t4g6,27.1;70.5;57;Jun,2024-07-25 01:40:00,27.1
818,830,t4g6,27.1;71.1;56;Jun,2024-07-25 01:50:00,27.1
819,831,t4g6,27.1;71.1;55;Jun,2024-07-25 02:00:00,27.1
820,832,t4g6,27.1;71.2;55;Jun,2024-07-25 02:10:00,27.1
821,833,t4g6,27.1;71.7;55;Jun,2024-07-25 02:20:00,27.1
822,834,t4g6,27.1;71.4;55;Jun,2024-07-25 02:30:00,27.1
823,835,t4g6,27.0;71.9;55;Jun,2024-07-25 02:40:00,27.0
824,836,t4g6,27.0;72.5;54;Jun,2024-07-25 02:50:00,27.0
825,837,t4g6,27.1;71.5;55;Jun,2024-07-25 03:00:00,27.1
826,838,t4g6,27.1;72.5;55;Jun,2024-07-25 03:10:00,27.1
827,839,t4g6,27.1;72.3;56;Jun,2024-07-25 03:20:00,27.1
828,840,t4g6,27.1;72.4;54;Jun,2024-07-25 03:30:00,27.1
829,841,t4g6,27.1;72.5;54;Jun,2024-07-25 03:40:00,27.1
830,842,t4g6,27.0;72.9;54;Jun,2024-07-25 03:50:00,27.0
831,843,t4g6,27.1;72.9;54;Jun,2024-07-25 04:00:00,27.1
832,844,t4g6,27.1;72.7;54;Jun,2024-07-25 04:10:00,27.1
833,845,t4g6,27.1;73.0;55;Jun,2024-07-25 04:20:00,27.1
834,846,t4g6,27.1;72.8;56;Jun,2024-07-25 04:30:00,27.1
835,847,t4g6,27.1;73.2;57;Jun,2024-07-25 04:40:00,27.1
836,848,t4g6,27.1;73.0;56;Jun,2024-07-25 04:50:00,27.1
837,849,t4g6,27.1;73.5;55;Jun,2024-07-25 05:00:00,27.1
838,850,t4g6,27.1;73.9;55;Jun,2024-07-25 05:10:00,27.1
839,851,t4g6,27.1;74.4;53;Jun,2024-07-25 05:20:00,27.1
840,852,t4g6,27.1;74.2;53;Jun,2024-07-25 05:30:00,27.1
841,853,t4g6,27.1;74.0;54;Jun,2024-07-25 05:40:00,27.1
842,854,t4g6,27.1;74.9;53;Jun,2024-07-25 05:50:00,27.1
843,855,t4g6,27.1;74.5;54;Jun,2024-07-25 06:00:00,27.1
844,856,t4g6,27.1;75.6;52;Jun,2024-07-25 06:10:00,27.1
845,857,t4g6,27.1;75.3;53;Jun,2024-07-25 06:20:00,27.1
846,858,t4g6,27.1;75.6;54;Jun,2024-07-25 06:30:00,27.1
847,859,t4g6,26.7;72.6;54;Jun,2024-07-25 06:40:00,26.7
848,860,t4g6,26.5;71.4;55;Jun,2024-07-25 06:50:00,26.5
849,861,t4g6,26.2;70.3;57;Jun,2024-07-25 07:00:00,26.2
850,862,t4g6,26.1;69.3;56;Jun,2024-07-25 07:10:00,26.1
851,863,t4g6,25.9;68.6;58;Jun,2024-07-25 07:20:00,25.9
852,864,t4g6,25.8;67.7;59;Jun,2024-07-25 07:30:00,25.8
853,865,t4g6,25.6;67.1;59;Jun,2024-07-25 07:40:00,25.6
854,866,t4g6,25.5;65.4;60;Jun,2024-07-25 07:50:00,25.5
855,867,t4g6,25.2;64.8;58;Jun,2024-07-25 08:00:00,25.2
856,868,t4g6,25.2;63.2;58;Jun,2024-07-25 08:10:00,25.2
857,869,t4g6,25.1;61.8;58;Jun,2024-07-25 08:20:00,25.1
858,870,t4g6,24.9;61.3;58;Jun,2024-07-25 08:30:00,24.9
859,871,t4g6,24.7;60.7;59;Jun,2024-07-25 08:40:00,24.7
860,872,t4g6,24.6;60.0;57;Jun,2024-07-25 08:50:00,24.6
861,873,t4g6,24.5;59.8;57;Jun,2024-07-25 09:00:00,24.5
862,874,t4g6,24.4;59.5;58;Jun,2024-07-25 09:10:00,24.4
863,875,t4g6,24.5;59.0;57;Jun,2024-07-25 09:20:00,24.5
864,876,t4g6,24.4;59.0;57;Jun,2024-07-25 09:30:00,24.4
865,877,t4g6,24.4;58.9;57;Jun,2024-07-25 09:40:00,24.4
866,878,t4g6,24.4;58.7;57;Jun,2024-07-25 09:50:00,24.4
867,879,t4g6,24.4;59.4;56;Jun,2024-07-25 10:00:00,24.4
868,880,t4g6,24.4;60.1;57;Jun,2024-07-25 10:10:00,24.4
869,881,t4g6,24.5;61.0;57;Jun,2024-07-25 10:20:00,24.5
870,882,t4g6,24.5;61.4;56;Jun,2024-07-25 10:30:00,24.5
871,883,t4g6,24.6;61.5;57;Jun,2024-07-25 10:40:00,24.6
872,884,t4g6,24.7;60.7;56;Jun,2024-07-25 10:50:00,24.7
873,885,t4g6,24.7;61.6;54;Jun,2024-07-25 11:00:00,24.7
874,886,t4g6,24.7;62.3;55;Jun,2024-07-25 11:10:00,24.7
875,887,t4g6,24.9;61.7;55;Jun,2024-07-25 11:20:00,24.9
876,888,t4g6,25.0;62.4;56;Jun,2024-07-25 11:30:00,25.0
877,889,t4g6,24.9;62.2;57;Jun,2024-07-25 11:40:00,24.9
878,890,t4g6,25.0;62.3;55;Jun,2024-07-25 11:50:00,25.0
879,891,t4g6,25.0;62.8;55;Jun,2024-07-25 12:00:00,25.0
880,892,t4g6,25.2;62.4;56;Jun,2024-07-25 12:10:00,25.2
881,893,t4g6,25.2;63.0;54;Jun,2024-07-25 12:20:00,25.2
882,894,t4g6,25.3;62.7;55;Jun,2024-07-25 12:30:00,25.3
883,895,t4g6,25.5;62.6;54;Jun,2024-07-25 12:40:00,25.5
884,896,t4g6,25.3;63.1;54;Jun,2024-07-25 12:50:00,25.3
885,897,t4g6,25.3;63.6;55;Jun,2024-07-25 13:00:00,25.3
886,898,t4g6,25.3;63.1;54;Jun,2024-07-25 13:10:00,25.3
887,899,t4g6,25.2;63.3;53;Jun,2024-07-25 13:20:00,25.2
888,900,t4g6,25.2;63.7;53;Jun,2024-07-25 13:30:00,25.2
889,901,t4g6,25.2;62.7;53;Jun,2024-07-25 13:40:00,25.2
890,902,t4g6,25.3;63.0;55;Jun,2024-07-25 13:50:00,25.3
891,903,t4g6,25.3;62.4;52;Jun,2024-07-25 14:00:00,25.3
892,904,t4g6,25.3;63.6;54;Jun,2024-07-25 14:10:00,25.3
893,905,t4g6,25.3;63.3;53;Jun,2024-07-25 14:20:00,25.3
894,906,t4g6,25.4;63.4;54;Jun,2024-07-25 14:30:00,25.4
895,907,t4g6,25.7;62.7;53;Jun,2024-07-25 14:40:00,25.7
896,908,t4g6,25.8;62.5;53;Jun,2024-07-25 14:50:00,25.8
897,909,t4g6,25.8;62.6;54;Jun,2024-07-25 15:00:00,25.8
898,910,t4g6,25.6;62.9;54;Jun,2024-07-25 15:10:00,25.6
899,911,t4g6,25.9;63.3;55;Jun,2024-07-25 15:20:00,25.9
900,912,t4g6,25.9;62.3;55;Jun,2024-07-25 15:30:00,25.9
901,913,t4g6,26.4;61.0;55;Jun,2024-07-25 15:40:00,26.4
902,914,t4g6,26.9;59.2;56;Jun,2024-07-25 15:50:00,26.9
903,915,t4g6,26.7;59.8;56;Jun,2024-07-25 16:00:00,26.7
904,916,t4g6,26.7;60.1;56;Jun,2024-07-25 16:10:00,26.7
905,917,t4g6,26.5;60.5;55;Jun,2024-07-25 16:20:00,26.5
906,918,t4g6,26.7;59.9;56;Jun,2024-07-25 16:30:00,26.7
907,919,t4g6,27.3;58.7;57;Jun,2024-07-25 16:40:00,27.3
908,920,t4g6,27.2;58.6;55;Jun,2024-07-25 16:50:00,27.2
909,921,t4g6,27.0;58.7;55;Jun,2024-07-25 17:00:00,27.0
910,922,t4g6,26.6;59.4;55;Jun,2024-07-25 17:10:00,26.6
911,923,t4g6,26.9;58.6;55;Jun,2024-07-25 17:20:00,26.9
912,924,t4g6,27.0;58.4;57;Jun,2024-07-25 17:30:00,27.0
913,925,t4g6,27.0;57.9;55;Jun,2024-07-25 17:40:00,27.0
914,926,t4g6,27.1;57.5;55;Jun,2024-07-25 17:50:00,27.1
915,927,t4g6,27.0;57.8;54;Jun,2024-07-25 18:00:00,27.0
916,928,t4g6,26.7;58.5;55;Jun,2024-07-25 18:10:00,26.7
917,929,t4g6,26.7;58.4;55;Jun,2024-07-25 18:20:00,26.7
918,930,t4g6,26.5;58.9;56;Jun,2024-07-25 18:30:00,26.5
919,931,t4g6,26.4;59.0;55;Jun,2024-07-25 18:40:00,26.4
920,932,t4g6,26.3;59.2;55;Jun,2024-07-25 18:50:00,26.3
921,933,t4g6,26.2;59.5;56;Jun,2024-07-25 19:00:00,26.2
922,934,t4g6,26.6;58.7;56;Jun,2024-07-25 19:10:00,26.6
923,935,t4g6,26.9;58.9;56;Jun,2024-07-25 19:20:00,26.9
924,936,t4g6,27.0;59.5;56;Jun,2024-07-25 19:30:00,27.0
925,937,t4g6,27.1;59.7;56;Jun,2024-07-25 19:40:00,27.1
926,938,t4g6,27.2;59.9;56;Jun,2024-07-25 19:50:00,27.2
927,939,t4g6,27.2;60.6;56;Jun,2024-07-25 20:00:00,27.2
928,940,t4g6,27.2;60.6;55;Jun,2024-07-25 20:10:00,27.2
929,941,t4g6,27.2;60.9;56;Jun,2024-07-25 20:20:00,27.2
930,942,t4g6,27.3;61.0;55;Jun,2024-07-25 20:30:00,27.3
931,943,t4g6,27.3;61.3;55;Jun,2024-07-25 20:40:00,27.3
932,944,t4g6,27.4;61.6;55;Jun,2024-07-25 20:50:00,27.4
933,945,t4g6,27.4;62.4;55;Jun,2024-07-25 21:00:00,27.4
934,946,t4g6,27.4;62.5;55;Jun,2024-07-25 21:10:00,27.4
935,947,t4g6,27.4;62.7;58;Jun,2024-07-25 21:20:00,27.4
936,948,t4g6,27.5;62.6;56;Jun,2024-07-25 21:30:00,27.5
937,949,t4g6,27.4;63.2;55;Jun,2024-07-25 21:40:00,27.4
938,950,t4g6,27.5;63.3;56;Jun,2024-07-25 21:50:00,27.5
939,951,t4g6,27.4;63.7;56;Jun,2024-07-25 22:00:00,27.4
940,952,t4g6,27.5;63.7;56;Jun,2024-07-25 22:10:00,27.5
941,953,t4g6,27.5;63.9;56;Jun,2024-07-25 22:20:00,27.5
942,954,t4g6,27.5;64.0;56;Jun,2024-07-25 22:30:00,27.5
943,955,t4g6,27.5;64.1;55;Jun,2024-07-25 22:40:00,27.5
944,956,t4g6,27.5;64.8;56;Jun,2024-07-25 22:50:00,27.5
945,957,t4g6,27.5;65.2;56;Jun,2024-07-25 23:00:00,27.5
946,958,t4g6,27.6;65.3;57;Jun,2024-07-25 23:10:00,27.6
947,959,t4g6,27.5;65.6;55;Jun,2024-07-25 23:20:00,27.5
948,960,t4g6,27.5;65.8;56;Jun,2024-07-25 23:30:00,27.5
949,961,t4g6,27.5;65.9;56;Jun,2024-07-25 23:40:00,27.5
950,962,t4g6,27.6;66.4;56;Jun,2024-07-25 23:50:00,27.6
951,963,t4g6,27.5;66.5;57;Jun,2024-07-26 00:00:00,27.5
952,964,t4g6,27.6;66.8;57;Jun,2024-07-26 00:10:00,27.6
953,965,t4g6,27.6;66.9;57;Jun,2024-07-26 00:20:00,27.6
954,966,t4g6,27.6;67.0;56;Jun,2024-07-26 00:30:00,27.6
955,967,t4g6,27.6;67.1;56;Jun,2024-07-26 00:40:00,27.6
956,968,t4g6,27.6;67.2;59;Jun,2024-07-26 00:50:00,27.6
957,969,t4g6,27.5;68.4;56;Jun,2024-07-26 01:01:00,27.5
958,970,t4g6,27.6;67.6;57;Jun,2024-07-26 01:11:00,27.6
959,971,t4g6,27.6;67.9;57;Jun,2024-07-26 01:21:00,27.6
960,972,t4g6,27.6;68.3;56;Jun,2024-07-26 01:31:00,27.6
961,973,t4g6,27.6;68.5;57;Jun,2024-07-26 01:41:00,27.6
962,974,t4g6,27.6;68.4;57;Jun,2024-07-26 01:51:00,27.6
963,975,t4g6,27.6;68.7;57;Jun,2024-07-26 02:01:00,27.6
964,976,t4g6,27.6;68.9;58;Jun,2024-07-26 02:11:00,27.6
965,977,t4g6,27.6;69.0;57;Jun,2024-07-26 02:21:00,27.6
966,978,t4g6,27.6;69.4;56;Jun,2024-07-26 02:31:00,27.6
967,979,t4g6,27.6;69.3;56;Jun,2024-07-26 02:41:00,27.6
968,980,t4g6,27.7;69.5;57;Jun,2024-07-26 02:51:00,27.7
969,981,t4g6,27.6;69.7;57;Jun,2024-07-26 03:01:00,27.6
970,982,t4g6,27.6;69.6;57;Jun,2024-07-26 03:11:00,27.6
971,983,t4g6,27.6;69.8;56;Jun,2024-07-26 03:21:00,27.6
972,984,t4g6,27.7;70.0;56;Jun,2024-07-26 03:31:00,27.7
973,985,t4g6,27.6;70.2;57;Jun,2024-07-26 03:41:00,27.6
974,986,t4g6,27.6;70.3;57;Jun,2024-07-26 03:51:00,27.6
975,987,t4g6,27.6;70.8;56;Jun,2024-07-26 04:01:00,27.6
976,988,t4g6,27.6;70.6;56;Jun,2024-07-26 04:11:00,27.6
977,989,t4g6,27.6;70.8;56;Jun,2024-07-26 04:21:00,27.6
978,990,t4g6,27.7;70.7;56;Jun,2024-07-26 04:31:00,27.7
979,991,t4g6,27.7;70.8;56;Jun,2024-07-26 04:41:00,27.7
980,992,t4g6,27.7;71.0;54;Jun,2024-07-26 04:51:00,27.7
981,993,t4g6,27.7;71.0;54;Jun,2024-07-26 05:01:00,27.7
982,994,t4g6,27.7;71.1;56;Jun,2024-07-26 05:11:00,27.7
983,995,t4g6,27.7;71.2;53;Jun,2024-07-26 05:21:00,27.7
984,996,t4g6,27.6;71.6;54;Jun,2024-07-26 05:31:00,27.6
985,997,t4g6,27.7;71.7;54;Jun,2024-07-26 05:41:00,27.7
986,998,t4g6,27.7;71.7;54;Jun,2024-07-26 05:51:00,27.7
987,999,t4g6,27.7;71.6;54;Jun,2024-07-26 06:01:00,27.7
988,1000,t4g6,27.8;71.5;54;Jun,2024-07-26 06:11:00,27.8
989,1001,t4g6,27.7;72.1;57;Jun,2024-07-26 06:21:00,27.7
990,1002,t4g6,27.7;71.9;54;Jun,2024-07-26 06:31:00,27.7
991,1003,t4g6,27.3;70.3;53;Jun,2024-07-26 06:41:00,27.3
992,1004,t4g6,26.9;69.7;56;Jun,2024-07-26 06:51:00,26.9
993,1005,t4g6,26.6;68.6;57;Jun,2024-07-26 07:01:00,26.6
994,1006,t4g6,26.4;67.6;58;Jun,2024-07-26 07:11:00,26.4
995,1007,t4g6,26.4;66.4;59;Jun,2024-07-26 07:21:00,26.4
996,1008,t4g6,26.4;65.0;59;Jun,2024-07-26 07:31:00,26.4
997,1009,t4g6,26.0;65.3;58;Jun,2024-07-26 07:41:00,26.0
998,1010,t4g6,26.1;63.5;59;Jun,2024-07-26 07:51:00,26.1
999,1011,t4g6,26.0;62.2;58;Jun,2024-07-26 08:01:00,26.0
1000,1012,t4g6,25.8;61.4;59;Jun,2024-07-26 08:11:00,25.8
1001,1013,t4g6,25.5;60.9;59;Jun,2024-07-26 08:21:00,25.5
1002,1014,t4g6,25.5;59.1;59;Jun,2024-07-26 08:31:00,25.5
1003,1015,t4g6,25.4;58.8;59;Jun,2024-07-26 08:41:00,25.4
1004,1016,t4g6,25.5;57.8;58;Jun,2024-07-26 08:51:00,25.5
1005,1017,t4g6,25.3;58.2;59;Jun,2024-07-26 09:01:00,25.3
1006,1018,t4g6,25.0;58.4;59;Jun,2024-07-26 09:11:00,25.0
1007,1019,t4g6,25.1;58.4;59;Jun,2024-07-26 09:21:00,25.1
1008,1020,t4g6,25.0;58.2;58;Jun,2024-07-26 09:31:00,25.0
1009,1021,t4g6,25.1;57.4;59;Jun,2024-07-26 09:41:00,25.1
1010,1022,t4g6,25.2;57.4;57;Jun,2024-07-26 09:51:00,25.2
1011,1023,t4g6,25.4;56.8;59;Jun,2024-07-26 10:01:00,25.4
1012,1024,t4g6,25.2;57.8;60;Jun,2024-07-26 10:11:00,25.2
1013,1025,t4g6,25.5;58.8;60;Jun,2024-07-26 10:21:00,25.5
1014,1026,t4g6,25.6;59.1;62;Jun,2024-07-26 10:31:00,25.6
1015,1027,t4g6,25.5;59.2;73;Jun,2024-07-26 10:41:00,25.5
1016,1028,t4g6,25.6;59.8;101;Jun,2024-07-26 10:51:00,25.6
1017,1029,t4g6,25.6;59.3;86;Jun,2024-07-26 11:01:00,25.6
1018,1030,t4g6,25.6;59.8;78;Jun,2024-07-26 11:11:00,25.6
1019,1031,t4g6,25.8;59.4;73;Jun,2024-07-26 11:21:00,25.8
1020,1032,t4g6,25.6;59.7;69;Jun,2024-07-26 11:31:00,25.6
1021,1033,t4g6,25.8;58.9;67;Jun,2024-07-26 11:41:00,25.8
1022,1034,t4g6,26.1;59.1;64;Jun,2024-07-26 11:51:00,26.1
1023,1035,t4g6,26.2;59.0;63;Jun,2024-07-26 12:01:00,26.2
1024,1036,t4g6,26.2;59.0;60;Jun,2024-07-26 12:11:00,26.2
1025,1037,t4g6,26.1;59.1;59;Jun,2024-07-26 12:21:00,26.1
1026,1038,t4g6,26.5;58.2;59;Jun,2024-07-26 12:31:00,26.5
1027,1039,t4g6,26.5;58.7;58;Jun,2024-07-26 12:41:00,26.5
1028,1040,t4g6,26.5;58.9;57;Jun,2024-07-26 12:51:00,26.5
1029,1041,t4g6,26.4;58.6;56;Jun,2024-07-26 13:01:00,26.4
1030,1042,t4g6,26.6;58.3;56;Jun,2024-07-26 13:11:00,26.6
1031,1043,t4g6,26.9;57.6;55;Jun,2024-07-26 13:21:00,26.9
1032,1044,t4g6,26.8;57.7;54;Jun,2024-07-26 13:31:00,26.8
1033,1045,t4g6,26.9;58.2;54;Jun,2024-07-26 13:41:00,26.9
1034,1046,t4g6,26.8;58.8;53;Jun,2024-07-26 13:51:00,26.8
1035,1047,t4g6,27.1;57.6;53;Jun,2024-07-26 14:01:00,27.1
1036,1048,t4g6,27.2;57.5;55;Jun,2024-07-26 14:11:00,27.2
1037,1049,t4g6,27.5;56.4;55;Jun,2024-07-26 14:21:00,27.5
1038,1050,t4g6,27.5;56.9;56;Jun,2024-07-26 14:31:00,27.5
1039,1051,t4g6,27.7;57.3;56;Jun,2024-07-26 14:41:00,27.7
1040,1052,t4g6,27.8;57.1;56;Jun,2024-07-26 14:51:00,27.8
1041,1053,t4g6,27.7;57.4;55;Jun,2024-07-26 15:01:00,27.7
1042,1054,t4g6,28.0;57.0;55;Jun,2024-07-26 15:11:00,28.0
1043,1055,t4g6,28.0;56.6;54;Jun,2024-07-26 15:21:00,28.0
1044,1056,t4g6,28.0;56.4;55;Jun,2024-07-26 15:31:00,28.0
1045,1057,t4g6,28.0;56.7;55;Jun,2024-07-26 15:41:00,28.0
1046,1058,t4g6,28.0;56.6;56;Jun,2024-07-26 15:51:00,28.0
1047,1059,t4g6,27.8;57.2;53;Jun,2024-07-26 16:01:00,27.8
1048,1060,t4g6,27.6;57.2;55;Jun,2024-07-26 16:11:00,27.6
1049,1061,t4g6,28.0;56.5;55;Jun,2024-07-26 16:21:00,28.0
1050,1062,t4g6,28.1;56.4;54;Jun,2024-07-26 16:31:00,28.1
1051,1063,t4g6,28.1;56.4;54;Jun,2024-07-26 16:41:00,28.1
1052,1064,t4g6,28.3;55.9;54;Jun,2024-07-26 16:51:00,28.3
1053,1065,t4g6,28.5;55.7;54;Jun,2024-07-26 17:01:00,28.5
1054,1066,t4g6,28.5;55.4;53;Jun,2024-07-26 17:11:00,28.5
1055,1067,t4g6,28.4;55.7;52;Jun,2024-07-26 17:21:00,28.4
1056,1068,t4g6,28.3;56.0;52;Jun,2024-07-26 17:31:00,28.3
1057,1069,t4g6,28.1;56.4;52;Jun,2024-07-26 17:41:00,28.1
1058,1070,t4g6,28.0;57.1;52;Jun,2024-07-26 17:51:00,28.0
1059,1071,t4g6,27.9;57.4;52;Jun,2024-07-26 18:01:00,27.9
1060,1072,t4g6,27.7;57.5;52;Jun,2024-07-26 18:11:00,27.7
1061,1073,t4g6,27.4;58.3;51;Jun,2024-07-26 18:21:00,27.4
1062,1074,t4g6,27.1;58.4;52;Jun,2024-07-26 18:31:00,27.1
1063,1075,t4g6,27.1;58.0;52;Jun,2024-07-26 18:41:00,27.1
1064,1076,t4g6,26.8;58.4;52;Jun,2024-07-26 18:51:00,26.8
1065,1077,t4g6,26.8;58.4;51;Jun,2024-07-26 19:01:00,26.8
1066,1078,t4g6,27.2;57.5;53;Jun,2024-07-26 19:11:00,27.2
1067,1079,t4g6,27.4;58.1;53;Jun,2024-07-26 19:21:00,27.4
1068,1080,t4g6,27.6;58.7;52;Jun,2024-07-26 19:31:00,27.6
1069,1081,t4g6,27.7;59.2;48;Jun,2024-07-26 19:41:00,27.7
1070,1082,t4g6,27.7;59.8;52;Jun,2024-07-26 19:51:00,27.7
1071,1083,t4g6,27.7;60.5;52;Jun,2024-07-26 20:01:00,27.7
1072,1084,t4g6,27.8;60.2;52;Jun,2024-07-26 20:11:00,27.8
1073,1085,t4g6,27.8;60.7;51;Jun,2024-07-26 20:21:00,27.8
1074,1086,t4g6,27.8;61.1;51;Jun,2024-07-26 20:31:00,27.8
1075,1087,t4g6,27.8;61.5;51;Jun,2024-07-26 20:41:00,27.8
1076,1088,t4g6,27.9;62.7;53;Jun,2024-07-26 20:51:00,27.9
1077,1089,t4g6,27.9;62.8;52;Jun,2024-07-26 21:01:00,27.9
1078,1090,t4g6,27.9;63.1;53;Jun,2024-07-26 21:11:00,27.9
1079,1091,t4g6,27.9;63.8;53;Jun,2024-07-26 21:21:00,27.9
1080,1092,t4g6,27.9;64.0;51;Jun,2024-07-26 21:31:00,27.9
1081,1093,t4g6,27.8;64.6;51;Jun,2024-07-26 21:41:00,27.8
1082,1094,t4g6,27.9;64.8;51;Jun,2024-07-26 21:51:00,27.9
1083,1095,t4g6,27.9;65.0;51;Jun,2024-07-26 22:01:00,27.9
1084,1096,t4g6,27.8;65.2;50;Jun,2024-07-26 22:11:00,27.8
1085,1097,t4g6,27.8;65.4;51;Jun,2024-07-26 22:21:00,27.8
1086,1098,t4g6,27.9;65.6;51;Jun,2024-07-26 22:31:00,27.9
1087,1099,t4g6,27.9;65.6;51;Jun,2024-07-26 22:41:00,27.9
1088,1100,t4g6,27.9;65.6;51;Jun,2024-07-26 22:51:00,27.9
1089,1101,t4g6,27.9;66.3;51;Jun,2024-07-26 23:01:00,27.9
1090,1102,t4g6,27.8;67.0;48;Jun,2024-07-26 23:11:00,27.8
1091,1103,t4g6,27.9;66.4;50;Jun,2024-07-26 23:21:00,27.9
1092,1104,t4g6,27.9;67.0;52;Jun,2024-07-26 23:31:00,27.9
1093,1105,t4g6,27.8;67.0;51;Jun,2024-07-26 23:41:00,27.8
1094,1106,t4g6,27.8;67.3;52;Jun,2024-07-26 23:51:00,27.8
1095,1107,t4g6,27.8;67.7;50;Jun,2024-07-27 00:01:00,27.8
1096,1108,t4g6,27.8;67.8;51;Jun,2024-07-27 00:11:00,27.8
1097,1109,t4g6,27.8;68.2;51;Jun,2024-07-27 00:21:00,27.8
1098,1110,t4g6,27.8;68.3;52;Jun,2024-07-27 00:31:00,27.8
1099,1111,t4g6,27.9;68.4;51;Jun,2024-07-27 00:41:00,27.9
1100,1112,t4g6,27.9;68.7;51;Jun,2024-07-27 00:51:00,27.9
1101,1113,t4g6,27.9;68.8;51;Jun,2024-07-27 01:01:00,27.9
1102,1114,t4g6,27.8;68.9;51;Jun,2024-07-27 01:11:00,27.8
1103,1115,t4g6,27.9;69.3;51;Jun,2024-07-27 01:21:00,27.9
1104,1116,t4g6,27.9;69.6;51;Jun,2024-07-27 01:31:00,27.9
1105,1117,t4g6,27.9;69.9;48;Jun,2024-07-27 01:41:00,27.9
1106,1118,t4g6,27.9;70.1;50;Jun,2024-07-27 01:51:00,27.9
1107,1119,t4g6,27.9;70.8;49;Jun,2024-07-27 02:01:00,27.9
1108,1120,t4g6,27.9;70.5;51;Jun,2024-07-27 02:12:00,27.9
1109,1121,t4g6,27.8;70.7;51;Jun,2024-07-27 02:22:00,27.8
1110,1122,t4g6,27.8;70.5;53;Jun,2024-07-27 02:32:00,27.8
1111,1123,t4g6,27.8;71.0;51;Jun,2024-07-27 02:42:00,27.8
1112,1124,t4g6,27.9;70.5;51;Jun,2024-07-27 02:52:00,27.9
1113,1125,t4g6,27.8;70.8;51;Jun,2024-07-27 03:02:00,27.8
1114,1126,t4g6,27.8;70.7;49;Jun,2024-07-27 03:12:00,27.8
1115,1127,t4g6,27.8;71.0;52;Jun,2024-07-27 03:22:00,27.8
1116,1128,t4g6,27.8;70.7;55;Jun,2024-07-27 03:32:00,27.8
1117,1129,t4g6,27.8;70.8;51;Jun,2024-07-27 03:42:00,27.8
1118,1130,t4g6,27.8;71.0;51;Jun,2024-07-27 03:52:00,27.8
1119,1131,t4g6,27.8;70.8;51;Jun,2024-07-27 04:02:00,27.8
1120,1132,t4g6,27.8;70.8;51;Jun,2024-07-27 04:12:00,27.8
1121,1133,t4g6,27.8;70.6;52;Jun,2024-07-27 04:22:00,27.8
1122,1134,t4g6,27.8;70.9;51;Jun,2024-07-27 04:32:00,27.8
1123,1135,t4g6,27.8;70.9;47;Jun,2024-07-27 04:42:00,27.8
1124,1136,t4g6,27.8;71.3;50;Jun,2024-07-27 04:52:00,27.8
1125,1137,t4g6,27.8;71.2;51;Jun,2024-07-27 05:02:00,27.8
1126,1138,t4g6,27.8;71.1;51;Jun,2024-07-27 05:12:00,27.8
1127,1139,t4g6,27.8;72.6;51;Jun,2024-07-27 05:22:00,27.8
1128,1140,t4g6,27.8;71.8;51;Jun,2024-07-27 05:32:00,27.8
1129,1141,t4g6,27.8;71.8;51;Jun,2024-07-27 05:42:00,27.8
1130,1142,t4g6,27.8;72.5;50;Jun,2024-07-27 05:52:00,27.8
1131,1143,t4g6,27.8;71.9;51;Jun,2024-07-27 06:02:00,27.8
1132,1144,t4g6,27.8;72.0;52;Jun,2024-07-27 06:12:00,27.8
1133,1145,t4g6,27.8;72.1;51;Jun,2024-07-27 06:22:00,27.8
1134,1146,t4g6,27.8;72.2;51;Jun,2024-07-27 06:32:00,27.8
1135,1147,t4g6,27.8;72.3;51;Jun,2024-07-27 06:42:00,27.8
1136,1148,t4g6,27.8;72.3;51;Jun,2024-07-27 06:52:00,27.8
1137,1149,t4g6,27.8;72.4;51;Jun,2024-07-27 07:02:00,27.8
1138,1150,t4g6,27.8;72.3;50;Jun,2024-07-27 07:12:00,27.8
1139,1151,t4g6,27.8;72.5;50;Jun,2024-07-27 07:22:00,27.8
1140,1152,t4g6,27.8;72.4;51;Jun,2024-07-27 07:32:00,27.8
1141,1153,t4g6,27.8;72.9;51;Jun,2024-07-27 07:42:00,27.8
1142,1154,t4g6,27.8;73.3;51;Jun,2024-07-27 07:52:00,27.8
1143,1155,t4g6,27.8;73.3;50;Jun,2024-07-27 08:02:00,27.8
1144,1156,t4g6,27.9;74.4;50;Jun,2024-07-27 08:12:00,27.9
1145,1157,t4g6,27.9;73.6;50;Jun,2024-07-27 08:22:00,27.9
1146,1158,t4g6,28.0;73.7;49;Jun,2024-07-27 08:32:00,28.0
1147,1159,t4g6,28.0;75.1;49;Jun,2024-07-27 08:42:00,28.0
1148,1160,t4g6,28.0;74.3;49;Jun,2024-07-27 08:52:00,28.0
1149,1161,t4g6,28.1;73.9;49;Jun,2024-07-27 09:02:00,28.1
1150,1162,t4g6,28.1;75.0;49;Jun,2024-07-27 09:12:00,28.1
1151,1163,t4g6,28.1;73.7;49;Jun,2024-07-27 09:22:00,28.1
1152,1164,t4g6,28.1;73.8;49;Jun,2024-07-27 09:32:00,28.1
1153,1165,t4g6,28.2;73.0;49;Jun,2024-07-27 09:42:00,28.2
1154,1166,t4g6,28.3;73.2;49;Jun,2024-07-27 09:52:00,28.3
1155,1167,t4g6,28.4;72.5;50;Jun,2024-07-27 10:02:00,28.4
1156,1168,t4g6,28.4;72.4;49;Jun,2024-07-27 10:12:00,28.4
1157,1169,t4g6,28.5;71.8;49;Jun,2024-07-27 10:22:00,28.5
1158,1170,t4g6,28.5;71.2;49;Jun,2024-07-27 10:32:00,28.5
1159,1171,t4g6,28.6;70.6;49;Jun,2024-07-27 10:42:00,28.6
1160,1172,t4g6,28.7;70.1;49;Jun,2024-07-27 10:52:00,28.7
1161,1173,t4g6,28.8;69.7;48;Jun,2024-07-27 11:02:00,28.8
1162,1174,t4g6,28.9;69.4;49;Jun,2024-07-27 11:12:00,28.9
1163,1175,t4g6,28.9;68.9;49;Jun,2024-07-27 11:22:00,28.9
1164,1176,t4g6,29.1;68.7;50;Jun,2024-07-27 11:32:00,29.1
1165,1177,t4g6,29.1;68.1;47;Jun,2024-07-27 11:42:00,29.1
1166,1178,t4g6,29.2;68.3;49;Jun,2024-07-27 11:52:00,29.2
1167,1179,t4g6,29.3;67.8;47;Jun,2024-07-27 12:02:00,29.3
1168,1180,t4g6,29.4;67.1;47;Jun,2024-07-27 12:12:00,29.4
1169,1181,t4g6,29.5;65.9;48;Jun,2024-07-27 12:22:00,29.5
1170,1182,t4g6,29.6;65.3;46;Jun,2024-07-27 12:32:00,29.6
1171,1183,t4g6,29.7;65.2;47;Jun,2024-07-27 12:42:00,29.7
1172,1184,t4g6,29.8;65.0;47;Jun,2024-07-27 12:52:00,29.8
1173,1185,t4g6,29.8;65.1;48;Jun,2024-07-27 13:02:00,29.8
1174,1186,t4g6,30.0;65.0;48;Jun,2024-07-27 13:12:00,30.0
1175,1187,t4g6,30.0;64.4;52;Jun,2024-07-27 13:22:00,30.0
1176,1188,t4g6,30.2;64.2;52;Jun,2024-07-27 13:32:00,30.2
1177,1189,t4g6,30.3;64.0;51;Jun,2024-07-27 13:42:00,30.3
1178,1190,t4g6,30.3;63.4;52;Jun,2024-07-27 13:52:00,30.3
1179,1191,t4g6,30.5;63.0;49;Jun,2024-07-27 14:02:00,30.5
1180,1192,t4g6,30.6;62.5;49;Jun,2024-07-27 14:12:00,30.6
1181,1193,t4g6,30.6;62.0;49;Jun,2024-07-27 14:22:00,30.6
1182,1194,t4g6,30.7;61.2;48;Jun,2024-07-27 14:32:00,30.7
1183,1195,t4g6,30.9;60.5;48;Jun,2024-07-27 14:42:00,30.9
1184,1196,t4g6,30.8;60.1;48;Jun,2024-07-27 14:52:00,30.8
1185,1197,t4g6,31.0;59.6;48;Jun,2024-07-27 15:02:00,31.0
1186,1198,t4g6,30.9;59.1;48;Jun,2024-07-27 15:12:00,30.9
1187,1199,t4g6,31.0;58.4;47;Jun,2024-07-27 15:22:00,31.0
1188,1200,t4g6,31.1;58.0;48;Jun,2024-07-27 15:32:00,31.1
1189,1201,t4g6,31.1;57.5;49;Jun,2024-07-27 15:42:00,31.1
1190,1202,t4g6,31.1;57.3;49;Jun,2024-07-27 15:52:00,31.1
1191,1203,t4g6,31.2;57.3;49;Jun,2024-07-27 16:02:00,31.2
1192,1204,t4g6,31.2;57.1;49;Jun,2024-07-27 16:12:00,31.2
1193,1205,t4g6,31.3;57.1;49;Jun,2024-07-27 16:22:00,31.3
1194,1206,t4g6,31.4;57.1;50;Jun,2024-07-27 16:32:00,31.4
1195,1207,t4g6,31.4;56.8;50;Jun,2024-07-27 16:42:00,31.4
1196,1208,t4g6,31.5;56.9;51;Jun,2024-07-27 16:52:00,31.5
1197,1209,t4g6,31.5;56.8;52;Jun,2024-07-27 17:02:00,31.5
1198,1210,t4g6,31.5;56.6;51;Jun,2024-07-27 17:12:00,31.5
1199,1211,t4g6,31.5;56.8;52;Jun,2024-07-27 17:22:00,31.5
1200,1212,t4g6,31.5;56.8;52;Jun,2024-07-27 17:32:00,31.5
1201,1213,t4g6,31.5;57.0;53;Jun,2024-07-27 17:42:00,31.5
1202,1214,t4g6,31.5;57.5;51;Jun,2024-07-27 17:52:00,31.5
1203,1215,t4g6,31.5;58.4;52;Jun,2024-07-27 18:02:00,31.5
1204,1216,t4g6,31.4;59.1;51;Jun,2024-07-27 18:12:00,31.4
1205,1217,t4g6,31.3;59.0;52;Jun,2024-07-27 18:22:00,31.3
1206,1218,t4g6,31.1;59.4;48;Jun,2024-07-27 18:32:00,31.1
1207,1219,t4g6,31.0;60.0;51;Jun,2024-07-27 18:42:00,31.0
1208,1220,t4g6,31.0;60.3;51;Jun,2024-07-27 18:52:00,31.0
1209,1221,t4g6,30.8;60.7;52;Jun,2024-07-27 19:02:00,30.8
1210,1222,t4g6,30.7;61.4;52;Jun,2024-07-27 19:12:00,30.7
1211,1223,t4g6,30.6;61.6;52;Jun,2024-07-27 19:22:00,30.6
1212,1224,t4g6,30.5;61.8;52;Jun,2024-07-27 19:32:00,30.5
1213,1225,t4g6,30.5;62.2;52;Jun,2024-07-27 19:42:00,30.5
1214,1226,t4g6,30.4;62.4;52;Jun,2024-07-27 19:52:00,30.4
1215,1227,t4g6,30.3;62.8;54;Jun,2024-07-27 20:02:00,30.3
1216,1228,t4g6,30.3;63.3;53;Jun,2024-07-27 20:12:00,30.3
1217,1229,t4g6,30.2;64.0;54;Jun,2024-07-27 20:22:00,30.2
1218,1230,t4g6,30.1;64.5;54;Jun,2024-07-27 20:32:00,30.1
1219,1231,t4g6,30.1;64.2;54;Jun,2024-07-27 20:42:00,30.1
1220,1232,t4g6,30.0;64.6;54;Jun,2024-07-27 20:52:00,30.0
1221,1233,t4g6,29.9;65.2;54;Jun,2024-07-27 21:02:00,29.9
1222,1234,t4g6,29.9;65.4;54;Jun,2024-07-27 21:12:00,29.9
1223,1235,t4g6,29.9;65.5;53;Jun,2024-07-27 21:22:00,29.9
1224,1236,t4g6,29.9;65.8;53;Jun,2024-07-27 21:32:00,29.9
1225,1237,t4g6,29.8;66.0;55;Jun,2024-07-27 21:42:00,29.8
1226,1238,t4g6,29.8;66.3;55;Jun,2024-07-27 21:52:00,29.8
1227,1239,t4g6,29.8;66.6;54;Jun,2024-07-27 22:02:00,29.8
1228,1240,t4g6,29.7;66.5;54;Jun,2024-07-27 22:12:00,29.7
1229,1241,t4g6,29.7;67.0;55;Jun,2024-07-27 22:22:00,29.7
1230,1242,t4g6,29.7;66.7;54;Jun,2024-07-27 22:32:00,29.7
1231,1243,t4g6,29.6;67.1;55;Jun,2024-07-27 22:42:00,29.6
1232,1244,t4g6,29.6;67.2;52;Jun,2024-07-27 22:52:00,29.6
1233,1245,t4g6,29.6;67.3;54;Jun,2024-07-27 23:02:00,29.6
1234,1246,t4g6,29.6;67.4;54;Jun,2024-07-27 23:12:00,29.6
1235,1247,t4g6,29.5;67.3;54;Jun,2024-07-27 23:22:00,29.5
1236,1248,t4g6,29.5;67.5;53;Jun,2024-07-27 23:32:00,29.5
1237,1249,t4g6,29.5;67.5;54;Jun,2024-07-27 23:42:00,29.5
1238,1250,t4g6,29.4;67.7;55;Jun,2024-07-27 23:52:00,29.4
1239,1251,t4g6,29.4;67.8;54;Jun,2024-07-28 00:02:00,29.4
1240,1252,t4g6,29.4;67.7;55;Jun,2024-07-28 00:12:00,29.4
1241,1253,t4g6,29.4;67.8;54;Jun,2024-07-28 00:22:00,29.4
1242,1254,t4g6,29.4;68.1;54;Jun,2024-07-28 00:32:00,29.4
1243,1255,t4g6,29.3;67.9;54;Jun,2024-07-28 00:42:00,29.3
1244,1256,t4g6,29.3;68.1;57;Jun,2024-07-28 00:52:00,29.3
1245,1257,t4g6,29.3;68.0;55;Jun,2024-07-28 01:02:00,29.3
1246,1258,t4g6,29.3;68.5;54;Jun,2024-07-28 01:12:00,29.3
1247,1259,t4g6,29.2;68.9;54;Jun,2024-07-28 01:22:00,29.2
1248,1260,t4g6,29.3;69.3;54;Jun,2024-07-28 01:32:00,29.3
1249,1261,t4g6,29.2;69.3;50;Jun,2024-07-28 01:42:00,29.2
1250,1262,t4g6,29.3;69.6;53;Jun,2024-07-28 01:52:00,29.3
1251,1263,t4g6,29.2;69.7;53;Jun,2024-07-28 02:02:00,29.2
1252,1264,t4g6,29.2;69.7;53;Jun,2024-07-28 02:12:00,29.2
1253,1265,t4g6,29.2;69.5;53;Jun,2024-07-28 02:22:00,29.2
1254,1266,t4g6,29.2;69.4;54;Jun,2024-07-28 02:32:00,29.2
1255,1267,t4g6,29.2;69.9;55;Jun,2024-07-28 02:42:00,29.2
1256,1268,t4g6,29.2;70.0;54;Jun,2024-07-28 02:52:00,29.2
1257,1269,t4g6,29.1;69.5;53;Jun,2024-07-28 03:02:00,29.1
1258,1270,t4g6,29.1;69.4;54;Jun,2024-07-28 03:12:00,29.1
1259,1271,t4g6,29.1;69.5;55;Jun,2024-07-28 03:23:00,29.1
1260,1272,t4g6,29.1;69.5;57;Jun,2024-07-28 03:33:00,29.1
1261,1273,t4g6,29.1;69.3;57;Jun,2024-07-28 03:43:00,29.1
1262,1274,t4g6,29.1;69.3;56;Jun,2024-07-28 03:53:00,29.1
1263,1275,t4g6,29.1;69.6;58;Jun,2024-07-28 04:03:00,29.1
1264,1276,t4g6,29.1;69.7;57;Jun,2024-07-28 04:13:00,29.1
1265,1277,t4g6,29.0;69.5;57;Jun,2024-07-28 04:23:00,29.0
1266,1278,t4g6,29.1;69.2;60;Jun,2024-07-28 04:33:00,29.1
1267,1279,t4g6,29.0;69.6;55;Jun,2024-07-28 04:43:00,29.0
1268,1280,t4g6,29.0;69.7;56;Jun,2024-07-28 04:53:00,29.0
1269,1281,t4g6,29.0;69.8;55;Jun,2024-07-28 05:03:00,29.0
1270,1282,t4g6,29.0;69.9;55;Jun,2024-07-28 05:13:00,29.0
1271,1283,t4g6,28.9;70.2;54;Jun,2024-07-28 05:23:00,28.9
1272,1284,t4g6,29.0;70.2;67;Jun,2024-07-28 05:33:00,29.0
1273,1285,t4g6,29.0;70.2;54;Jun,2024-07-28 05:43:00,29.0
1274,1286,t4g6,28.9;70.3;53;Jun,2024-07-28 05:53:00,28.9
1275,1287,t4g6,29.0;70.3;54;Jun,2024-07-28 06:03:00,29.0
1276,1288,t4g6,29.0;70.8;54;Jun,2024-07-28 06:13:00,29.0
1277,1289,t4g6,28.9;70.9;54;Jun,2024-07-28 06:23:00,28.9
1278,1290,t4g6,28.9;70.9;54;Jun,2024-07-28 06:33:00,28.9
1279,1291,t4g6,28.9;71.0;53;Jun,2024-07-28 06:43:00,28.9
1280,1292,t4g6,28.9;71.0;54;Jun,2024-07-28 06:53:00,28.9
1281,1293,t4g6,28.9;71.3;54;Jun,2024-07-28 07:03:00,28.9
1282,1294,t4g6,28.9;71.4;54;Jun,2024-07-28 07:13:00,28.9
1283,1295,t4g6,28.9;71.2;55;Jun,2024-07-28 07:23:00,28.9
1284,1296,t4g6,28.9;71.5;55;Jun,2024-07-28 07:33:00,28.9
1285,1297,t4g6,28.9;71.6;54;Jun,2024-07-28 07:43:00,28.9
1286,1298,t4g6,28.9;71.5;54;Jun,2024-07-28 07:53:00,28.9
1287,1299,t4g6,29.0;71.8;53;Jun,2024-07-28 08:03:00,29.0
1288,1300,t4g6,29.0;71.7;53;Jun,2024-07-28 08:13:00,29.0
1289,1301,t4g6,28.9;71.8;54;Jun,2024-07-28 08:23:00,28.9
1290,1302,t4g6,29.0;71.9;52;Jun,2024-07-28 08:33:00,29.0
1291,1303,t4g6,29.0;71.8;53;Jun,2024-07-28 08:43:00,29.0
1292,1304,t4g6,29.0;72.8;54;Jun,2024-07-28 08:53:00,29.0
1293,1305,t4g6,29.1;71.7;55;Jun,2024-07-28 09:03:00,29.1
1294,1306,t4g6,29.1;71.5;59;Jun,2024-07-28 09:13:00,29.1
1295,1307,t4g6,29.2;71.5;57;Jun,2024-07-28 09:23:00,29.2
1296,1308,t4g6,29.2;71.0;55;Jun,2024-07-28 09:33:00,29.2
1297,1309,t4g6,29.3;70.7;56;Jun,2024-07-28 09:43:00,29.3
1298,1310,t4g6,29.3;70.3;54;Jun,2024-07-28 09:53:00,29.3
1299,1311,t4g6,29.4;70.0;54;Jun,2024-07-28 10:03:00,29.4
1300,1312,t4g6,29.5;70.4;54;Jun,2024-07-28 10:13:00,29.5
1301,1313,t4g6,29.6;69.8;54;Jun,2024-07-28 10:23:00,29.6
1302,1314,t4g6,29.6;69.1;54;Jun,2024-07-28 10:33:00,29.6
1303,1315,t4g6,29.7;69.0;53;Jun,2024-07-28 10:43:00,29.7
1304,1316,t4g6,29.8;68.6;53;Jun,2024-07-28 10:53:00,29.8
1305,1317,t4g6,29.8;68.6;52;Jun,2024-07-28 11:03:00,29.8
1306,1318,t4g6,29.9;68.0;53;Jun,2024-07-28 11:13:00,29.9
1307,1319,t4g6,30.0;67.2;53;Jun,2024-07-28 11:23:00,30.0
1308,1320,t4g6,30.0;66.9;52;Jun,2024-07-28 11:33:00,30.0
1309,1321,t4g6,30.1;66.3;51;Jun,2024-07-28 11:43:00,30.1
1310,1322,t4g6,30.2;65.9;52;Jun,2024-07-28 11:53:00,30.2
1311,1323,t4g6,30.2;65.1;51;Jun,2024-07-28 12:03:00,30.2
1312,1324,t4g6,30.4;64.6;51;Jun,2024-07-28 12:13:00,30.4
1313,1325,t4g6,30.4;63.8;51;Jun,2024-07-28 12:23:00,30.4
1314,1326,t4g6,30.6;63.3;50;Jun,2024-07-28 12:33:00,30.6
1315,1327,t4g6,30.6;63.0;50;Jun,2024-07-28 12:43:00,30.6
1316,1328,t4g6,30.7;62.7;50;Jun,2024-07-28 12:53:00,30.7
1317,1329,t4g6,30.8;62.1;50;Jun,2024-07-28 13:03:00,30.8
1318,1330,t4g6,30.9;61.8;51;Jun,2024-07-28 13:13:00,30.9
1319,1331,t4g6,31.0;61.5;52;Jun,2024-07-28 13:23:00,31.0
1320,1332,t4g6,31.1;61.2;52;Jun,2024-07-28 13:33:00,31.1
1321,1333,t4g6,31.2;60.7;54;Jun,2024-07-28 13:43:00,31.2
1322,1334,t4g6,31.3;60.1;51;Jun,2024-07-28 13:53:00,31.3
1323,1335,t4g6,31.4;59.7;51;Jun,2024-07-28 14:03:00,31.4
1324,1336,t4g6,31.5;59.1;49;Jun,2024-07-28 14:13:00,31.5
1325,1337,t4g6,31.6;59.1;52;Jun,2024-07-28 14:23:00,31.6
1326,1338,t4g6,31.7;58.4;52;Jun,2024-07-28 14:33:00,31.7
1327,1339,t4g6,31.7;58.1;51;Jun,2024-07-28 14:43:00,31.7
1328,1340,t4g6,31.8;58.1;50;Jun,2024-07-28 14:53:00,31.8
1329,1341,t4g6,31.8;58.1;49;Jun,2024-07-28 15:03:00,31.8
1330,1342,t4g6,31.8;58.0;48;Jun,2024-07-28 15:13:00,31.8
1331,1343,t4g6,31.8;58.1;50;Jun,2024-07-28 15:23:00,31.8
1332,1344,t4g6,31.8;58.0;50;Jun,2024-07-28 15:33:00,31.8
1333,1345,t4g6,31.9;57.7;50;Jun,2024-07-28 15:43:00,31.9
1334,1346,t4g6,32.0;57.8;52;Jun,2024-07-28 15:53:00,32.0
1335,1347,t4g6,32.1;57.7;54;Jun,2024-07-28 16:03:00,32.1
1336,1348,t4g6,32.1;57.7;54;Jun,2024-07-28 16:13:00,32.1
1337,1349,t4g6,32.2;57.4;53;Jun,2024-07-28 16:23:00,32.2
1338,1350,t4g6,32.2;57.7;53;Jun,2024-07-28 16:33:00,32.2
1339,1351,t4g6,32.3;57.6;54;Jun,2024-07-28 16:43:00,32.3
1340,1352,t4g6,32.3;57.5;56;Jun,2024-07-28 16:53:00,32.3
1341,1353,t4g6,32.3;57.5;55;Jun,2024-07-28 17:03:00,32.3
1342,1354,t4g6,32.3;57.4;54;Jun,2024-07-28 17:13:00,32.3
1343,1355,t4g6,32.2;57.4;53;Jun,2024-07-28 17:23:00,32.2
1344,1356,t4g6,32.2;57.3;50;Jun,2024-07-28 17:33:00,32.2
1345,1357,t4g6,32.2;56.9;54;Jun,2024-07-28 17:43:00,32.2
1346,1358,t4g6,32.2;56.8;50;Jun,2024-07-28 17:53:00,32.2
1347,1359,t4g6,32.1;56.6;52;Jun,2024-07-28 18:03:00,32.1
1348,1360,t4g6,32.1;56.8;54;Jun,2024-07-28 18:13:00,32.1
1349,1361,t4g6,32.0;57.0;52;Jun,2024-07-28 18:23:00,32.0
1350,1362,t4g6,31.9;57.5;53;Jun,2024-07-28 18:33:00,31.9
1351,1363,t4g6,31.7;57.8;53;Jun,2024-07-28 18:43:00,31.7
1352,1364,t4g6,31.6;58.3;54;Jun,2024-07-28 18:53:00,31.6
1353,1365,t4g6,31.5;59.0;53;Jun,2024-07-28 19:03:00,31.5
1354,1366,t4g6,31.4;59.4;54;Jun,2024-07-28 19:13:00,31.4
1355,1367,t4g6,31.4;60.0;54;Jun,2024-07-28 19:23:00,31.4
1356,1368,t4g6,31.3;60.9;55;Jun,2024-07-28 19:33:00,31.3
1357,1369,t4g6,31.2;61.8;55;Jun,2024-07-28 19:43:00,31.2
1358,1370,t4g6,31.1;62.1;55;Jun,2024-07-28 19:53:00,31.1
1359,1371,t4g6,31.1;62.8;55;Jun,2024-07-28 20:03:00,31.1
1360,1372,t4g6,31.0;63.3;56;Jun,2024-07-28 20:13:00,31.0
1361,1373,t4g6,30.9;63.2;56;Jun,2024-07-28 20:23:00,30.9
1362,1374,t4g6,30.9;63.7;56;Jun,2024-07-28 20:33:00,30.9
1363,1375,t4g6,30.8;64.0;56;Jun,2024-07-28 20:43:00,30.8
1364,1376,t4g6,30.8;64.5;55;Jun,2024-07-28 20:53:00,30.8
1365,1377,t4g6,30.7;64.9;55;Jun,2024-07-28 21:03:00,30.7
1366,1378,t4g6,30.7;64.7;56;Jun,2024-07-28 21:13:00,30.7
1367,1379,t4g6,30.6;64.9;55;Jun,2024-07-28 21:23:00,30.6
1368,1380,t4g6,30.5;65.2;56;Jun,2024-07-28 21:33:00,30.5
1369,1381,t4g6,30.5;65.1;55;Jun,2024-07-28 21:43:00,30.5
1370,1382,t4g6,30.5;65.2;56;Jun,2024-07-28 21:53:00,30.5
1371,1383,t4g6,30.4;65.4;57;Jun,2024-07-28 22:03:00,30.4
1372,1384,t4g6,30.5;65.2;56;Jun,2024-07-28 22:13:00,30.5
1373,1385,t4g6,30.4;65.4;56;Jun,2024-07-28 22:23:00,30.4
1374,1386,t4g6,30.4;65.7;57;Jun,2024-07-28 22:33:00,30.4
1375,1387,t4g6,30.3;65.4;58;Jun,2024-07-28 22:43:00,30.3
1376,1388,t4g6,30.3;66.0;56;Jun,2024-07-28 22:53:00,30.3
1377,1389,t4g6,30.2;66.0;53;Jun,2024-07-28 23:03:00,30.2
1378,1390,t4g6,30.2;66.5;56;Jun,2024-07-28 23:13:00,30.2
1379,1391,t4g6,30.2;66.3;58;Jun,2024-07-28 23:23:00,30.2
1380,1392,t4g6,30.2;66.2;57;Jun,2024-07-28 23:33:00,30.2
1381,1393,t4g6,30.2;66.2;57;Jun,2024-07-28 23:43:00,30.2
1382,1394,t4g6,30.1;66.6;57;Jun,2024-07-28 23:53:00,30.1
1383,1395,t4g6,30.1;66.7;56;Jun,2024-07-29 00:03:00,30.1
1384,1396,t4g6,30.1;66.6;57;Jun,2024-07-29 00:13:00,30.1
1385,1397,t4g6,30.1;66.4;57;Jun,2024-07-29 00:23:00,30.1
1386,1398,t4g6,30.1;66.5;58;Jun,2024-07-29 00:33:00,30.1
1387,1399,t4g6,30.0;66.7;57;Jun,2024-07-29 00:43:00,30.0
1388,1400,t4g6,30.0;66.7;57;Jun,2024-07-29 00:53:00,30.0
1389,1401,t4g6,30.0;66.9;55;Jun,2024-07-29 01:03:00,30.0
1390,1402,t4g6,30.0;67.1;56;Jun,2024-07-29 01:13:00,30.0
1391,1403,t4g6,30.0;67.2;59;Jun,2024-07-29 01:23:00,30.0
1392,1404,t4g6,29.9;67.6;54;Jun,2024-07-29 01:33:00,29.9
1393,1405,t4g6,29.9;68.0;54;Jun,2024-07-29 01:43:00,29.9
1394,1406,t4g6,29.9;68.0;54;Jun,2024-07-29 01:53:00,29.9
1395,1407,t4g6,29.9;68.3;54;Jun,2024-07-29 02:03:00,29.9
1396,1408,t4g6,29.9;68.7;54;Jun,2024-07-29 02:13:00,29.9
1397,1409,t4g6,29.9;68.2;54;Jun,2024-07-29 02:23:00,29.9
1398,1410,t4g6,29.9;68.4;54;Jun,2024-07-29 02:33:00,29.9
1399,1411,t4g6,29.9;68.6;56;Jun,2024-07-29 02:43:00,29.9
1400,1412,t4g6,29.8;68.6;54;Jun,2024-07-29 02:53:00,29.8
1401,1413,t4g6,29.8;68.8;56;Jun,2024-07-29 03:03:00,29.8
1402,1414,t4g6,29.8;68.7;54;Jun,2024-07-29 03:13:00,29.8
1403,1415,t4g6,29.8;69.0;56;Jun,2024-07-29 03:23:00,29.8
1404,1416,t4g6,29.8;69.3;54;Jun,2024-07-29 03:34:00,29.8
1405,1417,t4g6,29.8;69.0;55;Jun,2024-07-29 03:44:00,29.8
1406,1418,t4g6,29.7;69.2;55;Jun,2024-07-29 03:54:00,29.7
1407,1419,t4g6,29.8;69.4;54;Jun,2024-07-29 04:04:00,29.8
1408,1420,t4g6,29.7;69.2;55;Jun,2024-07-29 04:14:00,29.7
1409,1421,t4g6,29.7;69.4;55;Jun,2024-07-29 04:24:00,29.7
1410,1422,t4g6,29.7;69.5;54;Jun,2024-07-29 04:34:00,29.7
1411,1423,t4g6,29.8;69.5;53;Jun,2024-07-29 04:44:00,29.8
1412,1424,t4g6,29.7;69.7;55;Jun,2024-07-29 04:54:00,29.7
1413,1425,t4g6,29.7;69.8;54;Jun,2024-07-29 05:04:00,29.7
1414,1426,t4g6,29.7;69.7;54;Jun,2024-07-29 05:14:00,29.7
1415,1427,t4g6,29.7;70.0;54;Jun,2024-07-29 05:24:00,29.7
1416,1428,t4g6,29.7;70.3;56;Jun,2024-07-29 05:34:00,29.7
1417,1429,t4g6,29.7;70.4;53;Jun,2024-07-29 05:44:00,29.7
1418,1430,t4g6,29.6;70.7;54;Jun,2024-07-29 05:54:00,29.6
1419,1431,t4g6,29.7;70.5;54;Jun,2024-07-29 06:04:00,29.7
1420,1432,t4g6,29.7;70.6;54;Jun,2024-07-29 06:14:00,29.7
1421,1433,t4g6,29.6;70.8;54;Jun,2024-07-29 06:24:00,29.6
1422,1434,t4g6,29.6;70.6;53;Jun,2024-07-29 06:34:00,29.6
1423,1435,t4g6,29.0;70.1;55;Jun,2024-07-29 06:44:00,29.0
1424,1436,t4g6,28.7;69.1;57;Jun,2024-07-29 06:54:00,28.7
1425,1437,t4g6,28.5;67.6;56;Jun,2024-07-29 07:04:00,28.5
1426,1438,t4g6,28.3;66.5;59;Jun,2024-07-29 07:14:00,28.3
1427,1439,t4g6,28.1;65.0;60;Jun,2024-07-29 07:24:00,28.1
1428,1440,t4g6,27.9;63.2;60;Jun,2024-07-29 07:34:00,27.9
1429,1441,t4g6,27.6;62.1;61;Jun,2024-07-29 07:44:00,27.6
1430,1442,t4g6,27.4;61.3;60;Jun,2024-07-29 07:54:00,27.4
1431,1443,t4g6,27.2;60.0;36;Jun,2024-07-29 08:04:00,27.2
1432,1444,t4g6,27.0;58.8;60;Jun,2024-07-29 08:14:00,27.0
1433,1445,t4g6,26.8;58.0;59;Jun,2024-07-29 08:24:00,26.8
1434,1446,t4g6,26.8;57.4;59;Jun,2024-07-29 08:34:00,26.8
1435,1447,t4g6,26.7;57.1;58;Jun,2024-07-29 08:44:00,26.7
1436,1448,t4g6,26.7;58.4;59;Jun,2024-07-29 08:54:00,26.7
1437,1449,t4g6,26.7;59.2;58;Jun,2024-07-29 09:04:00,26.7
1438,1450,t4g6,26.7;59.8;58;Jun,2024-07-29 09:14:00,26.7
1439,1451,t4g6,26.7;59.8;58;Jun,2024-07-29 09:24:00,26.7
1440,1452,t4g6,26.8;59.8;58;Jun,2024-07-29 09:34:00,26.8
1441,1453,t4g6,26.8;60.3;58;Jun,2024-07-29 09:44:00,26.8
1442,1454,t4g6,26.8;59.7;57;Jun,2024-07-29 09:54:00,26.8
1443,1455,t4g6,26.9;60.7;57;Jun,2024-07-29 10:04:00,26.9
1444,1456,t4g6,27.0;61.0;57;Jun,2024-07-29 10:14:00,27.0
1445,1457,t4g6,26.9;60.9;56;Jun,2024-07-29 10:24:00,26.9
1446,1458,t4g6,26.8;60.9;56;Jun,2024-07-29 10:34:00,26.8
1447,1459,t4g6,27.1;60.7;56;Jun,2024-07-29 10:44:00,27.1
1448,1460,t4g6,27.3;60.8;54;Jun,2024-07-29 10:54:00,27.3
1449,1461,t4g6,27.4;60.4;56;Jun,2024-07-29 11:04:00,27.4
1450,1462,t4g6,27.4;60.7;54;Jun,2024-07-29 11:14:00,27.4
1451,1463,t4g6,27.6;60.5;53;Jun,2024-07-29 11:24:00,27.6
1452,1464,t4g6,27.6;60.7;56;Jun,2024-07-29 11:34:00,27.6
1453,1465,t4g6,27.7;60.2;57;Jun,2024-07-29 11:44:00,27.7
1454,1466,t4g6,27.4;60.7;57;Jun,2024-07-29 11:54:00,27.4
1455,1467,t4g6,27.6;60.8;56;Jun,2024-07-29 12:04:00,27.6
1456,1468,t4g6,27.7;60.5;57;Jun,2024-07-29 12:14:00,27.7
1457,1469,t4g6,27.9;60.0;57;Jun,2024-07-29 12:24:00,27.9
1458,1470,t4g6,27.8;60.1;55;Jun,2024-07-29 12:34:00,27.8
1459,1471,t4g6,27.9;59.6;56;Jun,2024-07-29 12:44:00,27.9
1460,1472,t4g6,27.7;59.6;57;Jun,2024-07-29 12:54:00,27.7
1461,1473,t4g6,27.9;59.6;56;Jun,2024-07-29 13:04:00,27.9
1462,1474,t4g6,27.9;59.7;56;Jun,2024-07-29 13:14:00,27.9
1463,1475,t4g6,27.9;59.9;57;Jun,2024-07-29 13:24:00,27.9
1464,1476,t4g6,28.0;59.4;54;Jun,2024-07-29 13:34:00,28.0
1465,1477,t4g6,28.2;59.5;55;Jun,2024-07-29 13:44:00,28.2
1466,1478,t4g6,28.3;59.3;56;Jun,2024-07-29 13:54:00,28.3
1467,1479,t4g6,28.3;59.1;56;Jun,2024-07-29 14:04:00,28.3
1468,1480,t4g6,28.0;59.8;56;Jun,2024-07-29 14:14:00,28.0
1469,1481,t4g6,27.9;60.2;56;Jun,2024-07-29 14:24:00,27.9
1470,1482,t4g6,28.0;59.8;57;Jun,2024-07-29 14:34:00,28.0
1471,1483,t4g6,28.2;59.1;57;Jun,2024-07-29 14:44:00,28.2
1472,1484,t4g6,28.1;59.0;49;Jun,2024-07-29 14:54:00,28.1
1473,1485,t4g6,28.4;58.5;56;Jun,2024-07-29 15:04:00,28.4
1474,1486,t4g6,28.4;58.6;56;Jun,2024-07-29 15:14:00,28.4
1475,1487,t4g6,28.6;58.2;54;Jun,2024-07-29 15:24:00,28.6
1476,1488,t4g6,28.5;58.2;55;Jun,2024-07-29 15:34:00,28.5
1477,1489,t4g6,28.8;57.4;55;Jun,2024-07-29 15:44:00,28.8
1478,1490,t4g6,28.8;57.2;54;Jun,2024-07-29 15:54:00,28.8
1479,1491,t4g6,28.7;57.3;55;Jun,2024-07-29 16:04:00,28.7
1480,1492,t4g6,28.6;57.4;55;Jun,2024-07-29 16:14:00,28.6
1481,1493,t4g6,28.8;57.1;55;Jun,2024-07-29 16:24:00,28.8
1482,1494,t4g6,28.4;57.8;53;Jun,2024-07-29 16:34:00,28.4
1483,1495,t4g6,28.4;57.7;54;Jun,2024-07-29 16:44:00,28.4
1484,1496,t4g6,28.4;57.6;53;Jun,2024-07-29 16:54:00,28.4
1485,1497,t4g6,28.1;58.4;54;Jun,2024-07-29 17:04:00,28.1
1486,1498,t4g6,28.0;58.7;53;Jun,2024-07-29 17:14:00,28.0
1487,1499,t4g6,27.9;58.8;54;Jun,2024-07-29 17:24:00,27.9
1488,1500,t4g6,27.9;58.8;54;Jun,2024-07-29 17:34:00,27.9
1489,1501,t4g6,27.7;59.3;56;Jun,2024-07-29 17:44:00,27.7
1490,1502,t4g6,27.7;59.2;55;Jun,2024-07-29 17:54:00,27.7
1491,1503,t4g6,27.7;59.3;54;Jun,2024-07-29 18:04:00,27.7
1492,1504,t4g6,27.5;59.9;54;Jun,2024-07-29 18:14:00,27.5
1493,1505,t4g6,27.5;60.1;55;Jun,2024-07-29 18:24:00,27.5
1494,1506,t4g6,27.4;60.7;51;Jun,2024-07-29 18:34:00,27.4
1495,1507,t4g6,27.2;60.8;53;Jun,2024-07-29 18:44:00,27.2
1496,1508,t4g6,27.1;60.8;54;Jun,2024-07-29 18:54:00,27.1
1497,1509,t4g6,27.2;60.5;54;Jun,2024-07-29 19:04:00,27.2
1498,1510,t4g6,27.7;59.4;55;Jun,2024-07-29 19:14:00,27.7
1499,1511,t4g6,28.0;59.9;55;Jun,2024-07-29 19:24:00,28.0
1500,1512,t4g6,28.1;60.5;55;Jun,2024-07-29 19:34:00,28.1
1501,1513,t4g6,28.2;61.4;53;Jun,2024-07-29 19:44:00,28.2
1502,1514,t4g6,28.3;61.4;55;Jun,2024-07-29 19:54:00,28.3
1503,1515,t4g6,28.3;61.6;54;Jun,2024-07-29 20:04:00,28.3
1504,1516,t4g6,28.3;61.9;54;Jun,2024-07-29 20:14:00,28.3
1505,1517,t4g6,28.4;62.4;51;Jun,2024-07-29 20:24:00,28.4
1506,1518,t4g6,28.4;62.1;53;Jun,2024-07-29 20:34:00,28.4
1507,1519,t4g6,28.4;62.4;53;Jun,2024-07-29 20:44:00,28.4
1508,1520,t4g6,28.4;62.4;55;Jun,2024-07-29 20:54:00,28.4
1509,1521,t4g6,28.4;62.7;54;Jun,2024-07-29 21:04:00,28.4
1510,1522,t4g6,28.4;62.6;53;Jun,2024-07-29 21:14:00,28.4
1511,1523,t4g6,28.5;62.8;54;Jun,2024-07-29 21:24:00,28.5
1512,1524,t4g6,28.5;63.1;53;Jun,2024-07-29 21:34:00,28.5
1513,1525,t4g6,28.5;63.3;53;Jun,2024-07-29 21:44:00,28.5
1514,1526,t4g6,28.5;63.4;54;Jun,2024-07-29 21:54:00,28.5
1515,1527,t4g6,28.5;63.8;53;Jun,2024-07-29 22:04:00,28.5
1516,1528,t4g6,28.5;63.7;56;Jun,2024-07-29 22:14:00,28.5
1517,1529,t4g6,28.6;64.0;54;Jun,2024-07-29 22:24:00,28.6
1518,1530,t4g6,28.6;64.1;54;Jun,2024-07-29 22:34:00,28.6
1519,1531,t4g6,28.5;64.2;53;Jun,2024-07-29 22:44:00,28.5
1520,1532,t4g6,28.5;64.2;55;Jun,2024-07-29 22:54:00,28.5
1521,1533,t4g6,28.6;65.1;54;Jun,2024-07-29 23:04:00,28.6
1522,1534,t4g6,28.6;64.4;54;Jun,2024-07-29 23:14:00,28.6
1523,1535,t4g6,28.6;65.0;57;Jun,2024-07-29 23:24:00,28.6
1524,1536,t4g6,28.6;64.8;54;Jun,2024-07-29 23:34:00,28.6
1525,1537,t4g6,28.6;64.9;54;Jun,2024-07-29 23:44:00,28.6
1526,1538,t4g6,28.6;64.8;54;Jun,2024-07-29 23:54:00,28.6
1527,1539,t4g6,28.6;65.0;54;Jun,2024-07-30 00:04:00,28.6
1528,1540,t4g6,28.6;64.9;53;Jun,2024-07-30 00:14:00,28.6
1529,1541,t4g6,28.5;65.1;53;Jun,2024-07-30 00:24:00,28.5
1530,1542,t4g6,28.5;65.4;53;Jun,2024-07-30 00:34:00,28.5
1531,1543,t4g6,28.6;65.8;54;Jun,2024-07-30 00:44:00,28.6
1532,1544,t4g6,28.6;65.7;53;Jun,2024-07-30 00:54:00,28.6
1533,1545,t4g6,28.6;66.0;54;Jun,2024-07-30 01:04:00,28.6
1534,1546,t4g6,28.6;66.9;53;Jun,2024-07-30 01:14:00,28.6
1535,1547,t4g6,28.6;67.1;52;Jun,2024-07-30 01:24:00,28.6
1536,1548,t4g6,28.6;67.1;52;Jun,2024-07-30 01:34:00,28.6
1537,1549,t4g6,28.6;67.3;53;Jun,2024-07-30 01:44:00,28.6
1538,1550,t4g6,28.6;68.5;51;Jun,2024-07-30 01:54:00,28.6
1539,1551,t4g6,28.6;68.0;52;Jun,2024-07-30 02:04:00,28.6
1540,1552,t4g6,28.6;67.9;52;Jun,2024-07-30 02:14:00,28.6
1541,1553,t4g6,28.6;67.8;55;Jun,2024-07-30 02:24:00,28.6
1542,1554,t4g6,28.6;69.3;52;Jun,2024-07-30 02:34:00,28.6
1543,1555,t4g6,28.6;68.3;54;Jun,2024-07-30 02:44:00,28.6
1544,1556,t4g6,28.6;67.8;53;Jun,2024-07-30 02:54:00,28.6
1545,1557,t4g6,28.6;68.1;53;Jun,2024-07-30 03:04:00,28.6
1546,1558,t4g6,28.6;68.2;53;Jun,2024-07-30 03:14:00,28.6
1547,1559,t4g6,28.6;68.3;55;Jun,2024-07-30 03:24:00,28.6
1548,1560,t4g6,28.6;68.8;53;Jun,2024-07-30 03:34:00,28.6
1549,1561,t4g6,28.6;68.6;53;Jun,2024-07-30 03:44:00,28.6
1550,1562,t4g6,28.6;69.2;51;Jun,2024-07-30 03:54:00,28.6
1551,1563,t4g6,28.6;69.2;52;Jun,2024-07-30 04:04:00,28.6
1552,1564,t4g6,28.6;69.1;53;Jun,2024-07-30 04:14:00,28.6
1553,1565,t4g6,28.6;69.3;53;Jun,2024-07-30 04:24:00,28.6
1554,1566,t4g6,28.6;69.6;54;Jun,2024-07-30 04:34:00,28.6
1555,1567,t4g6,28.6;69.7;53;Jun,2024-07-30 04:44:00,28.6
1556,1568,t4g6,28.6;69.9;52;Jun,2024-07-30 04:54:00,28.6
1557,1569,t4g6,28.6;70.0;51;Jun,2024-07-30 05:04:00,28.6
1558,1570,t4g6,28.6;70.2;52;Jun,2024-07-30 05:14:00,28.6
1559,1571,t4g6,28.7;70.6;52;Jun,2024-07-30 05:24:00,28.7
1560,1572,t4g6,28.6;70.8;52;Jun,2024-07-30 05:34:00,28.6
1561,1573,t4g6,28.6;70.6;52;Jun,2024-07-30 05:44:00,28.6
1562,1574,t4g6,28.6;70.8;52;Jun,2024-07-30 05:54:00,28.6
1563,1575,t4g6,28.6;71.1;53;Jun,2024-07-30 06:04:00,28.6
1564,1576,t4g6,28.6;70.8;52;Jun,2024-07-30 06:14:00,28.6
1565,1577,t4g6,28.5;70.7;53;Jun,2024-07-30 06:25:00,28.5
1566,1578,t4g6,28.5;69.5;51;Jun,2024-07-30 06:35:00,28.5
1567,1579,t4g6,27.9;68.7;53;Jun,2024-07-30 06:45:00,27.9
1568,1580,t4g6,27.8;67.2;57;Jun,2024-07-30 06:55:00,27.8
1569,1581,t4g6,27.4;66.4;57;Jun,2024-07-30 07:05:00,27.4
1570,1582,t4g6,27.2;65.6;58;Jun,2024-07-30 07:15:00,27.2
1571,1583,t4g6,27.0;64.8;59;Jun,2024-07-30 07:25:00,27.0
1572,1584,t4g6,26.8;64.0;60;Jun,2024-07-30 07:35:00,26.8
1573,1585,t4g6,26.7;63.0;60;Jun,2024-07-30 07:45:00,26.7
1574,1586,t4g6,26.5;62.3;63;Jun,2024-07-30 07:55:00,26.5
1575,1587,t4g6,26.4;61.2;59;Jun,2024-07-30 08:05:00,26.4
1576,1588,t4g6,26.2;60.1;59;Jun,2024-07-30 08:15:00,26.2
1577,1589,t4g6,26.0;59.4;59;Jun,2024-07-30 08:25:00,26.0
1578,1590,t4g6,26.0;58.4;60;Jun,2024-07-30 08:35:00,26.0
1579,1591,t4g6,25.8;58.1;61;Jun,2024-07-30 08:45:00,25.8
1580,1592,t4g6,26.0;59.1;61;Jun,2024-07-30 08:55:00,26.0
1581,1593,t4g6,25.8;60.2;60;Jun,2024-07-30 09:05:00,25.8
1582,1594,t4g6,25.8;60.6;60;Jun,2024-07-30 09:15:00,25.8
1583,1595,t4g6,26.0;60.7;59;Jun,2024-07-30 09:25:00,26.0
1584,1596,t4g6,25.8;60.2;59;Jun,2024-07-30 09:35:00,25.8
1585,1597,t4g6,26.2;59.8;59;Jun,2024-07-30 09:45:00,26.2
1586,1598,t4g6,26.1;60.3;58;Jun,2024-07-30 09:55:00,26.1
1587,1599,t4g6,26.0;61.2;58;Jun,2024-07-30 10:05:00,26.0
1588,1600,t4g6,26.2;61.1;59;Jun,2024-07-30 10:15:00,26.2
1589,1601,t4g6,26.2;60.9;58;Jun,2024-07-30 10:25:00,26.2
1590,1602,t4g6,26.2;61.3;57;Jun,2024-07-30 10:35:00,26.2
1591,1603,t4g6,26.4;60.8;58;Jun,2024-07-30 10:45:00,26.4
1592,1604,t4g6,26.5;59.9;57;Jun,2024-07-30 10:55:00,26.5
1593,1605,t4g6,26.4;61.0;57;Jun,2024-07-30 11:05:00,26.4
