id,clientID,topic,message,timestamp
51,t4g4:122,t4g4,24.15;60.82;3,9/7/2024 13:19
52,t4g4:122,t4g4,23.98;61.94;3,9/7/2024 13:34
53,t4g4:122,t4g4,24.02;61.99;3,9/7/2024 13:49
54,t4g4:122,t4g4,23.84;62.30;3,9/7/2024 14:04
55,t4g4:122,t4g4,23.89;62.44;3,9/7/2024 14:19
56,t4g4:122,t4g4,23.75;62.40;3,9/7/2024 14:34
57,t4g4:122,t4g4,23.98;61.76;3,9/7/2024 14:49
58,t4g4:122,t4g4,24.01;61.94;3,9/7/2024 15:04
59,t4g4:122,t4g4,24.74;60.33;3,9/7/2024 15:19
60,t4g4:122,t4g4,25.18;58.62;3,9/7/2024 15:35
61,t4g4:122,t4g4,25.86;58.22;3,9/7/2024 15:50
62,t4g4:122,t4g4,25.78;59.17;3,9/7/2024 16:05
63,t4g4:122,t4g4,25.34;60.39;3,9/7/2024 16:20
64,t4g4:122,t4g4,25.10;61.08;3,9/7/2024 16:35
65,t4g4:122,t4g4,24.93;60.80;3,9/7/2024 16:50
66,t4g4:122,t4g4,24.76;61.28;3,9/7/2024 17:05
67,t4g4:122,t4g4,24.83;60.44;3,9/7/2024 17:20
68,t4g4:122,t4g4,25.34;59.46;3,9/7/2024 17:35
69,t4g4:122,t4g4,25.61;59.48;3,9/7/2024 17:50
70,t4g4:122,t4g4,25.49;59.77;3,9/7/2024 18:05
71,t4g4:122,t4g4,25.38;60.38;3,9/7/2024 18:20
72,t4g4:122,t4g4,25.13;60.66;3,9/7/2024 18:35
73,t4g4:122,t4g4,24.94;61.01;3,9/7/2024 18:50
74,t4g4:122,t4g4,24.87;60.89;3,9/7/2024 19:05
75,t4g4:122,t4g4,25.33;60.39;3,9/7/2024 19:20
76,t4g4:122,t4g4,25.51;61.00;3,9/7/2024 19:35
77,t4g4:122,t4g4,25.57;61.35;3,9/7/2024 19:50
78,t4g4:122,t4g4,25.58;61.63;3,9/7/2024 20:05
79,t4g4:122,t4g4,25.69;61.79;3,9/7/2024 20:20
80,t4g4:122,t4g4,25.71;62.61;3,9/7/2024 20:35
81,t4g4:122,t4g4,25.76;63.13;3,9/7/2024 20:50
82,t4g4:122,t4g4,25.75;63.64;3,9/7/2024 21:05
83,t4g4:122,t4g4,25.84;64.31;3,9/7/2024 21:20
84,t4g4:122,t4g4,25.86;64.68;3,9/7/2024 21:35
85,t4g4:122,t4g4,25.89;65.36;3,9/7/2024 21:50
86,t4g4:122,t4g4,25.93;65.92;3,9/7/2024 22:05
87,t4g4:122,t4g4,25.96;66.33;3,9/7/2024 22:20
88,t4g4:122,t4g4,25.99;66.91;3,9/7/2024 22:35
89,t4g4:122,t4g4,26.00;67.28;3,9/7/2024 22:50
90,t4g4:122,t4g4,25.99;67.80;3,9/7/2024 23:05
91,t4g4:122,t4g4,25.98;68.23;3,9/7/2024 23:20
92,t4g4:122,t4g4,25.99;68.42;3,9/7/2024 23:35
93,t4g4:122,t4g4,26.02;68.74;3,9/7/2024 23:50
94,t4g4:122,t4g4,26.02;69.11;3,10/7/2024 0:05
95,t4g4:122,t4g4,26.02;69.52;3,10/7/2024 0:20
96,t4g4:122,t4g4,26.02;69.98;3,10/7/2024 0:35
97,t4g4:122,t4g4,26.08;70.29;3,10/7/2024 0:50
98,t4g4:122,t4g4,26.03;70.84;3,10/7/2024 1:05
99,t4g4:122,t4g4,26.08;71.42;3,10/7/2024 1:21
100,t4g4:122,t4g4,26.08;71.87;3,10/7/2024 1:36
101,t4g4:122,t4g4,26.10;72.43;3,10/7/2024 1:51
102,t4g4:122,t4g4,26.13;72.99;3,10/7/2024 2:06
103,t4g4:122,t4g4,26.13;72.89;3,10/7/2024 2:21
104,t4g4:122,t4g4,26.09;73.01;3,10/7/2024 2:36
105,t4g4:122,t4g4,26.12;73.15;3,10/7/2024 2:51
106,t4g4:122,t4g4,26.12;73.45;3,10/7/2024 3:06
107,t4g4:122,t4g4,26.15;73.57;3,10/7/2024 3:21
108,t4g4:122,t4g4,26.13;73.85;3,10/7/2024 3:36
109,t4g4:122,t4g4,26.12;73.89;3,10/7/2024 3:51
110,t4g4:122,t4g4,26.15;74.21;3,10/7/2024 4:06
111,t4g4:122,t4g4,26.18;74.51;3,10/7/2024 4:21
112,t4g4:122,t4g4,26.16;74.87;3,10/7/2024 4:36
113,t4g4:122,t4g4,26.22;75.13;3,10/7/2024 4:51
114,t4g4:122,t4g4,26.25;75.38;3,10/7/2024 5:06
115,t4g4:122,t4g4,26.22;76.19;3,10/7/2024 5:21
116,t4g4:122,t4g4,26.23;76.06;3,10/7/2024 5:36
117,t4g4:122,t4g4,26.25;76.21;3,10/7/2024 5:51
118,t4g4:122,t4g4,26.23;76.67;3,10/7/2024 6:06
119,t4g4:122,t4g4,26.22;76.82;3,10/7/2024 6:21
120,t4g4:122,t4g4,26.16;75.62;3,10/7/2024 6:36
121,t4g4:122,t4g4,25.62;72.47;3,10/7/2024 6:51
122,t4g4:122,t4g4,25.15;70.22;3,10/7/2024 7:06
123,t4g4:122,t4g4,24.86;68.57;3,10/7/2024 7:21
124,t4g4:122,t4g4,24.64;66.58;3,10/7/2024 7:36
125,t4g4:122,t4g4,24.46;64.41;3,10/7/2024 7:51
126,t4g4:122,t4g4,24.11;62.75;3,10/7/2024 8:06
127,t4g4:122,t4g4,23.75;61.67;3,10/7/2024 8:21
128,t4g4:122,t4g4,23.68;60.30;3,10/7/2024 8:36
129,t4g4:122,t4g4,23.62;59.56;3,10/7/2024 8:51
130,t4g4:122,t4g4,23.61;58.81;3,10/7/2024 9:06
131,t4g4:122,t4g4,23.70;58.34;3,10/7/2024 9:21
132,t4g4:122,t4g4,23.81;58.10;3,10/7/2024 9:36
133,t4g4:122,t4g4,23.78;57.91;3,10/7/2024 9:51
134,t4g4:122,t4g4,24.05;57.43;3,10/7/2024 10:06
135,t4g4:122,t4g4,24.11;57.24;3,10/7/2024 10:21
136,t4g4:122,t4g4,24.08;57.62;3,10/7/2024 10:36
137,t4g4:122,t4g4,23.98;58.48;3,10/7/2024 10:51
138,t4g4:122,t4g4,23.98;58.65;3,10/7/2024 11:06
139,t4g4:122,t4g4,24.13;59.68;3,10/7/2024 11:21
140,t4g4:122,t4g4,24.60;58.35;3,10/7/2024 11:37
141,t4g4:122,t4g4,24.77;58.34;3,10/7/2024 11:52
142,t4g4:122,t4g4,24.79;58.26;3,10/7/2024 12:07
143,t4g4:122,t4g4,25.13;58.45;3,10/7/2024 12:22
144,t4g4:122,t4g4,25.10;58.64;3,10/7/2024 12:37
145,t4g4:122,t4g4,25.24;57.64;3,10/7/2024 12:52
146,t4g4:122,t4g4,25.35;58.62;3,10/7/2024 13:07
147,t4g4:122,t4g4,25.38;58.94;3,10/7/2024 13:22
148,t4g4:122,t4g4,25.06;59.15;3,10/7/2024 13:37
149,t4g4:122,t4g4,25.04;58.49;3,10/7/2024 13:52
150,t4g4:122,t4g4,25.00;58.74;3,10/7/2024 14:07
151,t4g4:122,t4g4,25.48;58.49;3,10/7/2024 14:22
152,t4g4:122,t4g4,25.38;58.92;3,10/7/2024 14:37
153,t4g4:122,t4g4,25.41;57.86;3,10/7/2024 14:52
154,t4g4:122,t4g4,25.54;57.53;3,10/7/2024 15:07
155,t4g4:122,t4g4,25.95;56.91;3,10/7/2024 15:22
156,t4g4:122,t4g4,26.29;55.68;3,10/7/2024 15:37
157,t4g4:122,t4g4,26.26;56.11;3,10/7/2024 15:52
158,t4g4:122,t4g4,26.56;56.47;3,10/7/2024 16:07
159,t4g4:122,t4g4,26.33;57.20;3,10/7/2024 16:22
160,t4g4:122,t4g4,25.58;58.47;3,10/7/2024 16:37
161,t4g4:122,t4g4,25.44;59.08;3,10/7/2024 16:52
162,t4g4:122,t4g4,25.68;58.09;3,10/7/2024 17:07
163,t4g4:122,t4g4,25.42;58.72;3,10/7/2024 17:22
164,t4g4:122,t4g4,25.34;59.33;3,10/7/2024 17:37
165,t4g4:122,t4g4,25.40;59.14;3,10/7/2024 17:52
166,t4g4:122,t4g4,25.07;59.41;3,10/7/2024 18:07
167,t4g4:122,t4g4,24.83;60.27;3,10/7/2024 18:22
168,t4g4:122,t4g4,24.42;59.45;3,10/7/2024 18:37
169,t4g4:122,t4g4,24.33;60.39;3,10/7/2024 18:52
170,t4g4:122,t4g4,24.66;58.48;3,10/7/2024 19:07
171,t4g4:122,t4g4,25.13;59.09;3,10/7/2024 19:22
172,t4g4:122,t4g4,25.38;60.42;3,10/7/2024 19:37
173,t4g4:122,t4g4,25.51;61.40;3,10/7/2024 19:52
174,t4g4:122,t4g4,25.62;61.93;3,10/7/2024 20:07
175,t4g4:122,t4g4,25.76;62.57;3,10/7/2024 20:22
176,t4g4:122,t4g4,25.85;63.46;3,10/7/2024 20:37
177,t4g4:122,t4g4,25.84;64.05;3,10/7/2024 20:52
178,t4g4:122,t4g4,25.91;64.46;3,10/7/2024 21:07
179,t4g4:122,t4g4,25.96;65.26;3,10/7/2024 21:22
180,t4g4:122,t4g4,25.99;66.02;3,10/7/2024 21:37
181,t4g4:122,t4g4,26.03;66.52;3,10/7/2024 21:52
182,t4g4:122,t4g4,26.10;66.74;3,10/7/2024 22:08
183,t4g4:122,t4g4,26.12;67.46;3,10/7/2024 22:23
184,t4g4:122,t4g4,26.19;67.94;3,10/7/2024 22:38
185,t4g4:122,t4g4,26.22;68.31;3,10/7/2024 22:53
186,t4g4:122,t4g4,26.23;68.73;3,10/7/2024 23:08
187,t4g4:122,t4g4,26.23;68.99;3,10/7/2024 23:23
188,t4g4:122,t4g4,26.25;69.50;3,10/7/2024 23:38
189,t4g4:122,t4g4,26.29;69.35;3,10/7/2024 23:53
190,t4g4:122,t4g4,26.27;69.71;3,11/7/2024 0:08
191,t4g4:122,t4g4,26.33;69.76;3,11/7/2024 0:23
192,t4g4:122,t4g4,26.36;70.31;3,11/7/2024 0:38
193,t4g4:122,t4g4,26.39;70.49;3,11/7/2024 0:53
194,t4g4:122,t4g4,26.37;70.88;3,11/7/2024 1:08
195,t4g4:122,t4g4,26.42;71.22;3,11/7/2024 1:23
196,t4g4:122,t4g4,26.47;71.60;3,11/7/2024 1:38
197,t4g4:122,t4g4,26.47;72.19;3,11/7/2024 1:53
198,t4g4:122,t4g4,26.49;72.66;3,11/7/2024 2:08
199,t4g4:122,t4g4,26.46;73.26;3,11/7/2024 2:23
200,t4g4:122,t4g4,26.44;73.52;3,11/7/2024 2:38
201,t4g4:122,t4g4,26.43;73.49;3,11/7/2024 2:53
202,t4g4:122,t4g4,26.49;73.69;3,11/7/2024 3:08
203,t4g4:122,t4g4,26.43;74.36;3,11/7/2024 3:23
204,t4g4:122,t4g4,26.40;74.62;3,11/7/2024 3:38
205,t4g4:122,t4g4,26.43;74.81;3,11/7/2024 3:53
206,t4g4:122,t4g4,26.42;74.87;3,11/7/2024 4:08
207,t4g4:122,t4g4,26.39;74.76;3,11/7/2024 4:23
208,t4g4:122,t4g4,26.40;74.86;3,11/7/2024 4:38
209,t4g4:122,t4g4,26.40;75.19;3,11/7/2024 4:53
210,t4g4:122,t4g4,26.43;75.43;3,11/7/2024 5:08
211,t4g4:122,t4g4,26.42;75.76;3,11/7/2024 5:23
212,t4g4:122,t4g4,26.49;76.16;3,11/7/2024 5:38
213,t4g4:122,t4g4,26.46;76.05;3,11/7/2024 5:53
214,t4g4:122,t4g4,26.49;76.24;3,11/7/2024 6:08
215,t4g4:122,t4g4,26.49;76.61;3,11/7/2024 6:23
216,t4g4:122,t4g4,26.36;73.97;3,11/7/2024 6:38
217,t4g4:122,t4g4,25.68;72.37;3,11/7/2024 6:53
218,t4g4:122,t4g4,25.35;70.11;3,11/7/2024 7:08
219,t4g4:122,t4g4,25.09;68.40;3,11/7/2024 7:23
220,t4g4:122,t4g4,24.82;66.70;3,11/7/2024 7:38
221,t4g4:122,t4g4,24.59;64.77;3,11/7/2024 7:53
222,t4g4:122,t4g4,24.29;62.85;3,11/7/2024 8:08
223,t4g4:122,t4g4,24.01;61.61;3,11/7/2024 8:23
224,t4g4:122,t4g4,23.91;60.79;3,11/7/2024 8:38
225,t4g4:122,t4g4,23.89;59.83;3,11/7/2024 8:54
226,t4g4:122,t4g4,23.87;59.40;3,11/7/2024 9:09
227,t4g4:122,t4g4,23.87;59.07;3,11/7/2024 9:24
228,t4g4:122,t4g4,23.91;58.40;3,11/7/2024 9:39
229,t4g4:122,t4g4,23.97;58.21;3,11/7/2024 9:54
230,t4g4:122,t4g4,24.12;58.12;3,11/7/2024 10:09
231,t4g4:122,t4g4,24.25;57.72;3,11/7/2024 10:24
232,t4g4:122,t4g4,24.36;57.19;3,11/7/2024 10:39
233,t4g4:122,t4g4,24.58;57.41;3,11/7/2024 10:54
234,t4g4:122,t4g4,24.62;57.93;3,11/7/2024 11:09
235,t4g4:122,t4g4,24.64;57.37;3,11/7/2024 11:24
236,t4g4:122,t4g4,24.66;57.40;3,11/7/2024 11:39
237,t4g4:122,t4g4,24.59;57.64;3,11/7/2024 11:54
238,t4g4:122,t4g4,24.63;57.88;3,11/7/2024 12:09
239,t4g4:122,t4g4,24.69;57.43;3,11/7/2024 12:24
240,t4g4:122,t4g4,24.90;56.61;3,11/7/2024 12:39
241,t4g4:122,t4g4,25.13;56.67;3,11/7/2024 12:54
242,t4g4:122,t4g4,25.34;56.05;3,11/7/2024 13:09
243,t4g4:122,t4g4,25.33;56.14;3,11/7/2024 13:24
244,t4g4:122,t4g4,25.09;57.40;3,11/7/2024 13:39
245,t4g4:122,t4g4,25.07;58.35;3,11/7/2024 13:54
246,t4g4:122,t4g4,25.23;57.71;3,11/7/2024 14:09
247,t4g4:122,t4g4,25.20;57.61;3,11/7/2024 14:24
248,t4g4:122,t4g4,25.47;57.18;3,11/7/2024 14:39
249,t4g4:122,t4g4,25.61;57.62;3,11/7/2024 14:54
250,t4g4:122,t4g4,25.60;58.66;3,11/7/2024 15:09
251,t4g4:122,t4g4,25.75;57.52;3,11/7/2024 15:24
252,t4g4:122,t4g4,25.64;57.68;3,11/7/2024 15:39
253,t4g4:122,t4g4,25.72;57.07;3,11/7/2024 15:54
254,t4g4:122,t4g4,26.16;56.62;3,11/7/2024 16:09
255,t4g4:122,t4g4,26.33;55.82;3,11/7/2024 16:24
256,t4g4:122,t4g4,26.12;57.43;3,11/7/2024 16:39
257,t4g4:122,t4g4,26.26;57.71;3,11/7/2024 16:54
258,t4g4:122,t4g4,25.86;58.63;3,11/7/2024 17:09
259,t4g4:122,t4g4,25.58;59.38;3,11/7/2024 17:24
260,t4g4:122,t4g4,25.78;58.36;3,11/7/2024 17:39
261,t4g4:122,t4g4,25.58;59.08;3,11/7/2024 17:54
262,t4g4:122,t4g4,25.27;59.16;3,11/7/2024 18:09
263,t4g4:122,t4g4,24.91;59.65;3,11/7/2024 18:24
264,t4g4:122,t4g4,24.76;59.75;3,11/7/2024 18:39
265,t4g4:122,t4g4,24.67;59.77;3,11/7/2024 18:54
266,t4g4:122,t4g4,25.10;58.49;3,11/7/2024 19:09
267,t4g4:122,t4g4,25.51;59.16;3,11/7/2024 19:24
268,t4g4:122,t4g4,25.66;60.05;3,11/7/2024 19:39
269,t4g4:122,t4g4,25.75;60.80;3,11/7/2024 19:54
270,t4g4:122,t4g4,25.86;60.78;3,11/7/2024 20:10
271,t4g4:122,t4g4,25.96;61.14;3,11/7/2024 20:25
272,t4g4:122,t4g4,26.09;61.21;3,11/7/2024 20:40
273,t4g4:122,t4g4,26.09;61.95;3,11/7/2024 20:55
274,t4g4:122,t4g4,26.13;62.77;3,11/7/2024 21:10
275,t4g4:122,t4g4,26.23;63.60;3,11/7/2024 21:25
276,t4g4:122,t4g4,26.27;64.57;3,11/7/2024 21:40
277,t4g4:122,t4g4,26.35;65.24;3,11/7/2024 21:55
278,t4g4:122,t4g4,26.35;66.13;3,11/7/2024 22:10
279,t4g4:122,t4g4,26.33;67.09;3,11/7/2024 22:25
280,t4g4:122,t4g4,26.44;67.34;3,11/7/2024 22:40
281,t4g4:122,t4g4,26.40;68.09;3,11/7/2024 22:55
282,t4g4:122,t4g4,26.42;69.03;3,11/7/2024 23:10
283,t4g4:122,t4g4,26.46;69.22;3,11/7/2024 23:25
284,t4g4:122,t4g4,26.47;69.87;3,11/7/2024 23:40
285,t4g4:122,t4g4,26.47;70.09;3,11/7/2024 23:55
286,t4g4:122,t4g4,26.50;70.23;3,12/7/2024 0:10
287,t4g4:122,t4g4,26.47;70.65;3,12/7/2024 0:25
288,t4g4:122,t4g4,26.54;70.65;3,12/7/2024 0:40
289,t4g4:122,t4g4,26.56;71.05;3,12/7/2024 0:55
290,t4g4:122,t4g4,26.59;71.29;3,12/7/2024 1:10
291,t4g4:122,t4g4,26.60;71.53;3,12/7/2024 1:25
292,t4g4:122,t4g4,26.64;71.75;3,12/7/2024 1:40
293,t4g4:122,t4g4,26.64;72.10;3,12/7/2024 1:55
294,t4g4:122,t4g4,26.67;72.50;3,12/7/2024 2:10
295,t4g4:122,t4g4,26.61;73.05;3,12/7/2024 2:25
296,t4g4:122,t4g4,26.59;73.13;3,12/7/2024 2:40
297,t4g4:122,t4g4,26.59;73.36;3,12/7/2024 2:55
298,t4g4:122,t4g4,26.53;73.57;3,12/7/2024 3:10
299,t4g4:122,t4g4,26.53;73.51;3,12/7/2024 3:25
300,t4g4:122,t4g4,26.56;73.58;3,12/7/2024 3:40
301,t4g4:122,t4g4,26.53;73.69;3,12/7/2024 3:55
302,t4g4:122,t4g4,26.50;73.95;3,12/7/2024 4:10
303,t4g4:122,t4g4,26.59;73.90;3,12/7/2024 4:25
304,t4g4:122,t4g4,26.53;74.05;3,12/7/2024 4:40
305,t4g4:122,t4g4,26.56;74.16;3,12/7/2024 4:55
306,t4g4:122,t4g4,26.54;74.43;3,12/7/2024 5:10
307,t4g4:122,t4g4,26.56;74.75;3,12/7/2024 5:25
308,t4g4:122,t4g4,26.57;75.02;3,12/7/2024 5:40
309,t4g4:122,t4g4,26.59;75.16;3,12/7/2024 5:55
310,t4g4:122,t4g4,26.54;75.40;3,12/7/2024 6:10
311,t4g4:122,t4g4,26.53;75.34;3,12/7/2024 6:25
312,t4g4:122,t4g4,26.23;73.14;3,12/7/2024 6:40
313,t4g4:122,t4g4,25.72;71.48;3,12/7/2024 6:56
314,t4g4:122,t4g4,25.48;69.56;3,12/7/2024 7:11
315,t4g4:122,t4g4,25.15;68.30;3,12/7/2024 7:26
316,t4g4:122,t4g4,24.98;66.69;3,12/7/2024 7:41
317,t4g4:122,t4g4,24.64;64.95;3,12/7/2024 7:56
318,t4g4:122,t4g4,24.40;63.16;3,12/7/2024 8:11
319,t4g4:122,t4g4,24.22;61.74;3,12/7/2024 8:26
320,t4g4:122,t4g4,24.18;60.28;3,12/7/2024 8:41
321,t4g4:122,t4g4,23.99;59.91;3,12/7/2024 8:56
322,t4g4:122,t4g4,23.87;59.70;3,12/7/2024 9:11
323,t4g4:122,t4g4,24.01;58.84;3,12/7/2024 9:26
324,t4g4:122,t4g4,23.94;58.39;3,12/7/2024 9:41
325,t4g4:122,t4g4,23.94;58.16;3,12/7/2024 9:56
326,t4g4:122,t4g4,23.85;58.16;3,12/7/2024 10:11
327,t4g4:122,t4g4,23.91;57.87;3,12/7/2024 10:26
328,t4g4:122,t4g4,24.19;56.95;3,12/7/2024 10:41
329,t4g4:122,t4g4,24.23;57.09;3,12/7/2024 10:56
330,t4g4:122,t4g4,24.28;57.17;3,12/7/2024 11:11
331,t4g4:122,t4g4,24.21;57.18;3,12/7/2024 11:26
332,t4g4:122,t4g4,24.39;56.42;3,12/7/2024 11:41
333,t4g4:122,t4g4,24.28;57.88;3,12/7/2024 11:56
334,t4g4:122,t4g4,24.60;58.26;3,12/7/2024 12:11
335,t4g4:122,t4g4,24.80;59.20;3,12/7/2024 12:26
336,t4g4:122,t4g4,24.86;58.45;3,12/7/2024 12:41
337,t4g4:122,t4g4,24.90;58.79;3,12/7/2024 12:56
338,t4g4:122,t4g4,24.82;58.92;3,12/7/2024 13:11
339,t4g4:122,t4g4,24.70;59.50;3,12/7/2024 13:26
340,t4g4:122,t4g4,24.56;59.40;3,12/7/2024 13:41
341,t4g4:122,t4g4,24.32;60.40;3,12/7/2024 13:56
342,t4g4:122,t4g4,23.94;60.81;3,12/7/2024 14:11
343,t4g4:122,t4g4,23.88;62.66;3,12/7/2024 14:26
344,t4g4:122,t4g4,23.68;62.20;3,12/7/2024 14:41
345,t4g4:122,t4g4,23.60;61.84;3,12/7/2024 14:56
346,t4g4:122,t4g4,23.61;61.44;3,12/7/2024 15:11
347,t4g4:122,t4g4,23.54;62.20;3,12/7/2024 15:26
348,t4g4:122,t4g4,23.36;61.54;3,12/7/2024 15:41
349,t4g4:122,t4g4,23.24;61.90;3,12/7/2024 15:56
350,t4g4:122,t4g4,23.17;61.46;3,12/7/2024 16:11
351,t4g4:122,t4g4,23.07;61.57;3,12/7/2024 16:26
352,t4g4:122,t4g4,23.09;61.38;3,12/7/2024 16:41
353,t4g4:122,t4g4,22.99;61.64;3,12/7/2024 16:56
354,t4g4:122,t4g4,22.90;61.71;3,12/7/2024 17:11
355,t4g4:122,t4g4,22.97;61.67;3,12/7/2024 17:26
356,t4g4:122,t4g4,22.85;61.70;3,12/7/2024 17:41
357,t4g4:122,t4g4,22.86;61.65;3,12/7/2024 17:57
358,t4g4:122,t4g4,22.95;62.33;3,12/7/2024 18:12
359,t4g4:122,t4g4,22.87;62.14;3,12/7/2024 18:27
360,t4g4:122,t4g4,22.66;62.24;3,12/7/2024 18:42
361,t4g4:122,t4g4,22.70;62.48;3,12/7/2024 18:57
362,t4g4:122,t4g4,23.17;61.02;3,12/7/2024 19:12
363,t4g4:122,t4g4,23.50;60.23;3,12/7/2024 19:27
364,t4g4:122,t4g4,23.68;59.90;3,12/7/2024 19:42
365,t4g4:122,t4g4,23.81;60.01;3,12/7/2024 19:57
366,t4g4:122,t4g4,23.99;60.17;3,12/7/2024 20:12
367,t4g4:122,t4g4,24.11;60.98;3,12/7/2024 20:27
368,t4g4:122,t4g4,24.22;62.01;3,12/7/2024 20:42
369,t4g4:122,t4g4,24.32;63.11;3,12/7/2024 20:57
370,t4g4:122,t4g4,24.39;64.22;3,12/7/2024 21:12
371,t4g4:122,t4g4,24.46;64.64;3,12/7/2024 21:27
372,t4g4:122,t4g4,24.51;65.28;3,12/7/2024 21:42
373,t4g4:122,t4g4,24.62;65.38;3,12/7/2024 21:57
374,t4g4:122,t4g4,24.69;66.30;3,12/7/2024 22:12
375,t4g4:122,t4g4,24.77;67.10;3,12/7/2024 22:27
376,t4g4:122,t4g4,24.82;67.92;3,12/7/2024 22:42
377,t4g4:122,t4g4,24.86;68.73;3,12/7/2024 22:57
378,t4g4:122,t4g4,24.86;69.38;3,12/7/2024 23:12
379,t4g4:122,t4g4,24.93;69.72;3,12/7/2024 23:27
380,t4g4:122,t4g4,24.94;70.65;3,12/7/2024 23:42
381,t4g4:122,t4g4,25.00;70.91;3,12/7/2024 23:57
382,t4g4:122,t4g4,25.02;71.48;3,13/7/2024 0:12
383,t4g4:122,t4g4,25.10;71.93;3,13/7/2024 0:27
384,t4g4:122,t4g4,25.10;72.76;3,13/7/2024 0:42
385,t4g4:122,t4g4,25.14;72.98;3,13/7/2024 0:57
386,t4g4:122,t4g4,25.18;73.85;3,13/7/2024 1:12
387,t4g4:122,t4g4,25.17;74.19;3,13/7/2024 1:27
388,t4g4:122,t4g4,25.20;74.87;3,13/7/2024 1:42
389,t4g4:122,t4g4,25.23;75.14;3,13/7/2024 1:57
390,t4g4:122,t4g4,25.24;75.61;3,13/7/2024 2:12
391,t4g4:122,t4g4,25.23;76.01;3,13/7/2024 2:27
392,t4g4:122,t4g4,25.24;76.39;3,13/7/2024 2:42
393,t4g4:122,t4g4,25.25;76.58;3,13/7/2024 2:57
394,t4g4:122,t4g4,25.24;77.03;3,13/7/2024 3:12
395,t4g4:122,t4g4,25.28;77.36;3,13/7/2024 3:27
396,t4g4:122,t4g4,25.25;77.79;3,13/7/2024 3:42
397,t4g4:122,t4g4,25.28;78.41;3,13/7/2024 3:57
398,t4g4:122,t4g4,25.24;78.32;3,13/7/2024 4:12
399,t4g4:122,t4g4,25.25;78.59;3,13/7/2024 4:27
400,t4g4:122,t4g4,25.28;78.81;3,13/7/2024 4:42
401,t4g4:122,t4g4,25.28;79.08;3,13/7/2024 4:57
402,t4g4:122,t4g4,25.28;79.36;3,13/7/2024 5:13
403,t4g4:122,t4g4,25.30;80.00;3,13/7/2024 5:28
404,t4g4:122,t4g4,25.35;79.93;3,13/7/2024 5:43
405,t4g4:122,t4g4,25.35;79.97;3,13/7/2024 5:58
406,t4g4:122,t4g4,25.37;79.90;3,13/7/2024 6:13
407,t4g4:122,t4g4,25.41;80.16;3,13/7/2024 6:28
408,t4g4:122,t4g4,25.40;80.15;3,13/7/2024 6:43
409,t4g4:122,t4g4,25.44;80.63;3,13/7/2024 6:58
410,t4g4:122,t4g4,25.45;80.65;3,13/7/2024 7:13
411,t4g4:122,t4g4,25.49;80.26;3,13/7/2024 7:28
412,t4g4:122,t4g4,25.55;80.05;3,13/7/2024 7:43
413,t4g4:122,t4g4,25.62;80.19;3,13/7/2024 7:58
414,t4g4:122,t4g4,25.71;79.96;3,13/7/2024 8:13
415,t4g4:122,t4g4,25.75;80.20;3,13/7/2024 8:28
416,t4g4:122,t4g4,25.88;79.92;3,13/7/2024 8:43
417,t4g4:122,t4g4,26.13;79.22;3,13/7/2024 8:58
418,t4g4:122,t4g4,26.27;78.92;3,13/7/2024 9:13
419,t4g4:122,t4g4,26.50;78.04;3,13/7/2024 9:28
420,t4g4:122,t4g4,26.70;77.30;3,13/7/2024 9:43
421,t4g4:122,t4g4,27.00;76.39;3,13/7/2024 9:58
422,t4g4:122,t4g4,27.27;75.41;3,13/7/2024 10:13
423,t4g4:122,t4g4,27.62;74.20;3,13/7/2024 10:28
424,t4g4:122,t4g4,27.62;74.00;3,13/7/2024 10:43
425,t4g4:122,t4g4,28.09;72.26;3,13/7/2024 10:58
426,t4g4:122,t4g4,28.34;71.18;3,13/7/2024 11:13
427,t4g4:122,t4g4,28.27;71.78;3,13/7/2024 11:28
428,t4g4:122,t4g4,28.06;72.54;3,13/7/2024 11:43
429,t4g4:122,t4g4,28.44;71.21;3,13/7/2024 11:58
430,t4g4:122,t4g4,28.23;71.63;3,13/7/2024 12:13
431,t4g4:122,t4g4,28.12;72.01;3,13/7/2024 12:28
432,t4g4:122,t4g4,28.34;71.02;3,13/7/2024 12:43
433,t4g4:122,t4g4,28.75;69.59;3,13/7/2024 12:58
434,t4g4:122,t4g4,29.44;67.20;3,13/7/2024 13:13
435,t4g4:122,t4g4,29.46;66.92;3,13/7/2024 13:28
436,t4g4:122,t4g4,29.44;67.06;3,13/7/2024 13:43
437,t4g4:122,t4g4,29.22;67.80;3,13/7/2024 13:58
438,t4g4:122,t4g4,29.52;66.60;3,13/7/2024 14:13
439,t4g4:122,t4g4,29.59;65.99;3,13/7/2024 14:28
440,t4g4:122,t4g4,29.56;66.34;3,13/7/2024 14:43
441,t4g4:122,t4g4,29.30;67.14;3,13/7/2024 14:58
442,t4g4:122,t4g4,29.39;67.01;3,13/7/2024 15:13
443,t4g4:122,t4g4,29.96;64.93;3,13/7/2024 15:28
444,t4g4:122,t4g4,30.16;64.83;3,13/7/2024 15:43
445,t4g4:122,t4g4,29.62;66.61;3,13/7/2024 15:59
446,t4g4:122,t4g4,30.40;64.22;3,13/7/2024 16:14
447,t4g4:122,t4g4,30.37;64.22;3,13/7/2024 16:29
448,t4g4:122,t4g4,30.16;64.61;3,13/7/2024 16:44
449,t4g4:122,t4g4,30.52;63.03;3,13/7/2024 16:59
450,t4g4:122,t4g4,30.35;63.56;3,13/7/2024 17:14
451,t4g4:122,t4g4,30.32;63.49;3,13/7/2024 17:29
452,t4g4:122,t4g4,30.14;63.99;3,13/7/2024 17:44
453,t4g4:122,t4g4,30.16;64.04;3,13/7/2024 17:59
454,t4g4:122,t4g4,29.77;65.50;3,13/7/2024 18:14
455,t4g4:122,t4g4,29.44;66.99;3,13/7/2024 18:29
456,t4g4:122,t4g4,29.25;67.83;3,13/7/2024 18:44
457,t4g4:122,t4g4,29.07;68.90;3,13/7/2024 18:59
458,t4g4:122,t4g4,28.87;69.60;3,13/7/2024 19:14
459,t4g4:122,t4g4,28.77;70.10;3,13/7/2024 19:29
460,t4g4:122,t4g4,28.58;70.45;3,13/7/2024 19:44
461,t4g4:122,t4g4,28.48;70.88;3,13/7/2024 19:59
462,t4g4:122,t4g4,28.40;71.28;3,13/7/2024 20:14
463,t4g4:122,t4g4,28.28;71.41;3,13/7/2024 20:29
464,t4g4:122,t4g4,28.23;71.80;3,13/7/2024 20:44
465,t4g4:122,t4g4,28.20;71.82;3,13/7/2024 20:59
466,t4g4:122,t4g4,28.14;71.98;3,13/7/2024 21:14
467,t4g4:122,t4g4,28.09;72.28;3,13/7/2024 21:29
468,t4g4:122,t4g4,28.02;72.26;3,13/7/2024 21:44
469,t4g4:122,t4g4,28.02;72.32;3,13/7/2024 21:59
470,t4g4:122,t4g4,27.99;72.34;3,13/7/2024 22:14
471,t4g4:122,t4g4,27.93;72.48;3,13/7/2024 22:29
472,t4g4:122,t4g4,27.91;72.59;3,13/7/2024 22:44
473,t4g4:122,t4g4,27.86;72.67;3,13/7/2024 22:59
474,t4g4:122,t4g4,27.82;72.79;3,13/7/2024 23:14
475,t4g4:122,t4g4,27.79;73.03;3,13/7/2024 23:29
476,t4g4:122,t4g4,27.79;73.15;3,13/7/2024 23:44
477,t4g4:122,t4g4,27.79;73.18;3,13/7/2024 23:59
478,t4g4:122,t4g4,27.81;73.15;3,14/7/2024 0:14
479,t4g4:122,t4g4,27.73;73.40;3,14/7/2024 0:29
480,t4g4:122,t4g4,27.72;73.52;3,14/7/2024 0:44
481,t4g4:122,t4g4,27.68;73.67;3,14/7/2024 0:59
482,t4g4:122,t4g4,27.61;74.08;3,14/7/2024 1:14
483,t4g4:122,t4g4,27.65;74.13;3,14/7/2024 1:29
484,t4g4:122,t4g4,27.68;74.28;3,14/7/2024 1:44
485,t4g4:122,t4g4,27.66;74.45;3,14/7/2024 1:59
486,t4g4:122,t4g4,27.61;74.52;3,14/7/2024 2:14
487,t4g4:122,t4g4,27.59;74.54;3,14/7/2024 2:29
488,t4g4:122,t4g4,27.56;74.74;3,14/7/2024 2:45
489,t4g4:122,t4g4,27.51;74.79;3,14/7/2024 3:00
490,t4g4:122,t4g4,27.55;74.74;3,14/7/2024 3:15
491,t4g4:122,t4g4,27.49;74.80;3,14/7/2024 3:30
492,t4g4:122,t4g4,27.51;75.07;3,14/7/2024 3:45
493,t4g4:122,t4g4,27.45;75.10;3,14/7/2024 4:00
494,t4g4:122,t4g4,27.42;75.47;3,14/7/2024 4:15
495,t4g4:122,t4g4,27.41;75.51;3,14/7/2024 4:30
496,t4g4:122,t4g4,27.44;75.76;3,14/7/2024 4:45
497,t4g4:122,t4g4,27.46;75.92;3,14/7/2024 5:00
498,t4g4:122,t4g4,27.40;76.26;3,14/7/2024 5:15
499,t4g4:122,t4g4,27.40;76.28;3,14/7/2024 5:30
500,t4g4:122,t4g4,27.40;76.14;3,14/7/2024 5:45
501,t4g4:122,t4g4,27.42;75.97;3,14/7/2024 6:00
502,t4g4:122,t4g4,27.37;76.21;3,14/7/2024 6:15
503,t4g4:122,t4g4,27.31;76.36;3,14/7/2024 6:30
504,t4g4:122,t4g4,27.32;76.39;3,14/7/2024 6:45
505,t4g4:122,t4g4,27.38;76.27;3,14/7/2024 7:00
506,t4g4:122,t4g4,27.40;76.57;3,14/7/2024 7:15
507,t4g4:122,t4g4,27.42;76.61;3,14/7/2024 7:30
508,t4g4:122,t4g4,27.48;76.64;3,14/7/2024 7:45
509,t4g4:122,t4g4,27.53;76.40;3,14/7/2024 8:00
510,t4g4:122,t4g4,27.52;76.22;3,14/7/2024 8:15
511,t4g4:122,t4g4,27.61;75.77;3,14/7/2024 8:30
512,t4g4:122,t4g4,27.79;75.54;3,14/7/2024 8:45
513,t4g4:122,t4g4,27.79;75.98;3,14/7/2024 9:00
514,t4g4:122,t4g4,27.97;75.47;3,14/7/2024 9:15
515,t4g4:122,t4g4,28.09;75.31;3,14/7/2024 9:30
516,t4g4:122,t4g4,28.26;74.46;3,14/7/2024 9:45
517,t4g4:122,t4g4,28.34;73.86;3,14/7/2024 10:00
518,t4g4:122,t4g4,28.46;73.48;3,14/7/2024 10:15
519,t4g4:122,t4g4,28.36;73.64;3,14/7/2024 10:30
520,t4g4:122,t4g4,28.34;73.52;3,14/7/2024 10:45
521,t4g4:122,t4g4,28.94;71.63;3,14/7/2024 11:00
522,t4g4:122,t4g4,28.95;71.42;3,14/7/2024 11:15
523,t4g4:122,t4g4,28.95;71.09;3,14/7/2024 11:30
524,t4g4:122,t4g4,29.25;70.59;3,14/7/2024 11:45
525,t4g4:122,t4g4,29.08;70.91;3,14/7/2024 12:00
526,t4g4:122,t4g4,29.18;70.32;3,14/7/2024 12:15
527,t4g4:122,t4g4,29.62;68.62;3,14/7/2024 12:30
528,t4g4:122,t4g4,29.63;67.88;3,14/7/2024 12:45
529,t4g4:122,t4g4,29.90;66.64;3,14/7/2024 13:00
530,t4g4:122,t4g4,29.79;66.11;3,14/7/2024 13:16
531,t4g4:122,t4g4,29.36;67.08;3,14/7/2024 13:31
532,t4g4:122,t4g4,29.33;66.85;3,14/7/2024 13:46
533,t4g4:122,t4g4,29.36;66.63;3,14/7/2024 14:01
534,t4g4:122,t4g4,29.87;64.55;3,14/7/2024 14:16
535,t4g4:122,t4g4,29.63;65.26;3,14/7/2024 14:31
536,t4g4:122,t4g4,29.52;65.37;3,14/7/2024 14:46
537,t4g4:122,t4g4,29.48;65.27;3,14/7/2024 15:01
538,t4g4:122,t4g4,29.53;64.99;3,14/7/2024 15:16
539,t4g4:122,t4g4,29.38;65.41;3,14/7/2024 15:31
540,t4g4:122,t4g4,29.38;65.63;3,14/7/2024 15:46
541,t4g4:122,t4g4,29.73;64.90;3,14/7/2024 16:01
542,t4g4:122,t4g4,29.81;64.81;3,14/7/2024 16:16
543,t4g4:122,t4g4,29.89;64.66;3,14/7/2024 16:31
544,t4g4:122,t4g4,30.24;63.67;3,14/7/2024 16:46
545,t4g4:122,t4g4,30.17;64.01;3,14/7/2024 17:01
546,t4g4:122,t4g4,29.90;65.27;3,14/7/2024 17:16
547,t4g4:122,t4g4,29.60;66.82;3,14/7/2024 17:31
548,t4g4:122,t4g4,29.59;67.22;3,14/7/2024 17:46
549,t4g4:122,t4g4,29.44;67.70;3,14/7/2024 18:01
550,t4g4:122,t4g4,29.30;68.06;3,14/7/2024 18:16
551,t4g4:122,t4g4,29.19;68.54;3,14/7/2024 18:31
552,t4g4:122,t4g4,29.14;68.66;3,14/7/2024 18:46
553,t4g4:122,t4g4,29.02;68.74;3,14/7/2024 19:01
554,t4g4:122,t4g4,28.91;68.51;3,14/7/2024 19:16
555,t4g4:122,t4g4,28.81;68.17;3,14/7/2024 19:31
556,t4g4:122,t4g4,28.70;68.51;3,14/7/2024 19:46
557,t4g4:122,t4g4,28.63;68.76;3,14/7/2024 20:01
558,t4g4:122,t4g4,28.54;69.15;3,14/7/2024 20:16
559,t4g4:122,t4g4,28.50;69.33;3,14/7/2024 20:31
560,t4g4:122,t4g4,28.48;69.64;3,14/7/2024 20:46
561,t4g4:122,t4g4,28.43;70.03;3,14/7/2024 21:01
562,t4g4:122,t4g4,28.40;70.19;3,14/7/2024 21:16
563,t4g4:122,t4g4,28.36;70.46;3,14/7/2024 21:31
564,t4g4:122,t4g4,28.36;70.75;3,14/7/2024 21:46
565,t4g4:122,t4g4,28.27;71.10;3,14/7/2024 22:01
566,t4g4:122,t4g4,28.27;71.45;3,14/7/2024 22:16
567,t4g4:122,t4g4,28.19;72.01;3,14/7/2024 22:31
568,t4g4:122,t4g4,28.14;72.21;3,14/7/2024 22:46
569,t4g4:122,t4g4,28.14;72.62;3,14/7/2024 23:01
570,t4g4:122,t4g4,28.17;72.48;3,14/7/2024 23:16
571,t4g4:122,t4g4,28.09;72.86;3,14/7/2024 23:31
572,t4g4:122,t4g4,28.06;72.84;3,14/7/2024 23:46
573,t4g4:122,t4g4,28.04;73.19;3,15/7/2024 0:02
574,t4g4:122,t4g4,28.00;73.33;3,15/7/2024 0:17
575,t4g4:122,t4g4,28.00;73.53;3,15/7/2024 0:32
576,t4g4:122,t4g4,27.99;73.38;3,15/7/2024 0:47
577,t4g4:122,t4g4,27.99;73.48;3,15/7/2024 1:02
578,t4g4:122,t4g4,27.93;74.01;3,15/7/2024 1:17
579,t4g4:122,t4g4,27.91;74.05;3,15/7/2024 1:32
580,t4g4:122,t4g4,27.88;74.59;3,15/7/2024 1:47
581,t4g4:122,t4g4,27.88;74.11;3,15/7/2024 2:02
582,t4g4:122,t4g4,27.91;73.56;3,15/7/2024 2:17
583,t4g4:122,t4g4,27.92;73.40;3,15/7/2024 2:32
584,t4g4:122,t4g4,27.92;73.22;3,15/7/2024 2:47
585,t4g4:122,t4g4,27.89;73.12;3,15/7/2024 3:02
586,t4g4:122,t4g4,27.91;72.95;3,15/7/2024 3:17
587,t4g4:122,t4g4,27.91;72.82;3,15/7/2024 3:32
588,t4g4:122,t4g4,27.89;72.81;3,15/7/2024 3:47
589,t4g4:122,t4g4,27.86;72.76;3,15/7/2024 4:02
590,t4g4:122,t4g4,27.91;72.66;3,15/7/2024 4:17
591,t4g4:122,t4g4,27.85;72.70;3,15/7/2024 4:32
592,t4g4:122,t4g4,27.83;73.26;3,15/7/2024 4:47
593,t4g4:122,t4g4,27.83;73.34;3,15/7/2024 5:02
594,t4g4:122,t4g4,27.88;73.28;3,15/7/2024 5:17
595,t4g4:122,t4g4,27.85;73.44;3,15/7/2024 5:32
596,t4g4:122,t4g4,27.83;73.68;3,15/7/2024 5:47
597,t4g4:122,t4g4,27.83;74.12;3,15/7/2024 6:02
598,t4g4:122,t4g4,27.81;74.18;3,15/7/2024 6:17
599,t4g4:122,t4g4,27.78;74.46;3,15/7/2024 6:32
600,t4g4:122,t4g4,27.42;72.46;3,15/7/2024 6:47
601,t4g4:122,t4g4,27.02;70.73;3,15/7/2024 7:02
602,t4g4:122,t4g4,26.67;68.74;3,15/7/2024 7:17
603,t4g4:122,t4g4,26.29;66.34;3,15/7/2024 7:32
604,t4g4:122,t4g4,25.89;63.99;3,15/7/2024 7:47
605,t4g4:122,t4g4,25.49;61.98;3,15/7/2024 8:02
606,t4g4:122,t4g4,25.30;60.56;3,15/7/2024 8:17
607,t4g4:122,t4g4,25.14;59.39;3,15/7/2024 8:32
608,t4g4:122,t4g4,25.07;58.57;3,15/7/2024 8:47
609,t4g4:122,t4g4,25.14;58.20;3,15/7/2024 9:02
610,t4g4:122,t4g4,25.03;58.18;3,15/7/2024 9:17
611,t4g4:122,t4g4,24.91;58.20;3,15/7/2024 9:32
612,t4g4:122,t4g4,24.95;57.51;3,15/7/2024 9:47
613,t4g4:122,t4g4,25.13;57.46;3,15/7/2024 10:02
614,t4g4:122,t4g4,25.23;57.36;3,15/7/2024 10:17
615,t4g4:122,t4g4,25.35;57.14;3,15/7/2024 10:32
616,t4g4:122,t4g4,25.49;57.87;3,15/7/2024 10:47
617,t4g4:122,t4g4,25.48;58.16;3,15/7/2024 11:03
618,t4g4:122,t4g4,25.74;57.90;3,15/7/2024 11:18
619,t4g4:122,t4g4,25.98;58.20;3,15/7/2024 11:33
620,t4g4:122,t4g4,26.06;59.48;3,15/7/2024 11:48
621,t4g4:122,t4g4,26.12;60.12;3,15/7/2024 12:03
622,t4g4:122,t4g4,26.29;60.06;3,15/7/2024 12:18
623,t4g4:122,t4g4,26.29;59.66;3,15/7/2024 12:33
624,t4g4:122,t4g4,26.03;60.04;3,15/7/2024 12:48
625,t4g4:122,t4g4,26.49;58.98;3,15/7/2024 13:03
626,t4g4:122,t4g4,26.15;60.20;3,15/7/2024 13:18
627,t4g4:122,t4g4,26.22;60.05;3,15/7/2024 13:33
628,t4g4:122,t4g4,26.79;59.42;3,15/7/2024 13:48
629,t4g4:122,t4g4,26.51;60.25;3,15/7/2024 14:03
630,t4g4:122,t4g4,27.31;58.36;3,15/7/2024 14:18
631,t4g4:122,t4g4,27.30;59.24;3,15/7/2024 14:33
632,t4g4:122,t4g4,27.81;57.71;3,15/7/2024 14:48
633,t4g4:122,t4g4,27.25;59.74;3,15/7/2024 15:03
634,t4g4:122,t4g4,27.62;59.06;3,15/7/2024 15:18
635,t4g4:122,t4g4,27.96;57.75;3,15/7/2024 15:33
636,t4g4:122,t4g4,28.04;57.44;3,15/7/2024 15:48
637,t4g4:122,t4g4,27.61;58.71;3,15/7/2024 16:03
638,t4g4:122,t4g4,27.99;57.77;3,15/7/2024 16:18
639,t4g4:122,t4g4,28.37;56.25;3,15/7/2024 16:33
640,t4g4:122,t4g4,27.83;57.31;3,15/7/2024 16:48
641,t4g4:122,t4g4,27.46;57.82;3,15/7/2024 17:03
642,t4g4:122,t4g4,27.45;57.73;3,15/7/2024 17:18
643,t4g4:122,t4g4,27.18;58.58;3,15/7/2024 17:33
644,t4g4:122,t4g4,27.12;58.96;3,15/7/2024 17:48
645,t4g4:122,t4g4,26.87;59.61;3,15/7/2024 18:03
646,t4g4:122,t4g4,26.79;59.76;3,15/7/2024 18:18
647,t4g4:122,t4g4,26.56;60.09;3,15/7/2024 18:33
648,t4g4:122,t4g4,26.44;59.71;3,15/7/2024 18:48
649,t4g4:122,t4g4,26.36;59.76;3,15/7/2024 19:03
650,t4g4:122,t4g4,26.74;59.47;3,15/7/2024 19:18
651,t4g4:122,t4g4,26.93;59.86;3,15/7/2024 19:33
652,t4g4:122,t4g4,27.04;60.36;3,15/7/2024 19:48
653,t4g4:122,t4g4,27.11;60.93;3,15/7/2024 20:03
654,t4g4:122,t4g4,27.25;61.55;3,15/7/2024 20:18
655,t4g4:122,t4g4,27.31;62.64;3,15/7/2024 20:33
656,t4g4:122,t4g4,27.35;63.34;3,15/7/2024 20:48
657,t4g4:122,t4g4,27.41;63.85;3,15/7/2024 21:03
658,t4g4:122,t4g4,27.42;64.68;3,15/7/2024 21:18
659,t4g4:122,t4g4,27.51;65.36;3,15/7/2024 21:33
660,t4g4:122,t4g4,27.51;65.96;3,15/7/2024 21:48
661,t4g4:122,t4g4,27.55;66.13;3,15/7/2024 22:04
662,t4g4:122,t4g4,27.59;66.70;3,15/7/2024 22:19
663,t4g4:122,t4g4,27.61;66.90;3,15/7/2024 22:34
664,t4g4:122,t4g4,27.59;67.04;3,15/7/2024 22:49
665,t4g4:122,t4g4,27.62;67.40;3,15/7/2024 23:04
666,t4g4:122,t4g4,27.63;67.67;3,15/7/2024 23:19
667,t4g4:122,t4g4,27.66;68.34;3,15/7/2024 23:34
668,t4g4:122,t4g4,27.65;68.18;3,15/7/2024 23:49
669,t4g4:122,t4g4,27.63;68.33;3,16/7/2024 0:04
670,t4g4:122,t4g4,27.62;68.71;3,16/7/2024 0:19
671,t4g4:122,t4g4,27.65;69.06;3,16/7/2024 0:34
672,t4g4:122,t4g4,27.61;69.33;3,16/7/2024 0:49
673,t4g4:122,t4g4,27.58;69.56;3,16/7/2024 1:04
674,t4g4:122,t4g4,27.63;69.61;3,16/7/2024 1:19
675,t4g4:122,t4g4,27.61;70.24;3,16/7/2024 1:34
676,t4g4:122,t4g4,27.63;70.39;3,16/7/2024 1:49
677,t4g4:122,t4g4,27.59;70.78;3,16/7/2024 2:04
678,t4g4:122,t4g4,27.58;70.82;3,16/7/2024 2:19
679,t4g4:122,t4g4,27.59;70.65;3,16/7/2024 2:34
680,t4g4:122,t4g4,27.61;70.79;3,16/7/2024 2:49
681,t4g4:122,t4g4,27.56;71.33;3,16/7/2024 3:04
682,t4g4:122,t4g4,27.59;71.14;3,16/7/2024 3:19
683,t4g4:122,t4g4,27.55;71.28;3,16/7/2024 3:34
684,t4g4:122,t4g4,27.53;71.61;3,16/7/2024 3:49
685,t4g4:122,t4g4,27.53;71.70;3,16/7/2024 4:04
686,t4g4:122,t4g4,27.55;71.66;3,16/7/2024 4:19
687,t4g4:122,t4g4,27.51;71.78;3,16/7/2024 4:34
688,t4g4:122,t4g4,27.53;72.42;3,16/7/2024 4:49
689,t4g4:122,t4g4,27.53;72.38;3,16/7/2024 5:04
690,t4g4:122,t4g4,27.53;72.57;3,16/7/2024 5:19
691,t4g4:122,t4g4,27.51;72.83;3,16/7/2024 5:34
692,t4g4:122,t4g4,27.55;72.92;3,16/7/2024 5:49
693,t4g4:122,t4g4,27.55;72.93;3,16/7/2024 6:04
694,t4g4:122,t4g4,27.61;72.96;3,16/7/2024 6:19
695,t4g4:122,t4g4,27.63;72.22;3,16/7/2024 6:34
696,t4g4:122,t4g4,26.97;70.17;3,16/7/2024 6:49
697,t4g4:122,t4g4,26.66;68.60;3,16/7/2024 7:04
698,t4g4:122,t4g4,26.32;67.77;3,16/7/2024 7:19
699,t4g4:122,t4g4,26.23;66.20;3,16/7/2024 7:34
700,t4g4:122,t4g4,26.06;64.77;3,16/7/2024 7:49
701,t4g4:122,t4g4,25.65;63.51;3,16/7/2024 8:04
702,t4g4:122,t4g4,25.49;61.54;3,16/7/2024 8:19
703,t4g4:122,t4g4,25.23;60.27;3,16/7/2024 8:34
704,t4g4:122,t4g4,25.24;58.79;3,16/7/2024 8:50
705,t4g4:122,t4g4,25.15;58.36;3,16/7/2024 9:05
706,t4g4:122,t4g4,25.00;58.12;3,16/7/2024 9:20
707,t4g4:122,t4g4,24.87;57.81;3,16/7/2024 9:35
708,t4g4:122,t4g4,24.79;58.75;3,16/7/2024 9:50
709,t4g4:122,t4g4,25.04;59.01;3,16/7/2024 10:05
710,t4g4:122,t4g4,25.00;59.56;3,16/7/2024 10:20
711,t4g4:122,t4g4,25.21;59.74;3,16/7/2024 10:35
712,t4g4:122,t4g4,25.33;59.05;3,16/7/2024 10:50
713,t4g4:122,t4g4,25.28;59.49;3,16/7/2024 11:05
714,t4g4:122,t4g4,25.14;59.87;3,16/7/2024 11:20
715,t4g4:122,t4g4,25.41;59.30;3,16/7/2024 11:35
716,t4g4:122,t4g4,25.25;60.27;3,16/7/2024 11:50
717,t4g4:122,t4g4,25.69;59.70;3,16/7/2024 12:05
718,t4g4:122,t4g4,25.54;60.09;3,16/7/2024 12:20
719,t4g4:122,t4g4,25.62;60.02;3,16/7/2024 12:35
720,t4g4:122,t4g4,25.60;59.01;3,16/7/2024 12:50
721,t4g4:122,t4g4,25.66;57.69;3,16/7/2024 13:05
722,t4g4:122,t4g4,25.54;57.94;3,16/7/2024 13:20
723,t4g4:122,t4g4,25.69;58.04;3,16/7/2024 13:35
724,t4g4:122,t4g4,26.06;59.15;3,16/7/2024 13:50
725,t4g4:122,t4g4,26.25;59.55;3,16/7/2024 14:05
726,t4g4:122,t4g4,26.25;59.28;3,16/7/2024 14:20
727,t4g4:122,t4g4,26.30;59.81;3,16/7/2024 14:35
728,t4g4:122,t4g4,26.25;60.22;3,16/7/2024 14:50
729,t4g4:122,t4g4,26.30;60.36;3,16/7/2024 15:05
730,t4g4:122,t4g4,26.13;60.46;3,16/7/2024 15:20
731,t4g4:122,t4g4,26.00;60.06;3,16/7/2024 15:35
732,t4g4:122,t4g4,26.33;59.88;3,16/7/2024 15:50
733,t4g4:122,t4g4,26.35;60.43;3,16/7/2024 16:05
734,t4g4:122,t4g4,26.44;59.87;3,16/7/2024 16:20
735,t4g4:122,t4g4,26.86;59.35;3,16/7/2024 16:35
736,t4g4:122,t4g4,26.84;60.33;3,16/7/2024 16:50
737,t4g4:122,t4g4,26.59;60.90;3,16/7/2024 17:05
738,t4g4:122,t4g4,26.56;60.60;3,16/7/2024 17:20
739,t4g4:122,t4g4,26.26;60.62;3,16/7/2024 17:35
740,t4g4:122,t4g4,26.35;60.55;3,16/7/2024 17:50
741,t4g4:122,t4g4,26.15;61.22;3,16/7/2024 18:05
742,t4g4:122,t4g4,25.84;61.73;3,16/7/2024 18:20
743,t4g4:122,t4g4,25.71;61.42;3,16/7/2024 18:35
744,t4g4:122,t4g4,25.49;61.71;3,16/7/2024 18:50
745,t4g4:122,t4g4,25.61;61.28;3,16/7/2024 19:05
746,t4g4:122,t4g4,26.00;61.64;3,16/7/2024 19:20
747,t4g4:122,t4g4,26.25;62.19;3,16/7/2024 19:35
748,t4g4:122,t4g4,26.33;62.81;3,16/7/2024 19:50
749,t4g4:122,t4g4,26.44;63.42;3,16/7/2024 20:05
750,t4g4:122,t4g4,26.56;63.80;3,16/7/2024 20:20
751,t4g4:122,t4g4,28.19;56.41;3,22/7/2024 16:29
752,t4g4:122,t4g4,28.07;57.47;3,22/7/2024 16:44
753,t4g4:122,t4g4,28.04;57.41;3,22/7/2024 16:59
754,t4g4:122,t4g4,28.24;56.95;3,22/7/2024 17:14
755,t4g4:122,t4g4,28.22;57.16;3,22/7/2024 17:29
756,t4g4:122,t4g4,28.07;57.82;3,22/7/2024 17:44
757,t4g4:122,t4g4,27.97;57.62;3,22/7/2024 17:59
758,t4g4:122,t4g4,27.53;58.40;3,22/7/2024 18:14
759,t4g4:122,t4g4,27.35;58.63;3,22/7/2024 18:29
760,t4g4:122,t4g4,27.11;59.27;3,22/7/2024 18:44
761,t4g4:122,t4g4,26.93;59.86;3,22/7/2024 18:59
762,t4g4:122,t4g4,27.46;59.06;3,22/7/2024 19:14
763,t4g4:122,t4g4,27.61;60.36;3,22/7/2024 19:29
764,t4g4:122,t4g4,27.68;61.28;3,22/7/2024 19:44
765,t4g4:122,t4g4,27.78;61.57;3,22/7/2024 19:59
766,t4g4:122,t4g4,27.79;62.22;3,22/7/2024 20:14
767,t4g4:122,t4g4,27.79;63.16;3,22/7/2024 20:29
768,t4g4:122,t4g4,27.91;63.33;3,22/7/2024 20:44
769,t4g4:122,t4g4,27.91;64.07;3,22/7/2024 20:59
770,t4g4:122,t4g4,27.92;64.26;3,22/7/2024 21:14
771,t4g4:122,t4g4,27.91;64.69;3,22/7/2024 21:29
772,t4g4:122,t4g4,27.92;65.01;3,22/7/2024 21:44
773,t4g4:122,t4g4,27.96;65.25;3,22/7/2024 21:59
774,t4g4:122,t4g4,27.97;65.69;3,22/7/2024 22:14
775,t4g4:122,t4g4,27.97;66.01;3,22/7/2024 22:29
776,t4g4:122,t4g4,27.93;66.36;3,22/7/2024 22:44
777,t4g4:122,t4g4,27.93;66.53;3,22/7/2024 22:59
778,t4g4:122,t4g4,27.96;66.79;3,22/7/2024 23:14
779,t4g4:122,t4g4,27.95;67.21;3,22/7/2024 23:29
780,t4g4:122,t4g4,27.95;67.58;3,22/7/2024 23:44
781,t4g4:122,t4g4,27.92;68.02;3,22/7/2024 23:59
782,t4g4:122,t4g4,27.95;68.41;3,23/7/2024 0:14
783,t4g4:122,t4g4,27.92;68.47;3,23/7/2024 0:29
784,t4g4:122,t4g4,27.93;68.57;3,23/7/2024 0:44
785,t4g4:122,t4g4,27.92;68.89;3,23/7/2024 0:59
786,t4g4:122,t4g4,27.97;69.28;3,23/7/2024 1:14
787,t4g4:122,t4g4,28.03;69.46;3,23/7/2024 1:29
788,t4g4:122,t4g4,28.00;69.76;3,23/7/2024 1:44
789,t4g4:122,t4g4,28.00;70.53;3,23/7/2024 1:59
790,t4g4:122,t4g4,27.99;70.26;3,23/7/2024 2:14
791,t4g4:122,t4g4,27.96;70.48;3,23/7/2024 2:30
792,t4g4:122,t4g4,27.96;70.68;3,23/7/2024 2:45
793,t4g4:122,t4g4,27.96;70.81;3,23/7/2024 3:00
794,t4g4:122,t4g4,27.89;71.00;3,23/7/2024 3:15
795,t4g4:122,t4g4,27.92;71.29;3,23/7/2024 3:30
796,t4g4:122,t4g4,27.96;71.15;3,23/7/2024 3:45
797,t4g4:122,t4g4,27.95;71.33;3,23/7/2024 4:00
798,t4g4:122,t4g4,27.93;71.36;3,23/7/2024 4:15
799,t4g4:122,t4g4,27.96;71.38;3,23/7/2024 4:30
800,t4g4:122,t4g4,27.93;71.86;3,23/7/2024 4:45
801,t4g4:122,t4g4,27.99;71.87;3,23/7/2024 5:00
802,t4g4:122,t4g4,27.95;72.26;3,23/7/2024 5:15
803,t4g4:122,t4g4,27.96;72.56;3,23/7/2024 5:30
804,t4g4:122,t4g4,27.93;72.91;3,23/7/2024 5:45
805,t4g4:122,t4g4,27.96;72.92;3,23/7/2024 6:00
806,t4g4:122,t4g4,27.96;73.20;3,23/7/2024 6:15
807,t4g4:122,t4g4,27.95;73.32;3,23/7/2024 6:30
808,t4g4:122,t4g4,27.34;70.57;3,23/7/2024 6:45
809,t4g4:122,t4g4,26.86;68.51;3,23/7/2024 7:00
810,t4g4:122,t4g4,26.56;67.08;3,23/7/2024 7:15
811,t4g4:122,t4g4,26.30;65.68;3,23/7/2024 7:30
812,t4g4:122,t4g4,26.09;64.69;3,23/7/2024 7:45
813,t4g4:122,t4g4,25.85;63.02;3,23/7/2024 8:00
814,t4g4:122,t4g4,25.61;61.62;3,23/7/2024 8:15
815,t4g4:122,t4g4,25.48;60.07;3,23/7/2024 8:30
816,t4g4:122,t4g4,25.30;59.08;3,23/7/2024 8:45
817,t4g4:122,t4g4,25.33;58.06;3,23/7/2024 9:00
818,t4g4:122,t4g4,25.35;57.29;3,23/7/2024 9:15
819,t4g4:122,t4g4,25.33;56.92;3,23/7/2024 9:30
820,t4g4:122,t4g4,25.31;56.78;3,23/7/2024 9:45
821,t4g4:122,t4g4,25.40;57.03;3,23/7/2024 10:00
822,t4g4:122,t4g4,25.55;57.57;3,23/7/2024 10:15
823,t4g4:122,t4g4,25.89;57.06;3,23/7/2024 10:30
824,t4g4:122,t4g4,26.05;57.41;3,23/7/2024 10:45
825,t4g4:122,t4g4,26.15;57.31;3,23/7/2024 11:00
826,t4g4:122,t4g4,26.13;57.75;3,23/7/2024 11:15
827,t4g4:122,t4g4,26.26;56.90;3,23/7/2024 11:30
828,t4g4:122,t4g4,26.43;56.39;3,23/7/2024 11:45
829,t4g4:122,t4g4,26.61;56.38;3,23/7/2024 12:00
830,t4g4:122,t4g4,26.32;57.31;3,23/7/2024 12:15
831,t4g4:122,t4g4,26.74;56.71;3,23/7/2024 12:30
832,t4g4:122,t4g4,27.00;56.26;3,23/7/2024 12:45
833,t4g4:122,t4g4,27.12;55.79;3,23/7/2024 13:00
834,t4g4:122,t4g4,27.20;56.30;3,23/7/2024 13:15
835,t4g4:122,t4g4,27.35;55.99;3,23/7/2024 13:30
836,t4g4:122,t4g4,27.56;55.30;3,23/7/2024 13:45
837,t4g4:122,t4g4,27.88;56.73;3,23/7/2024 14:01
838,t4g4:122,t4g4,27.82;56.46;3,23/7/2024 14:16
839,t4g4:122,t4g4,28.03;55.46;3,23/7/2024 14:31
840,t4g4:122,t4g4,28.42;55.68;3,23/7/2024 14:46
841,t4g4:122,t4g4,28.27;56.35;3,23/7/2024 15:01
842,t4g4:122,t4g4,28.71;55.00;3,23/7/2024 15:16
843,t4g4:122,t4g4,28.71;55.96;3,23/7/2024 15:31
844,t4g4:122,t4g4,28.81;55.56;3,23/7/2024 15:46
845,t4g4:122,t4g4,29.09;55.29;3,23/7/2024 16:01
846,t4g4:122,t4g4,29.32;55.38;3,23/7/2024 16:16
847,t4g4:122,t4g4,29.19;55.74;3,23/7/2024 16:31
848,t4g4:122,t4g4,29.17;55.97;3,23/7/2024 16:46
849,t4g4:122,t4g4,29.04;56.07;3,23/7/2024 17:01
850,t4g4:122,t4g4,28.78;56.63;3,23/7/2024 17:16
851,t4g4:122,t4g4,28.75;56.90;3,23/7/2024 17:31
852,t4g4:122,t4g4,28.65;56.91;3,23/7/2024 17:46
853,t4g4:122,t4g4,28.19;57.58;3,23/7/2024 18:01
854,t4g4:122,t4g4,28.07;57.73;3,23/7/2024 18:16
855,t4g4:122,t4g4,27.68;58.25;3,23/7/2024 18:31
856,t4g4:122,t4g4,27.14;58.63;3,23/7/2024 18:46
857,t4g4:122,t4g4,26.83;59.02;3,23/7/2024 19:01
858,t4g4:122,t4g4,27.52;58.12;3,23/7/2024 19:16
859,t4g4:122,t4g4,27.73;59.30;3,23/7/2024 19:31
860,t4g4:122,t4g4,27.81;60.29;3,23/7/2024 19:46
861,t4g4:122,t4g4,27.86;60.92;3,23/7/2024 20:01
862,t4g4:122,t4g4,27.95;61.81;3,23/7/2024 20:16
863,t4g4:122,t4g4,27.97;62.62;3,23/7/2024 20:31
864,t4g4:122,t4g4,28.02;63.67;3,23/7/2024 20:46
865,t4g4:122,t4g4,28.03;64.18;3,23/7/2024 21:01
866,t4g4:122,t4g4,28.09;64.94;3,23/7/2024 21:16
867,t4g4:122,t4g4,28.07;65.25;3,23/7/2024 21:31
868,t4g4:122,t4g4,28.07;66.02;3,23/7/2024 21:46
869,t4g4:122,t4g4,28.09;66.31;3,23/7/2024 22:01
870,t4g4:122,t4g4,28.07;66.66;3,23/7/2024 22:16
871,t4g4:122,t4g4,28.09;67.12;3,23/7/2024 22:31
872,t4g4:122,t4g4,28.10;67.34;3,23/7/2024 22:46
873,t4g4:122,t4g4,28.10;67.82;3,23/7/2024 23:01
874,t4g4:122,t4g4,28.13;67.93;3,23/7/2024 23:16
875,t4g4:122,t4g4,28.13;68.34;3,23/7/2024 23:31
876,t4g4:122,t4g4,28.10;68.52;3,23/7/2024 23:46
877,t4g4:122,t4g4,28.09;68.96;3,24/7/2024 0:01
878,t4g4:122,t4g4,28.06;69.56;3,24/7/2024 0:16
879,t4g4:122,t4g4,28.10;69.39;3,24/7/2024 0:31
880,t4g4:122,t4g4,28.07;69.49;3,24/7/2024 0:46
881,t4g4:122,t4g4,28.09;69.78;3,24/7/2024 1:01
882,t4g4:122,t4g4,28.06;69.90;3,24/7/2024 1:16
883,t4g4:122,t4g4,28.03;70.17;3,24/7/2024 1:31
884,t4g4:122,t4g4,28.07;70.38;3,24/7/2024 1:47
885,t4g4:122,t4g4,28.03;70.80;3,24/7/2024 2:02
886,t4g4:122,t4g4,28.02;70.98;3,24/7/2024 2:17
887,t4g4:122,t4g4,28.03;70.75;3,24/7/2024 2:32
888,t4g4:122,t4g4,28.06;70.96;3,24/7/2024 2:47
889,t4g4:122,t4g4,28.06;70.97;3,24/7/2024 3:02
890,t4g4:122,t4g4,27.96;71.08;3,24/7/2024 3:17
891,t4g4:122,t4g4,28.00;71.12;3,24/7/2024 3:32
892,t4g4:122,t4g4,27.99;71.23;3,24/7/2024 3:47
893,t4g4:122,t4g4,27.95;71.68;3,24/7/2024 4:02
894,t4g4:122,t4g4,27.97;71.80;3,24/7/2024 4:17
895,t4g4:122,t4g4,27.97;71.82;3,24/7/2024 4:32
896,t4g4:122,t4g4,27.99;72.17;3,24/7/2024 4:47
897,t4g4:122,t4g4,28.04;71.94;3,24/7/2024 5:02
898,t4g4:122,t4g4,28.00;72.53;3,24/7/2024 5:17
899,t4g4:122,t4g4,28.00;72.47;3,24/7/2024 5:32
900,t4g4:122,t4g4,27.96;72.85;3,24/7/2024 5:47
901,t4g4:122,t4g4,27.95;72.72;3,24/7/2024 6:02
902,t4g4:122,t4g4,27.99;72.60;3,24/7/2024 6:17
903,t4g4:122,t4g4,27.93;73.59;3,24/7/2024 6:32
904,t4g4:122,t4g4,27.27;70.44;3,24/7/2024 6:47
905,t4g4:122,t4g4,26.81;68.94;3,24/7/2024 7:02
906,t4g4:122,t4g4,26.64;67.72;3,24/7/2024 7:17
907,t4g4:122,t4g4,26.39;66.54;3,24/7/2024 7:32
908,t4g4:122,t4g4,26.23;65.16;3,24/7/2024 7:47
909,t4g4:122,t4g4,26.00;63.57;3,24/7/2024 8:02
910,t4g4:122,t4g4,25.76;61.94;3,24/7/2024 8:17
911,t4g4:122,t4g4,25.64;60.64;3,24/7/2024 8:32
912,t4g4:122,t4g4,25.47;60.06;3,24/7/2024 8:47
913,t4g4:122,t4g4,25.33;59.38;3,24/7/2024 9:02
914,t4g4:122,t4g4,25.41;58.62;3,24/7/2024 9:17
915,t4g4:122,t4g4,25.55;58.14;3,24/7/2024 9:32
916,t4g4:122,t4g4,25.52;57.36;3,24/7/2024 9:47
917,t4g4:122,t4g4,25.58;56.96;3,24/7/2024 10:02
918,t4g4:122,t4g4,25.65;57.53;3,24/7/2024 10:17
919,t4g4:122,t4g4,25.74;57.42;3,24/7/2024 10:32
920,t4g4:122,t4g4,25.75;57.48;3,24/7/2024 10:47
921,t4g4:122,t4g4,25.91;58.08;3,24/7/2024 11:02
922,t4g4:122,t4g4,26.02;58.00;3,24/7/2024 11:17
923,t4g4:122,t4g4,26.00;57.55;3,24/7/2024 11:32
924,t4g4:122,t4g4,26.10;57.57;3,24/7/2024 11:47
925,t4g4:122,t4g4,26.44;56.51;3,24/7/2024 12:02
926,t4g4:122,t4g4,26.59;57.54;3,24/7/2024 12:17
927,t4g4:122,t4g4,26.66;56.77;3,24/7/2024 12:32
928,t4g4:122,t4g4,27.10;55.79;3,24/7/2024 12:47
929,t4g4:122,t4g4,26.97;56.06;3,24/7/2024 13:03
930,t4g4:122,t4g4,27.08;55.84;3,24/7/2024 13:18
931,t4g4:122,t4g4,26.98;55.66;3,24/7/2024 13:33
932,t4g4:122,t4g4,27.04;56.16;3,24/7/2024 13:48
933,t4g4:122,t4g4,27.01;56.32;3,24/7/2024 14:03
934,t4g4:122,t4g4,27.27;56.00;3,24/7/2024 14:18
935,t4g4:122,t4g4,27.37;55.86;3,24/7/2024 14:33
936,t4g4:122,t4g4,27.27;56.27;3,24/7/2024 14:48
937,t4g4:122,t4g4,27.04;57.00;3,24/7/2024 15:03
938,t4g4:122,t4g4,27.25;56.58;3,24/7/2024 15:18
939,t4g4:122,t4g4,27.38;56.62;3,24/7/2024 15:33
940,t4g4:122,t4g4,27.41;56.42;3,24/7/2024 15:48
941,t4g4:122,t4g4,27.72;56.06;3,24/7/2024 16:03
942,t4g4:122,t4g4,27.72;55.51;3,24/7/2024 16:18
943,t4g4:122,t4g4,27.72;55.09;3,24/7/2024 16:33
944,t4g4:122,t4g4,27.99;55.57;3,24/7/2024 16:48
945,t4g4:122,t4g4,28.17;55.62;3,24/7/2024 17:03
946,t4g4:122,t4g4,28.02;55.37;3,24/7/2024 17:18
947,t4g4:122,t4g4,28.07;55.21;3,24/7/2024 17:33
948,t4g4:122,t4g4,27.76;55.47;3,24/7/2024 17:48
949,t4g4:122,t4g4,27.68;56.14;3,24/7/2024 18:03
950,t4g4:122,t4g4,27.41;56.89;3,24/7/2024 18:18
951,t4g4:122,t4g4,27.00;57.42;3,24/7/2024 18:33
952,t4g4:122,t4g4,26.67;58.16;3,24/7/2024 18:48
953,t4g4:122,t4g4,26.66;57.42;3,24/7/2024 19:03
954,t4g4:122,t4g4,27.17;57.65;3,24/7/2024 19:18
955,t4g4:122,t4g4,27.32;58.71;3,24/7/2024 19:33
956,t4g4:122,t4g4,27.44;59.62;3,24/7/2024 19:48
957,t4g4:122,t4g4,27.46;60.84;3,24/7/2024 20:03
958,t4g4:122,t4g4,27.59;61.41;3,24/7/2024 20:18
959,t4g4:122,t4g4,27.61;61.98;3,24/7/2024 20:33
960,t4g4:122,t4g4,27.56;62.91;3,24/7/2024 20:48
961,t4g4:122,t4g4,27.59;63.29;3,24/7/2024 21:03
962,t4g4:122,t4g4,27.63;63.54;3,24/7/2024 21:18
963,t4g4:122,t4g4,27.63;64.29;3,24/7/2024 21:33
964,t4g4:122,t4g4,27.62;64.50;3,24/7/2024 21:48
965,t4g4:122,t4g4,27.59;64.87;3,24/7/2024 22:03
966,t4g4:122,t4g4,27.68;65.26;3,24/7/2024 22:18
967,t4g4:122,t4g4,27.68;65.44;3,24/7/2024 22:33
968,t4g4:122,t4g4,27.63;65.75;3,24/7/2024 22:48
969,t4g4:122,t4g4,27.66;65.73;3,24/7/2024 23:03
970,t4g4:122,t4g4,27.63;66.19;3,24/7/2024 23:18
971,t4g4:122,t4g4,27.59;66.11;3,24/7/2024 23:33
972,t4g4:122,t4g4,27.61;66.08;3,24/7/2024 23:48
973,t4g4:122,t4g4,27.59;66.32;3,25/7/2024 0:03
974,t4g4:122,t4g4,27.62;66.58;3,25/7/2024 0:18
975,t4g4:122,t4g4,27.63;66.79;3,25/7/2024 0:34
976,t4g4:122,t4g4,27.56;66.99;3,25/7/2024 0:49
977,t4g4:122,t4g4,27.61;67.19;3,25/7/2024 1:04
978,t4g4:122,t4g4,27.62;67.47;3,25/7/2024 1:19
979,t4g4:122,t4g4,27.61;67.55;3,25/7/2024 1:34
980,t4g4:122,t4g4,27.59;68.47;3,25/7/2024 1:49
981,t4g4:122,t4g4,27.59;68.85;3,25/7/2024 2:04
982,t4g4:122,t4g4,27.62;68.80;3,25/7/2024 2:19
983,t4g4:122,t4g4,27.59;69.11;3,25/7/2024 2:34
984,t4g4:122,t4g4,27.53;69.36;3,25/7/2024 2:49
985,t4g4:122,t4g4,27.59;69.35;3,25/7/2024 3:04
986,t4g4:122,t4g4,27.58;69.53;3,25/7/2024 3:19
987,t4g4:122,t4g4,27.58;69.76;3,25/7/2024 3:34
988,t4g4:122,t4g4,27.61;69.78;3,25/7/2024 3:49
989,t4g4:122,t4g4,27.56;70.06;3,25/7/2024 4:04
990,t4g4:122,t4g4,27.52;70.25;3,25/7/2024 4:19
991,t4g4:122,t4g4,27.59;70.24;3,25/7/2024 4:34
992,t4g4:122,t4g4,27.56;70.87;3,25/7/2024 4:49
993,t4g4:122,t4g4,27.63;70.91;3,25/7/2024 5:04
994,t4g4:122,t4g4,27.56;71.21;3,25/7/2024 5:19
995,t4g4:122,t4g4,27.59;71.69;3,25/7/2024 5:34
996,t4g4:122,t4g4,27.58;72.01;3,25/7/2024 5:49
997,t4g4:122,t4g4,27.56;72.45;3,25/7/2024 6:04
998,t4g4:122,t4g4,27.58;72.44;3,25/7/2024 6:19
999,t4g4:122,t4g4,27.55;71.81;3,25/7/2024 6:34
1000,t4g4:122,t4g4,26.91;69.67;3,25/7/2024 6:49
1001,t4g4:122,t4g4,26.57;68.17;3,25/7/2024 7:04
1002,t4g4:122,t4g4,26.25;67.27;3,25/7/2024 7:19
1003,t4g4:122,t4g4,26.05;65.79;3,25/7/2024 7:34
1004,t4g4:122,t4g4,25.78;64.52;3,25/7/2024 7:49
1005,t4g4:122,t4g4,25.47;62.88;3,25/7/2024 8:04
1006,t4g4:122,t4g4,25.25;61.07;3,25/7/2024 8:19
1007,t4g4:122,t4g4,25.15;59.62;3,25/7/2024 8:34
1008,t4g4:122,t4g4,24.98;58.44;3,25/7/2024 8:49
1009,t4g4:122,t4g4,24.94;57.78;3,25/7/2024 9:04
1010,t4g4:122,t4g4,25.07;56.90;3,25/7/2024 9:19
1011,t4g4:122,t4g4,24.97;56.77;3,25/7/2024 9:34
1012,t4g4:122,t4g4,25.02;56.37;3,25/7/2024 9:49
1013,t4g4:122,t4g4,25.02;57.36;3,25/7/2024 10:04
1014,t4g4:122,t4g4,25.06;58.53;3,25/7/2024 10:19
1015,t4g4:122,t4g4,25.15;58.33;3,25/7/2024 10:34
1016,t4g4:122,t4g4,25.44;58.26;3,25/7/2024 10:49
1017,t4g4:122,t4g4,25.61;58.95;3,25/7/2024 11:04
1018,t4g4:122,t4g4,25.76;58.73;3,25/7/2024 11:19
1019,t4g4:122,t4g4,25.91;58.61;3,25/7/2024 11:34
1020,t4g4:122,t4g4,26.13;58.64;3,25/7/2024 11:49
1021,t4g4:122,t4g4,26.26;58.68;3,25/7/2024 12:04
1022,t4g4:122,t4g4,26.30;59.20;3,25/7/2024 12:19
1023,t4g4:122,t4g4,26.69;57.97;3,25/7/2024 12:34
1024,t4g4:122,t4g4,26.43;59.48;3,25/7/2024 12:49
1025,t4g4:122,t4g4,26.20;60.24;3,25/7/2024 13:05
1026,t4g4:122,t4g4,26.05;60.35;3,25/7/2024 13:20
1027,t4g4:122,t4g4,25.99;60.25;3,25/7/2024 13:35
1028,t4g4:122,t4g4,26.42;59.21;3,25/7/2024 13:50
1029,t4g4:122,t4g4,26.50;59.18;3,25/7/2024 14:05
1030,t4g4:122,t4g4,26.39;59.43;3,25/7/2024 14:20
1031,t4g4:122,t4g4,26.71;59.00;3,25/7/2024 14:35
1032,t4g4:122,t4g4,27.08;58.05;3,25/7/2024 14:50
1033,t4g4:122,t4g4,26.70;59.24;3,25/7/2024 15:05
1034,t4g4:122,t4g4,26.94;58.78;3,25/7/2024 15:20
1035,t4g4:122,t4g4,27.08;58.25;3,25/7/2024 15:35
1036,t4g4:122,t4g4,27.12;58.23;3,25/7/2024 15:50
1037,t4g4:122,t4g4,27.14;58.39;3,25/7/2024 16:05
1038,t4g4:122,t4g4,27.07;58.52;3,25/7/2024 16:20
1039,t4g4:122,t4g4,27.37;57.65;3,25/7/2024 16:35
1040,t4g4:122,t4g4,27.46;57.33;3,25/7/2024 16:50
1041,t4g4:122,t4g4,27.20;57.52;3,25/7/2024 17:05
1042,t4g4:122,t4g4,27.25;57.26;3,25/7/2024 17:20
1043,t4g4:122,t4g4,27.40;56.73;3,25/7/2024 17:35
1044,t4g4:122,t4g4,27.31;56.56;3,25/7/2024 17:50
1045,t4g4:122,t4g4,27.22;56.84;3,25/7/2024 18:05
1046,t4g4:122,t4g4,27.07;57.20;3,25/7/2024 18:20
1047,t4g4:122,t4g4,26.76;57.86;3,25/7/2024 18:35
1048,t4g4:122,t4g4,26.49;58.53;3,25/7/2024 18:50
1049,t4g4:122,t4g4,26.64;57.88;3,25/7/2024 19:05
1050,t4g4:122,t4g4,26.97;58.15;3,25/7/2024 19:20
1051,t4g4:122,t4g4,27.10;59.04;3,25/7/2024 19:35
1052,t4g4:122,t4g4,27.14;59.60;3,25/7/2024 19:50
1053,t4g4:122,t4g4,27.20;59.90;3,25/7/2024 20:05
1054,t4g4:122,t4g4,27.17;60.49;3,25/7/2024 20:20
1055,t4g4:122,t4g4,27.20;60.89;3,25/7/2024 20:35
1056,t4g4:122,t4g4,27.21;61.59;3,25/7/2024 20:50
1057,t4g4:122,t4g4,27.30;62.26;3,25/7/2024 21:05
1058,t4g4:122,t4g4,27.28;62.48;3,25/7/2024 21:20
1059,t4g4:122,t4g4,27.25;63.13;3,25/7/2024 21:35
1060,t4g4:122,t4g4,27.22;63.72;3,25/7/2024 21:50
1061,t4g4:122,t4g4,27.22;63.82;3,25/7/2024 22:05
1062,t4g4:122,t4g4,27.30;64.03;3,25/7/2024 22:20
1063,t4g4:122,t4g4,27.34;64.38;3,25/7/2024 22:35
1064,t4g4:122,t4g4,27.27;65.03;3,25/7/2024 22:50
1065,t4g4:122,t4g4,27.31;65.44;3,25/7/2024 23:05
1066,t4g4:122,t4g4,27.32;65.93;3,25/7/2024 23:20
1067,t4g4:122,t4g4,27.31;66.31;3,25/7/2024 23:35
1068,t4g4:122,t4g4,27.34;66.70;3,25/7/2024 23:50
1069,t4g4:122,t4g4,27.30;67.12;3,26/7/2024 0:05
1070,t4g4:122,t4g4,27.31;67.30;3,26/7/2024 0:20
1071,t4g4:122,t4g4,27.31;67.63;3,26/7/2024 0:35
1072,t4g4:122,t4g4,27.32;67.71;3,26/7/2024 0:50
1073,t4g4:122,t4g4,27.35;68.04;3,26/7/2024 1:05
1074,t4g4:122,t4g4,27.34;68.55;3,26/7/2024 1:20
1075,t4g4:122,t4g4,27.37;68.83;3,26/7/2024 1:35
1076,t4g4:122,t4g4,27.38;69.18;3,26/7/2024 1:51
1077,t4g4:122,t4g4,27.34;69.46;3,26/7/2024 2:06
1078,t4g4:122,t4g4,27.31;69.88;3,26/7/2024 2:21
1079,t4g4:122,t4g4,27.38;69.64;3,26/7/2024 2:36
1080,t4g4:122,t4g4,27.35;70.18;3,26/7/2024 2:51
1081,t4g4:122,t4g4,27.35;70.14;3,26/7/2024 3:06
1082,t4g4:122,t4g4,27.37;70.59;3,26/7/2024 3:21
1083,t4g4:122,t4g4,27.37;70.68;3,26/7/2024 3:36
1084,t4g4:122,t4g4,27.40;70.75;3,26/7/2024 3:51
1085,t4g4:122,t4g4,27.40;70.89;3,26/7/2024 4:06
1086,t4g4:122,t4g4,27.37;71.14;3,26/7/2024 4:21
1087,t4g4:122,t4g4,27.41;71.22;3,26/7/2024 4:36
1088,t4g4:122,t4g4,27.46;71.46;3,26/7/2024 4:51
1089,t4g4:122,t4g4,27.41;71.58;3,26/7/2024 5:06
1090,t4g4:122,t4g4,27.38;72.11;3,26/7/2024 5:21
1091,t4g4:122,t4g4,27.51;71.83;3,26/7/2024 5:36
1092,t4g4:122,t4g4,27.41;72.36;3,26/7/2024 5:51
1093,t4g4:122,t4g4,27.42;72.88;3,26/7/2024 6:06
1094,t4g4:122,t4g4,27.42;72.63;3,26/7/2024 6:21
1095,t4g4:122,t4g4,27.41;71.41;3,26/7/2024 6:36
1096,t4g4:122,t4g4,26.70;70.07;3,26/7/2024 6:51
1097,t4g4:122,t4g4,26.33;68.52;3,26/7/2024 7:06
1098,t4g4:122,t4g4,26.09;67.20;3,26/7/2024 7:21
1099,t4g4:122,t4g4,25.89;65.89;3,26/7/2024 7:36
1100,t4g4:122,t4g4,25.68;64.41;3,26/7/2024 7:51
1101,t4g4:122,t4g4,25.47;63.00;3,26/7/2024 8:06
1102,t4g4:122,t4g4,25.23;61.30;3,26/7/2024 8:21
1103,t4g4:122,t4g4,25.00;60.14;3,26/7/2024 8:36
1104,t4g4:122,t4g4,24.94;59.08;3,26/7/2024 8:51
1105,t4g4:122,t4g4,24.93;58.74;3,26/7/2024 9:06
1106,t4g4:122,t4g4,25.02;58.11;3,26/7/2024 9:21
1107,t4g4:122,t4g4,24.93;57.89;3,26/7/2024 9:36
1108,t4g4:122,t4g4,25.00;57.55;3,26/7/2024 9:51
1109,t4g4:122,t4g4,25.06;57.57;3,26/7/2024 10:06
1110,t4g4:122,t4g4,25.51;58.41;3,26/7/2024 10:21
1111,t4g4:122,t4g4,25.69;58.61;3,26/7/2024 10:36
1112,t4g4:122,t4g4,25.69;58.50;3,26/7/2024 10:51
1113,t4g4:122,t4g4,25.84;57.95;3,26/7/2024 11:06
1114,t4g4:122,t4g4,26.06;58.26;3,26/7/2024 11:21
1115,t4g4:122,t4g4,26.08;58.58;3,26/7/2024 11:36
1116,t4g4:122,t4g4,26.60;57.12;3,26/7/2024 11:51
1117,t4g4:122,t4g4,26.81;56.93;3,26/7/2024 12:06
1118,t4g4:122,t4g4,26.89;56.59;3,26/7/2024 12:21
1119,t4g4:122,t4g4,27.22;55.97;3,26/7/2024 12:36
1120,t4g4:122,t4g4,27.10;56.83;3,26/7/2024 12:51
1121,t4g4:122,t4g4,27.24;56.03;3,26/7/2024 13:06
1122,t4g4:122,t4g4,27.55;55.47;3,26/7/2024 13:21
1123,t4g4:122,t4g4,27.65;55.24;3,26/7/2024 13:36
1124,t4g4:122,t4g4,27.61;55.96;3,26/7/2024 13:51
1125,t4g4:122,t4g4,27.78;55.71;3,26/7/2024 14:06
1126,t4g4:122,t4g4,28.30;53.68;3,26/7/2024 14:22
1127,t4g4:122,t4g4,28.73;54.25;3,26/7/2024 14:37
1128,t4g4:122,t4g4,28.54;54.87;3,26/7/2024 14:52
1129,t4g4:122,t4g4,28.87;54.37;3,26/7/2024 15:07
1130,t4g4:122,t4g4,29.02;53.82;3,26/7/2024 15:22
1131,t4g4:122,t4g4,29.02;53.83;3,26/7/2024 15:37
1132,t4g4:122,t4g4,28.64;54.49;3,26/7/2024 15:52
1133,t4g4:122,t4g4,28.42;55.28;3,26/7/2024 16:07
1134,t4g4:122,t4g4,28.99;53.54;3,26/7/2024 16:22
1135,t4g4:122,t4g4,29.01;53.56;3,26/7/2024 16:37
1136,t4g4:122,t4g4,29.32;53.02;3,26/7/2024 16:52
1137,t4g4:122,t4g4,29.46;53.02;3,26/7/2024 17:07
1138,t4g4:122,t4g4,29.12;53.75;3,26/7/2024 17:22
1139,t4g4:122,t4g4,28.97;53.86;3,26/7/2024 17:37
1140,t4g4:122,t4g4,28.75;54.54;3,26/7/2024 17:52
1141,t4g4:122,t4g4,28.60;55.04;3,26/7/2024 18:07
1142,t4g4:122,t4g4,27.97;56.32;3,26/7/2024 18:22
1143,t4g4:122,t4g4,27.59;56.01;3,26/7/2024 18:37
1144,t4g4:122,t4g4,27.21;56.91;3,26/7/2024 18:52
1145,t4g4:122,t4g4,27.40;56.10;3,26/7/2024 19:07
1146,t4g4:122,t4g4,27.75;56.81;3,26/7/2024 19:22
1147,t4g4:122,t4g4,27.89;57.80;3,26/7/2024 19:37
1148,t4g4:122,t4g4,27.88;58.55;3,26/7/2024 19:52
1149,t4g4:122,t4g4,27.89;59.23;3,26/7/2024 20:07
1150,t4g4:122,t4g4,27.99;59.77;3,26/7/2024 20:22
1151,t4g4:122,t4g4,27.99;60.29;3,26/7/2024 20:37
1152,t4g4:122,t4g4,28.06;61.18;3,26/7/2024 20:52
1153,t4g4:122,t4g4,28.00;62.12;3,26/7/2024 21:07
1154,t4g4:122,t4g4,28.03;63.12;3,26/7/2024 21:22
1155,t4g4:122,t4g4,27.99;63.57;3,26/7/2024 21:37
1156,t4g4:122,t4g4,28.00;63.89;3,26/7/2024 21:52
1157,t4g4:122,t4g4,27.97;64.12;3,26/7/2024 22:07
1158,t4g4:122,t4g4,27.89;64.72;3,26/7/2024 22:22
1159,t4g4:122,t4g4,27.92;64.91;3,26/7/2024 22:37
1160,t4g4:122,t4g4,27.95;65.01;3,26/7/2024 22:52
1161,t4g4:122,t4g4,27.92;65.32;3,26/7/2024 23:07
1162,t4g4:122,t4g4,27.91;65.79;3,26/7/2024 23:22
1163,t4g4:122,t4g4,27.92;66.27;3,26/7/2024 23:37
1164,t4g4:122,t4g4,27.91;66.71;3,26/7/2024 23:52
1165,t4g4:122,t4g4,27.89;67.22;3,27/7/2024 0:07
1166,t4g4:122,t4g4,27.91;67.30;3,27/7/2024 0:22
1167,t4g4:122,t4g4,27.85;67.83;3,27/7/2024 0:37
1168,t4g4:122,t4g4,27.83;68.30;3,27/7/2024 0:52
1169,t4g4:122,t4g4,27.83;68.36;3,27/7/2024 1:07
1170,t4g4:122,t4g4,27.86;68.84;3,27/7/2024 1:22
1171,t4g4:122,t4g4,27.88;69.56;3,27/7/2024 1:38
1172,t4g4:122,t4g4,27.85;70.04;3,27/7/2024 1:53
1173,t4g4:122,t4g4,27.86;70.21;3,27/7/2024 2:08
1174,t4g4:122,t4g4,27.82;70.15;3,27/7/2024 2:23
1175,t4g4:122,t4g4,27.82;69.86;3,27/7/2024 2:38
1176,t4g4:122,t4g4,27.82;70.27;3,27/7/2024 2:53
1177,t4g4:122,t4g4,27.79;70.21;3,27/7/2024 3:08
1178,t4g4:122,t4g4,27.78;70.38;3,27/7/2024 3:23
1179,t4g4:122,t4g4,27.78;70.45;3,27/7/2024 3:38
1180,t4g4:122,t4g4,27.76;70.34;3,27/7/2024 3:53
1181,t4g4:122,t4g4,27.81;70.26;3,27/7/2024 4:08
1182,t4g4:122,t4g4,27.76;70.28;3,27/7/2024 4:23
1183,t4g4:122,t4g4,27.79;70.48;3,27/7/2024 4:38
1184,t4g4:122,t4g4,27.75;70.70;3,27/7/2024 4:53
1185,t4g4:122,t4g4,27.76;70.66;3,27/7/2024 5:08
1186,t4g4:122,t4g4,27.78;71.10;3,27/7/2024 5:23
1187,t4g4:122,t4g4,27.75;71.21;3,27/7/2024 5:38
1188,t4g4:122,t4g4,27.76;71.77;3,27/7/2024 5:53
1189,t4g4:122,t4g4,27.82;71.83;3,27/7/2024 6:08
1190,t4g4:122,t4g4,27.82;71.91;3,27/7/2024 6:23
1191,t4g4:122,t4g4,27.82;71.95;3,27/7/2024 6:38
1192,t4g4:122,t4g4,27.78;71.87;3,27/7/2024 6:53
1193,t4g4:122,t4g4,27.81;72.68;3,27/7/2024 7:08
1194,t4g4:122,t4g4,27.82;72.02;3,27/7/2024 7:23
1195,t4g4:122,t4g4,27.88;72.30;3,27/7/2024 7:38
1196,t4g4:122,t4g4,27.95;72.63;3,27/7/2024 7:53
1197,t4g4:122,t4g4,28.02;72.70;3,27/7/2024 8:08
1198,t4g4:122,t4g4,28.13;72.51;3,27/7/2024 8:23
1199,t4g4:122,t4g4,28.20;72.47;3,27/7/2024 8:38
1200,t4g4:122,t4g4,28.30;72.09;3,27/7/2024 8:53
1201,t4g4:122,t4g4,28.39;72.27;3,27/7/2024 9:08
1202,t4g4:122,t4g4,28.53;71.73;3,27/7/2024 9:23
1203,t4g4:122,t4g4,28.58;71.20;3,27/7/2024 9:38
1204,t4g4:122,t4g4,28.77;70.33;3,27/7/2024 9:53
1205,t4g4:122,t4g4,28.93;69.54;3,27/7/2024 10:08
1206,t4g4:122,t4g4,29.09;68.45;3,27/7/2024 10:23
1207,t4g4:122,t4g4,29.26;67.61;3,27/7/2024 10:38
1208,t4g4:122,t4g4,29.45;66.67;3,27/7/2024 10:53
1209,t4g4:122,t4g4,29.66;65.49;3,27/7/2024 11:08
1210,t4g4:122,t4g4,29.86;64.79;3,27/7/2024 11:23
1211,t4g4:122,t4g4,30.10;64.21;3,27/7/2024 11:38
1212,t4g4:122,t4g4,30.23;63.65;3,27/7/2024 11:53
1213,t4g4:122,t4g4,30.45;63.04;3,27/7/2024 12:08
1214,t4g4:122,t4g4,30.75;61.30;3,27/7/2024 12:23
1215,t4g4:122,t4g4,30.92;60.32;3,27/7/2024 12:38
1216,t4g4:122,t4g4,30.99;60.63;3,27/7/2024 12:53
1217,t4g4:122,t4g4,31.28;59.69;3,27/7/2024 13:09
1218,t4g4:122,t4g4,31.22;60.06;3,27/7/2024 13:24
1219,t4g4:122,t4g4,31.50;58.99;3,27/7/2024 13:39
1220,t4g4:122,t4g4,31.74;58.48;3,27/7/2024 13:54
1221,t4g4:122,t4g4,31.93;57.52;3,27/7/2024 14:09
1222,t4g4:122,t4g4,32.04;56.79;3,27/7/2024 14:24
1223,t4g4:122,t4g4,32.28;55.75;3,27/7/2024 14:39
1224,t4g4:122,t4g4,32.17;55.85;3,27/7/2024 14:54
1225,t4g4:122,t4g4,32.23;55.24;3,27/7/2024 15:09
1226,t4g4:122,t4g4,32.48;54.04;3,27/7/2024 15:24
1227,t4g4:122,t4g4,32.32;54.16;3,27/7/2024 15:39
1228,t4g4:122,t4g4,32.20;54.05;3,27/7/2024 15:54
1229,t4g4:122,t4g4,32.47;53.29;3,27/7/2024 16:09
1230,t4g4:122,t4g4,32.67;53.10;3,27/7/2024 16:24
1231,t4g4:122,t4g4,32.65;53.02;3,27/7/2024 16:39
1232,t4g4:122,t4g4,32.75;52.79;3,27/7/2024 16:54
1233,t4g4:122,t4g4,32.72;52.77;3,27/7/2024 17:09
1234,t4g4:122,t4g4,32.68;52.96;3,27/7/2024 17:24
1235,t4g4:122,t4g4,32.64;53.41;3,27/7/2024 17:39
1236,t4g4:122,t4g4,32.51;54.07;3,27/7/2024 17:54
1237,t4g4:122,t4g4,32.30;55.19;3,27/7/2024 18:09
1238,t4g4:122,t4g4,31.91;56.39;3,27/7/2024 18:24
1239,t4g4:122,t4g4,31.52;57.82;3,27/7/2024 18:39
1240,t4g4:122,t4g4,31.30;58.73;3,27/7/2024 18:54
1241,t4g4:122,t4g4,30.96;59.66;3,27/7/2024 19:09
1242,t4g4:122,t4g4,30.84;60.49;3,27/7/2024 19:24
1243,t4g4:122,t4g4,30.62;61.25;3,27/7/2024 19:39
1244,t4g4:122,t4g4,30.52;61.74;3,27/7/2024 19:54
1245,t4g4:122,t4g4,30.32;62.62;3,27/7/2024 20:09
1246,t4g4:122,t4g4,30.28;63.43;3,27/7/2024 20:24
1247,t4g4:122,t4g4,30.16;63.70;3,27/7/2024 20:39
1248,t4g4:122,t4g4,30.04;64.64;3,27/7/2024 20:54
1249,t4g4:122,t4g4,29.96;65.14;3,27/7/2024 21:09
1250,t4g4:122,t4g4,29.86;65.37;3,27/7/2024 21:24
1251,t4g4:122,t4g4,29.79;65.66;3,27/7/2024 21:39
1252,t4g4:122,t4g4,29.76;66.27;3,27/7/2024 21:54
1253,t4g4:122,t4g4,29.69;66.20;3,27/7/2024 22:09
1254,t4g4:122,t4g4,29.66;66.64;3,27/7/2024 22:24
1255,t4g4:122,t4g4,29.59;66.44;3,27/7/2024 22:39
1256,t4g4:122,t4g4,29.56;67.07;3,27/7/2024 22:54
1257,t4g4:122,t4g4,29.49;67.00;3,27/7/2024 23:09
1258,t4g4:122,t4g4,29.45;67.00;3,27/7/2024 23:24
1259,t4g4:122,t4g4,29.42;67.08;3,27/7/2024 23:39
1260,t4g4:122,t4g4,29.38;67.78;3,27/7/2024 23:54
1261,t4g4:122,t4g4,29.35;67.40;3,28/7/2024 0:09
1262,t4g4:122,t4g4,29.26;67.58;3,28/7/2024 0:24
1263,t4g4:122,t4g4,29.26;67.99;3,28/7/2024 0:39
1264,t4g4:122,t4g4,29.26;68.03;3,28/7/2024 0:55
1265,t4g4:122,t4g4,29.21;69.14;3,28/7/2024 1:10
1266,t4g4:122,t4g4,29.22;68.85;3,28/7/2024 1:25
1267,t4g4:122,t4g4,29.21;69.29;3,28/7/2024 1:40
1268,t4g4:122,t4g4,29.18;70.22;3,28/7/2024 1:55
1269,t4g4:122,t4g4,29.15;69.88;3,28/7/2024 2:10
1270,t4g4:122,t4g4,29.12;69.45;3,28/7/2024 2:25
1271,t4g4:122,t4g4,29.11;69.34;3,28/7/2024 2:40
1272,t4g4:122,t4g4,29.08;69.27;3,28/7/2024 2:55
1273,t4g4:122,t4g4,29.01;69.47;3,28/7/2024 3:10
1274,t4g4:122,t4g4,29.01;69.23;3,28/7/2024 3:25
1275,t4g4:122,t4g4,29.01;69.50;3,28/7/2024 3:40
1276,t4g4:122,t4g4,28.97;69.73;3,28/7/2024 3:55
1277,t4g4:122,t4g4,28.90;69.63;3,28/7/2024 4:10
1278,t4g4:122,t4g4,28.91;69.28;3,28/7/2024 4:25
1279,t4g4:122,t4g4,28.85;69.57;3,28/7/2024 4:40
1280,t4g4:122,t4g4,28.93;69.63;3,28/7/2024 4:55
1281,t4g4:122,t4g4,28.90;69.98;3,28/7/2024 5:10
1282,t4g4:122,t4g4,28.88;70.05;3,28/7/2024 5:25
1283,t4g4:122,t4g4,28.88;70.43;3,28/7/2024 5:40
1284,t4g4:122,t4g4,28.87;70.49;3,28/7/2024 5:55
1285,t4g4:122,t4g4,28.87;70.71;3,28/7/2024 6:10
1286,t4g4:122,t4g4,28.85;70.87;3,28/7/2024 6:25
1287,t4g4:122,t4g4,28.88;70.96;3,28/7/2024 6:40
1288,t4g4:122,t4g4,28.91;71.14;3,28/7/2024 6:55
1289,t4g4:122,t4g4,28.84;71.44;3,28/7/2024 7:10
1290,t4g4:122,t4g4,28.85;71.65;3,28/7/2024 7:25
1291,t4g4:122,t4g4,28.91;71.12;3,28/7/2024 7:40
1292,t4g4:122,t4g4,28.97;71.04;3,28/7/2024 7:55
1293,t4g4:122,t4g4,29.07;71.72;3,28/7/2024 8:10
1294,t4g4:122,t4g4,29.14;71.00;3,28/7/2024 8:25
1295,t4g4:122,t4g4,29.19;71.11;3,28/7/2024 8:40
1296,t4g4:122,t4g4,29.30;70.77;3,28/7/2024 8:55
1297,t4g4:122,t4g4,29.48;70.12;3,28/7/2024 9:10
1298,t4g4:122,t4g4,29.56;69.27;3,28/7/2024 9:25
1299,t4g4:122,t4g4,29.72;68.35;3,28/7/2024 9:40
1300,t4g4:122,t4g4,29.83;67.78;3,28/7/2024 9:55
1301,t4g4:122,t4g4,29.99;67.34;3,28/7/2024 10:10
1302,t4g4:122,t4g4,30.13;66.83;3,28/7/2024 10:25
1303,t4g4:122,t4g4,30.31;65.93;3,28/7/2024 10:40
1304,t4g4:122,t4g4,30.38;65.47;3,28/7/2024 10:55
1305,t4g4:122,t4g4,30.78;64.12;3,28/7/2024 11:10
1306,t4g4:122,t4g4,30.92;63.30;3,28/7/2024 11:25
1307,t4g4:122,t4g4,31.11;62.30;3,28/7/2024 11:40
1308,t4g4:122,t4g4,31.36;61.31;3,28/7/2024 11:55
1309,t4g4:122,t4g4,31.59;60.34;3,28/7/2024 12:10
1310,t4g4:122,t4g4,31.72;59.42;3,28/7/2024 12:25
1311,t4g4:122,t4g4,31.96;58.67;3,28/7/2024 12:40
1312,t4g4:122,t4g4,32.03;58.21;3,28/7/2024 12:55
1313,t4g4:122,t4g4,32.23;57.37;3,28/7/2024 13:10
1314,t4g4:122,t4g4,32.48;56.75;3,28/7/2024 13:26
1315,t4g4:122,t4g4,32.64;56.22;3,28/7/2024 13:41
1316,t4g4:122,t4g4,32.68;55.79;3,28/7/2024 13:56
1317,t4g4:122,t4g4,32.94;54.86;3,28/7/2024 14:11
1318,t4g4:122,t4g4,33.02;54.44;3,28/7/2024 14:26
1319,t4g4:122,t4g4,33.10;54.15;3,28/7/2024 14:41
1320,t4g4:122,t4g4,33.22;53.78;3,28/7/2024 14:56
1321,t4g4:122,t4g4,33.19;53.93;3,28/7/2024 15:11
1322,t4g4:122,t4g4,33.08;54.13;3,28/7/2024 15:26
1323,t4g4:122,t4g4,33.23;53.75;3,28/7/2024 15:41
1324,t4g4:122,t4g4,33.40;53.52;3,28/7/2024 15:56
1325,t4g4:122,t4g4,33.40;53.56;3,28/7/2024 16:11
1326,t4g4:122,t4g4,33.57;53.35;3,28/7/2024 16:26
1327,t4g4:122,t4g4,33.63;53.39;3,28/7/2024 16:41
1328,t4g4:122,t4g4,33.63;53.39;3,28/7/2024 16:56
1329,t4g4:122,t4g4,33.50;53.59;3,28/7/2024 17:11
1330,t4g4:122,t4g4,33.48;53.51;3,28/7/2024 17:26
1331,t4g4:122,t4g4,33.37;53.60;3,28/7/2024 17:41
1332,t4g4:122,t4g4,33.18;53.64;3,28/7/2024 17:56
1333,t4g4:122,t4g4,32.89;54.09;3,28/7/2024 18:11
1334,t4g4:122,t4g4,32.54;54.95;3,28/7/2024 18:26
1335,t4g4:122,t4g4,32.20;55.98;3,28/7/2024 18:41
1336,t4g4:122,t4g4,32.01;56.88;3,28/7/2024 18:56
1337,t4g4:122,t4g4,31.79;58.21;3,28/7/2024 19:11
1338,t4g4:122,t4g4,31.45;59.59;3,28/7/2024 19:26
1339,t4g4:122,t4g4,31.25;61.59;3,28/7/2024 19:41
1340,t4g4:122,t4g4,31.11;62.32;3,28/7/2024 19:56
1341,t4g4:122,t4g4,31.01;63.18;3,28/7/2024 20:11
1342,t4g4:122,t4g4,30.84;63.94;3,28/7/2024 20:26
1343,t4g4:122,t4g4,30.75;63.90;3,28/7/2024 20:41
1344,t4g4:122,t4g4,30.61;64.84;3,28/7/2024 20:56
1345,t4g4:122,t4g4,30.57;65.07;3,28/7/2024 21:11
1346,t4g4:122,t4g4,30.51;64.94;3,28/7/2024 21:26
1347,t4g4:122,t4g4,30.40;65.33;3,28/7/2024 21:41
1348,t4g4:122,t4g4,30.34;65.49;3,28/7/2024 21:56
1349,t4g4:122,t4g4,30.28;65.49;3,28/7/2024 22:11
1350,t4g4:122,t4g4,30.20;65.89;3,28/7/2024 22:26
1351,t4g4:122,t4g4,30.21;65.61;3,28/7/2024 22:41
1352,t4g4:122,t4g4,30.11;66.37;3,28/7/2024 22:56
1353,t4g4:122,t4g4,30.09;66.70;3,28/7/2024 23:11
1354,t4g4:122,t4g4,30.03;66.63;3,28/7/2024 23:26
1355,t4g4:122,t4g4,29.99;66.55;3,28/7/2024 23:41
1356,t4g4:122,t4g4,29.93;66.78;3,28/7/2024 23:56
1357,t4g4:122,t4g4,29.91;66.96;3,29/7/2024 0:11
1358,t4g4:122,t4g4,29.89;66.74;3,29/7/2024 0:26
1359,t4g4:122,t4g4,29.84;67.10;3,29/7/2024 0:41
1360,t4g4:122,t4g4,29.77;67.58;3,29/7/2024 0:56
1361,t4g4:122,t4g4,29.83;68.04;3,29/7/2024 1:11
1362,t4g4:122,t4g4,29.73;67.54;3,29/7/2024 1:26
1363,t4g4:122,t4g4,29.72;68.36;3,29/7/2024 1:41
1364,t4g4:122,t4g4,29.80;69.77;3,29/7/2024 1:57
1365,t4g4:122,t4g4,29.70;69.07;3,29/7/2024 2:12
1366,t4g4:122,t4g4,29.65;69.05;3,29/7/2024 2:27
1367,t4g4:122,t4g4,29.68;69.05;3,29/7/2024 2:42
1368,t4g4:122,t4g4,29.68;69.93;3,29/7/2024 2:57
1369,t4g4:122,t4g4,29.65;69.98;3,29/7/2024 3:12
1370,t4g4:122,t4g4,29.58;69.37;3,29/7/2024 3:27
1371,t4g4:122,t4g4,29.60;68.91;3,29/7/2024 3:42
1372,t4g4:122,t4g4,29.50;70.49;3,29/7/2024 3:57
1373,t4g4:122,t4g4,29.55;69.44;3,29/7/2024 4:12
1374,t4g4:122,t4g4,29.52;69.98;3,29/7/2024 4:27
1375,t4g4:122,t4g4,29.55;70.59;3,29/7/2024 4:42
1376,t4g4:122,t4g4,29.53;70.30;3,29/7/2024 4:57
1377,t4g4:122,t4g4,29.53;70.61;3,29/7/2024 5:12
1378,t4g4:122,t4g4,29.46;70.45;3,29/7/2024 5:27
1379,t4g4:122,t4g4,29.45;70.94;3,29/7/2024 5:42
1380,t4g4:122,t4g4,29.48;71.31;3,29/7/2024 5:57
1381,t4g4:122,t4g4,29.50;70.87;3,29/7/2024 6:12
1382,t4g4:122,t4g4,29.50;70.93;3,29/7/2024 6:27
1383,t4g4:122,t4g4,29.22;69.84;3,29/7/2024 6:42
1384,t4g4:122,t4g4,28.64;68.41;3,29/7/2024 6:57
1385,t4g4:122,t4g4,28.28;66.76;3,29/7/2024 7:12
1386,t4g4:122,t4g4,27.91;64.67;3,29/7/2024 7:27
1387,t4g4:122,t4g4,27.66;62.20;3,29/7/2024 7:42
1388,t4g4:122,t4g4,27.35;60.42;3,29/7/2024 7:57
1389,t4g4:122,t4g4,27.04;58.90;3,29/7/2024 8:12
1390,t4g4:122,t4g4,26.93;57.45;3,29/7/2024 8:27
1391,t4g4:122,t4g4,26.77;56.71;3,29/7/2024 8:42
1392,t4g4:122,t4g4,26.89;58.14;3,29/7/2024 8:57
1393,t4g4:122,t4g4,27.04;58.75;3,29/7/2024 9:12
1394,t4g4:122,t4g4,27.08;58.54;3,29/7/2024 9:27
1395,t4g4:122,t4g4,27.22;58.52;3,29/7/2024 9:42
1396,t4g4:122,t4g4,27.22;58.76;3,29/7/2024 9:57
1397,t4g4:122,t4g4,27.32;59.32;3,29/7/2024 10:12
1398,t4g4:122,t4g4,27.35;59.04;3,29/7/2024 10:27
1399,t4g4:122,t4g4,27.53;58.99;3,29/7/2024 10:42
1400,t4g4:122,t4g4,27.83;58.83;3,29/7/2024 10:57
1401,t4g4:122,t4g4,27.92;58.88;3,29/7/2024 11:12
1402,t4g4:122,t4g4,28.00;59.05;3,29/7/2024 11:27
1403,t4g4:122,t4g4,28.24;58.06;3,29/7/2024 11:42
1404,t4g4:122,t4g4,28.09;58.57;3,29/7/2024 11:57
1405,t4g4:122,t4g4,28.28;58.34;3,29/7/2024 12:12
1406,t4g4:122,t4g4,28.60;57.43;3,29/7/2024 12:27
1407,t4g4:122,t4g4,28.47;57.73;3,29/7/2024 12:42
1408,t4g4:122,t4g4,28.43;57.71;3,29/7/2024 12:57
1409,t4g4:122,t4g4,28.54;57.21;3,29/7/2024 13:12
1410,t4g4:122,t4g4,28.67;57.23;3,29/7/2024 13:27
1411,t4g4:122,t4g4,28.85;57.31;3,29/7/2024 13:42
1412,t4g4:122,t4g4,28.90;56.96;3,29/7/2024 13:57
1413,t4g4:122,t4g4,28.75;57.44;3,29/7/2024 14:12
1414,t4g4:122,t4g4,28.75;57.46;3,29/7/2024 14:27
1415,t4g4:122,t4g4,28.78;57.00;3,29/7/2024 14:43
1416,t4g4:122,t4g4,29.11;56.13;3,29/7/2024 14:58
1417,t4g4:122,t4g4,29.25;55.87;3,29/7/2024 15:13
1418,t4g4:122,t4g4,29.30;55.82;3,29/7/2024 15:28
1419,t4g4:122,t4g4,29.66;54.77;3,29/7/2024 15:43
1420,t4g4:122,t4g4,29.56;54.58;3,29/7/2024 15:58
1421,t4g4:122,t4g4,29.28;55.11;3,29/7/2024 16:13
1422,t4g4:122,t4g4,29.35;55.04;3,29/7/2024 16:28
1423,t4g4:122,t4g4,29.21;55.25;3,29/7/2024 16:43
1424,t4g4:122,t4g4,29.01;55.81;3,29/7/2024 16:58
1425,t4g4:122,t4g4,28.98;55.74;3,29/7/2024 17:13
1426,t4g4:122,t4g4,28.67;56.11;3,29/7/2024 17:28
1427,t4g4:122,t4g4,28.47;56.95;3,29/7/2024 17:43
1428,t4g4:122,t4g4,28.32;57.31;3,29/7/2024 17:58
1429,t4g4:122,t4g4,28.07;57.80;3,29/7/2024 18:13
1430,t4g4:122,t4g4,28.02;58.54;3,29/7/2024 18:28
1431,t4g4:122,t4g4,27.91;58.73;3,29/7/2024 18:43
1432,t4g4:122,t4g4,27.58;59.10;3,29/7/2024 18:58
1433,t4g4:122,t4g4,27.86;58.61;3,29/7/2024 19:13
1434,t4g4:122,t4g4,28.17;59.62;3,29/7/2024 19:28
1435,t4g4:122,t4g4,28.27;60.77;3,29/7/2024 19:43
1436,t4g4:122,t4g4,28.34;60.98;3,29/7/2024 19:58
1437,t4g4:122,t4g4,28.36;61.43;3,29/7/2024 20:13
1438,t4g4:122,t4g4,28.43;61.67;3,29/7/2024 20:28
1439,t4g4:122,t4g4,28.44;61.89;3,29/7/2024 20:43
1440,t4g4:122,t4g4,28.43;62.13;3,29/7/2024 20:58
1441,t4g4:122,t4g4,28.44;62.45;3,29/7/2024 21:13
1442,t4g4:122,t4g4,28.48;62.52;3,29/7/2024 21:28
1443,t4g4:122,t4g4,28.46;63.01;3,29/7/2024 21:43
1444,t4g4:122,t4g4,28.46;63.44;3,29/7/2024 21:58
1445,t4g4:122,t4g4,28.44;63.38;3,29/7/2024 22:13
1446,t4g4:122,t4g4,28.47;63.87;3,29/7/2024 22:28
1447,t4g4:122,t4g4,28.47;64.40;3,29/7/2024 22:43
1448,t4g4:122,t4g4,28.48;64.27;3,29/7/2024 22:58
1449,t4g4:122,t4g4,28.48;64.57;3,29/7/2024 23:13
1450,t4g4:122,t4g4,28.46;64.69;3,29/7/2024 23:28
1451,t4g4:122,t4g4,28.51;64.76;3,29/7/2024 23:43
1452,t4g4:122,t4g4,28.50;64.82;3,29/7/2024 23:58
1453,t4g4:122,t4g4,28.48;64.75;3,30/7/2024 0:13
1454,t4g4:122,t4g4,28.50;65.27;3,30/7/2024 0:28
1455,t4g4:122,t4g4,28.46;65.78;3,30/7/2024 0:43
1456,t4g4:122,t4g4,28.47;66.15;3,30/7/2024 0:58
1457,t4g4:122,t4g4,28.51;66.34;3,30/7/2024 1:13
1458,t4g4:122,t4g4,28.51;67.16;3,30/7/2024 1:28
1459,t4g4:122,t4g4,28.46;67.95;3,30/7/2024 1:43
1460,t4g4:122,t4g4,28.47;67.95;3,30/7/2024 1:58
1461,t4g4:122,t4g4,28.47;68.39;3,30/7/2024 2:14
1462,t4g4:122,t4g4,28.53;68.51;3,30/7/2024 2:29
1463,t4g4:122,t4g4,28.47;68.56;3,30/7/2024 2:44
1464,t4g4:122,t4g4,28.46;68.25;3,30/7/2024 2:59
1465,t4g4:122,t4g4,28.43;68.37;3,30/7/2024 3:14
1466,t4g4:122,t4g4,28.44;68.94;3,30/7/2024 3:29
1467,t4g4:122,t4g4,28.46;69.15;3,30/7/2024 3:44
1468,t4g4:122,t4g4,28.42;69.59;3,30/7/2024 3:59
1469,t4g4:122,t4g4,28.46;69.38;3,30/7/2024 4:14
1470,t4g4:122,t4g4,28.50;69.96;3,30/7/2024 4:29
1471,t4g4:122,t4g4,28.46;69.94;3,30/7/2024 4:44
1472,t4g4:122,t4g4,28.44;71.18;3,30/7/2024 4:59
1473,t4g4:122,t4g4,28.44;71.39;3,30/7/2024 5:14
1474,t4g4:122,t4g4,28.47;71.07;3,30/7/2024 5:29
1475,t4g4:122,t4g4,28.51;71.14;3,30/7/2024 5:44
1476,t4g4:122,t4g4,28.47;71.75;3,30/7/2024 5:59
1477,t4g4:122,t4g4,28.47;71.15;3,30/7/2024 6:14
1478,t4g4:122,t4g4,28.43;71.09;3,30/7/2024 6:29
1479,t4g4:122,t4g4,28.02;68.47;3,30/7/2024 6:44
1480,t4g4:122,t4g4,27.55;66.80;3,30/7/2024 6:59
1481,t4g4:122,t4g4,27.18;65.68;3,30/7/2024 7:14
1482,t4g4:122,t4g4,26.89;64.37;3,30/7/2024 7:29
1483,t4g4:122,t4g4,26.76;62.86;3,30/7/2024 7:44
1484,t4g4:122,t4g4,26.60;60.92;3,30/7/2024 7:59
1485,t4g4:122,t4g4,26.39;59.56;3,30/7/2024 8:14
1486,t4g4:122,t4g4,26.10;58.59;3,30/7/2024 8:29
1487,t4g4:122,t4g4,25.92;57.59;3,30/7/2024 8:44
1488,t4g4:122,t4g4,26.06;58.28;3,30/7/2024 8:59
1489,t4g4:122,t4g4,26.26;58.99;3,30/7/2024 9:14
1490,t4g4:122,t4g4,26.32;59.20;3,30/7/2024 9:29
1491,t4g4:122,t4g4,26.42;58.95;3,30/7/2024 9:44
1492,t4g4:122,t4g4,26.37;59.25;3,30/7/2024 9:59
1493,t4g4:122,t4g4,26.50;59.50;3,30/7/2024 10:14
1494,t4g4:122,t4g4,26.53;59.42;3,30/7/2024 10:29
1495,t4g4:122,t4g4,26.77;59.10;3,30/7/2024 10:44
1496,t4g4:122,t4g4,26.93;58.91;3,30/7/2024 10:59
1497,t4g4:122,t4g4,26.95;59.49;3,30/7/2024 11:14
1498,t4g4:122,t4g4,27.25;59.24;3,30/7/2024 11:29
1499,t4g4:122,t4g4,27.58;59.10;3,30/7/2024 11:44
1500,t4g4:122,t4g4,27.63;59.45;3,30/7/2024 11:59
1501,t4g4:122,t4g4,27.86;58.88;3,30/7/2024 12:14
1502,t4g4:122,t4g4,27.93;58.62;3,30/7/2024 12:29
1503,t4g4:122,t4g4,28.04;58.71;3,30/7/2024 12:44
1504,t4g4:122,t4g4,27.99;58.63;3,30/7/2024 12:59
1505,t4g4:122,t4g4,28.26;58.41;3,30/7/2024 13:14
1506,t4g4:122,t4g4,28.20;58.29;3,30/7/2024 13:29
1507,t4g4:122,t4g4,28.26;57.70;3,30/7/2024 13:44
1508,t4g4:122,t4g4,28.39;57.40;3,30/7/2024 13:59
1509,t4g4:122,t4g4,28.70;57.15;3,30/7/2024 14:15
1510,t4g4:122,t4g4,28.19;57.93;3,30/7/2024 14:30
1511,t4g4:122,t4g4,27.76;58.77;3,30/7/2024 14:45
1512,t4g4:122,t4g4,27.72;58.41;3,30/7/2024 15:00
1513,t4g4:122,t4g4,28.28;57.43;3,30/7/2024 15:15
1514,t4g4:122,t4g4,28.27;57.24;3,30/7/2024 15:30
1515,t4g4:122,t4g4,28.50;56.37;3,30/7/2024 15:45
1516,t4g4:122,t4g4,28.73;56.39;3,30/7/2024 16:00
1517,t4g4:122,t4g4,28.91;55.49;3,30/7/2024 16:15
1518,t4g4:122,t4g4,28.94;55.33;3,30/7/2024 16:30
1519,t4g4:122,t4g4,29.01;55.57;3,30/7/2024 16:45
1520,t4g4:122,t4g4,28.75;56.07;3,30/7/2024 17:00
1521,t4g4:122,t4g4,28.75;56.46;3,30/7/2024 17:15
1522,t4g4:122,t4g4,28.28;57.52;3,30/7/2024 17:30
1523,t4g4:122,t4g4,28.42;57.27;3,30/7/2024 17:45
1524,t4g4:122,t4g4,28.37;57.65;3,30/7/2024 18:00
1525,t4g4:122,t4g4,28.26;58.32;3,30/7/2024 18:15
1526,t4g4:122,t4g4,28.02;59.25;3,30/7/2024 18:30
1527,t4g4:122,t4g4,27.82;59.75;3,30/7/2024 18:45
1528,t4g4:122,t4g4,27.56;60.79;3,30/7/2024 19:00
1529,t4g4:122,t4g4,27.89;60.79;3,30/7/2024 19:15
1530,t4g4:122,t4g4,28.04;61.44;3,30/7/2024 19:30
1531,t4g4:122,t4g4,28.10;61.96;3,30/7/2024 19:45
1532,t4g4:122,t4g4,28.14;62.30;3,30/7/2024 20:00
1533,t4g4:122,t4g4,28.10;62.76;3,30/7/2024 20:15
1534,t4g4:122,t4g4,28.16;63.40;3,30/7/2024 20:30
1535,t4g4:122,t4g4,28.19;63.67;3,30/7/2024 20:45
1536,t4g4:122,t4g4,28.14;64.20;3,30/7/2024 21:00
1537,t4g4:122,t4g4,28.16;64.41;3,30/7/2024 21:15
1538,t4g4:122,t4g4,28.17;65.11;3,30/7/2024 21:30
1539,t4g4:122,t4g4,28.12;64.75;3,30/7/2024 21:45
1540,t4g4:122,t4g4,28.13;64.63;3,30/7/2024 22:00
1541,t4g4:122,t4g4,28.20;64.88;3,30/7/2024 22:15
1542,t4g4:122,t4g4,28.23;65.23;3,30/7/2024 22:30
1543,t4g4:122,t4g4,28.22;65.10;3,30/7/2024 22:45
1544,t4g4:122,t4g4,28.17;65.41;3,30/7/2024 23:00
1545,t4g4:122,t4g4,28.07;65.33;3,30/7/2024 23:15
1546,t4g4:122,t4g4,28.10;65.77;3,30/7/2024 23:30
1547,t4g4:122,t4g4,28.06;66.12;3,30/7/2024 23:45
1548,t4g4:122,t4g4,28.06;66.17;3,31/7/2024 0:00
1549,t4g4:122,t4g4,28.04;66.16;3,31/7/2024 0:15
1550,t4g4:122,t4g4,28.07;66.56;3,31/7/2024 0:30
1551,t4g4:122,t4g4,28.04;66.84;3,31/7/2024 0:45
1552,t4g4:122,t4g4,28.07;66.63;3,31/7/2024 1:00
1553,t4g4:122,t4g4,28.07;67.48;3,31/7/2024 1:15
1554,t4g4:122,t4g4,28.10;67.56;3,31/7/2024 1:30
1555,t4g4:122,t4g4,28.10;67.70;3,31/7/2024 1:45
1556,t4g4:122,t4g4,28.14;67.94;3,31/7/2024 2:00
1557,t4g4:122,t4g4,28.09;67.83;3,31/7/2024 2:15
1558,t4g4:122,t4g4,28.09;67.46;3,31/7/2024 2:30
1559,t4g4:122,t4g4,28.13;67.62;3,31/7/2024 2:46
1560,t4g4:122,t4g4,28.09;68.10;3,31/7/2024 3:01
1561,t4g4:122,t4g4,28.10;67.73;3,31/7/2024 3:16
1562,t4g4:122,t4g4,28.09;67.87;3,31/7/2024 3:31
1563,t4g4:122,t4g4,28.13;67.67;3,31/7/2024 3:46
1564,t4g4:122,t4g4,28.09;68.06;3,31/7/2024 4:01
1565,t4g4:122,t4g4,28.09;68.12;3,31/7/2024 4:16
1566,t4g4:122,t4g4,28.07;68.05;3,31/7/2024 4:31
1567,t4g4:122,t4g4,28.12;68.37;3,31/7/2024 4:46
1568,t4g4:122,t4g4,28.09;68.91;3,31/7/2024 5:01
1569,t4g4:122,t4g4,28.03;69.68;3,31/7/2024 5:16
1570,t4g4:122,t4g4,28.07;70.26;3,31/7/2024 5:31
1571,t4g4:122,t4g4,28.09;70.31;3,31/7/2024 5:46
1572,t4g4:122,t4g4,28.06;70.19;3,31/7/2024 6:01
1573,t4g4:122,t4g4,28.09;70.50;3,31/7/2024 6:16
1574,t4g4:122,t4g4,28.06;69.99;3,31/7/2024 6:31
1575,t4g4:122,t4g4,27.55;67.98;3,31/7/2024 6:46
1576,t4g4:122,t4g4,27.12;66.40;3,31/7/2024 7:01
1577,t4g4:122,t4g4,26.84;65.48;3,31/7/2024 7:16
1578,t4g4:122,t4g4,26.66;64.00;3,31/7/2024 7:31
1579,t4g4:122,t4g4,26.42;63.14;3,31/7/2024 7:46
1580,t4g4:122,t4g4,26.22;61.47;3,31/7/2024 8:01
1581,t4g4:122,t4g4,25.84;60.14;3,31/7/2024 8:16
1582,t4g4:122,t4g4,25.74;58.40;3,31/7/2024 8:31
1583,t4g4:122,t4g4,25.48;57.54;3,31/7/2024 8:46
1584,t4g4:122,t4g4,25.51;56.58;3,31/7/2024 9:01
1585,t4g4:122,t4g4,25.78;58.42;3,31/7/2024 9:16
1586,t4g4:122,t4g4,25.91;59.25;3,31/7/2024 9:31
1587,t4g4:122,t4g4,26.08;60.09;3,31/7/2024 9:46
1588,t4g4:122,t4g4,26.09;60.69;3,31/7/2024 10:01
1589,t4g4:122,t4g4,26.25;60.46;3,31/7/2024 10:16
1590,t4g4:122,t4g4,26.27;60.89;3,31/7/2024 10:31
1591,t4g4:122,t4g4,26.25;61.85;3,31/7/2024 10:46
1592,t4g4:122,t4g4,26.35;61.73;3,31/7/2024 11:01
1593,t4g4:122,t4g4,26.53;61.16;3,31/7/2024 11:16
1594,t4g4:122,t4g4,26.60;60.59;3,31/7/2024 11:31
1595,t4g4:122,t4g4,26.73;60.25;3,31/7/2024 11:46
1596,t4g4:122,t4g4,26.90;60.08;3,31/7/2024 12:01
1597,t4g4:122,t4g4,27.24;59.64;3,31/7/2024 12:16
1598,t4g4:122,t4g4,27.44;59.40;3,31/7/2024 12:31
1599,t4g4:122,t4g4,27.69;59.61;3,31/7/2024 12:46
1600,t4g4:122,t4g4,27.78;59.58;3,31/7/2024 13:01
1601,t4g4:122,t4g4,27.97;58.78;3,31/7/2024 13:16
1602,t4g4:122,t4g4,28.17;58.13;3,31/7/2024 13:31
1603,t4g4:122,t4g4,28.43;57.23;3,31/7/2024 13:46
1604,t4g4:122,t4g4,28.54;57.50;3,31/7/2024 14:01
1605,t4g4:122,t4g4,28.95;56.78;3,31/7/2024 14:16
1606,t4g4:122,t4g4,28.99;56.33;3,31/7/2024 14:31
1607,t4g4:122,t4g4,29.19;55.32;3,31/7/2024 14:46
1608,t4g4:122,t4g4,28.94;56.15;3,31/7/2024 15:01
1609,t4g4:122,t4g4,29.48;54.45;3,31/7/2024 15:17
1610,t4g4:122,t4g4,29.09;55.27;3,31/7/2024 15:32
1611,t4g4:122,t4g4,29.40;54.72;3,31/7/2024 15:47
1612,t4g4:122,t4g4,28.85;55.51;3,31/7/2024 16:02
1613,t4g4:122,t4g4,28.17;59.15;3,31/7/2024 16:17
1614,t4g4:122,t4g4,27.63;62.14;3,31/7/2024 16:32
1615,t4g4:122,t4g4,27.17;61.82;3,31/7/2024 16:47
1616,t4g4:122,t4g4,26.80;62.43;3,31/7/2024 17:02
1617,t4g4:122,t4g4,26.56;63.31;3,31/7/2024 17:17
1618,t4g4:122,t4g4,26.35;64.67;3,31/7/2024 17:32
1619,t4g4:122,t4g4,26.05;65.34;3,31/7/2024 17:47
1620,t4g4:122,t4g4,25.84;63.45;3,31/7/2024 18:02
1621,t4g4:122,t4g4,25.68;62.56;3,31/7/2024 18:17
1622,t4g4:122,t4g4,25.69;62.50;3,31/7/2024 18:32
1623,t4g4:122,t4g4,25.58;62.83;3,31/7/2024 18:47
1624,t4g4:122,t4g4,25.48;63.01;3,31/7/2024 19:02
1625,t4g4:122,t4g4,26.09;62.36;3,31/7/2024 19:17
1626,t4g4:122,t4g4,26.33;63.09;3,31/7/2024 19:32
1627,t4g4:122,t4g4,26.47;64.24;3,31/7/2024 19:47
1628,t4g4:122,t4g4,26.63;64.77;3,31/7/2024 20:02
1629,t4g4:122,t4g4,26.71;65.62;3,31/7/2024 20:17
1630,t4g4:122,t4g4,26.77;66.01;3,31/7/2024 20:32
1631,t4g4:122,t4g4,26.84;67.33;3,31/7/2024 20:47
1632,t4g4:122,t4g4,26.86;68.02;3,31/7/2024 21:02
1633,t4g4:122,t4g4,26.91;68.72;3,31/7/2024 21:17
1634,t4g4:122,t4g4,26.93;69.34;3,31/7/2024 21:32
1635,t4g4:122,t4g4,26.93;69.55;3,31/7/2024 21:47
1636,t4g4:122,t4g4,27.00;70.54;3,31/7/2024 22:02
1637,t4g4:122,t4g4,27.00;71.12;3,31/7/2024 22:17
1638,t4g4:122,t4g4,27.05;70.74;3,31/7/2024 22:32
1639,t4g4:122,t4g4,27.04;70.76;3,31/7/2024 22:47
1640,t4g4:122,t4g4,27.10;70.83;3,31/7/2024 23:02
1641,t4g4:122,t4g4,27.08;71.37;3,31/7/2024 23:17
1642,t4g4:122,t4g4,27.08;71.51;3,31/7/2024 23:32
1643,t4g4:122,t4g4,27.02;72.93;3,31/7/2024 23:47
1644,t4g4:122,t4g4,27.02;73.04;3,1/8/2024 0:02
1645,t4g4:122,t4g4,27.08;72.85;3,1/8/2024 0:17
1646,t4g4:122,t4g4,27.10;72.79;3,1/8/2024 0:32
1647,t4g4:122,t4g4,27.10;72.52;3,1/8/2024 0:47
1648,t4g4:122,t4g4,27.12;73.55;3,1/8/2024 1:02
1649,t4g4:122,t4g4,27.04;74.97;3,1/8/2024 1:17
1650,t4g4:122,t4g4,26.97;74.84;3,1/8/2024 1:32
1651,t4g4:122,t4g4,27.08;75.74;3,1/8/2024 1:47
1652,t4g4:122,t4g4,27.14;75.58;3,1/8/2024 2:02
1653,t4g4:122,t4g4,27.17;76.24;3,1/8/2024 2:17
1654,t4g4:122,t4g4,27.15;75.22;3,1/8/2024 2:32
1655,t4g4:122,t4g4,27.15;76.54;3,1/8/2024 2:47
1656,t4g4:122,t4g4,27.12;76.89;3,1/8/2024 3:02
1657,t4g4:122,t4g4,27.25;75.28;3,1/8/2024 3:17
1658,t4g4:122,t4g4,27.21;77.62;3,1/8/2024 3:32
1659,t4g4:122,t4g4,27.20;78.23;3,1/8/2024 3:47
1660,t4g4:122,t4g4,27.25;78.56;3,1/8/2024 4:03
1661,t4g4:122,t4g4,27.30;78.77;3,1/8/2024 4:18
1662,t4g4:122,t4g4,27.34;78.50;3,1/8/2024 4:33
1663,t4g4:122,t4g4,27.38;77.00;3,1/8/2024 4:48
1664,t4g4:122,t4g4,27.34;78.13;3,1/8/2024 5:03
1665,t4g4:122,t4g4,27.30;79.00;3,1/8/2024 5:18
1666,t4g4:122,t4g4,27.41;76.95;3,1/8/2024 5:33
1667,t4g4:122,t4g4,27.38;77.34;3,1/8/2024 5:48
1668,t4g4:122,t4g4,27.42;78.14;3,1/8/2024 6:03
1669,t4g4:122,t4g4,27.40;77.37;3,1/8/2024 6:18
1670,t4g4:122,t4g4,27.31;76.34;3,1/8/2024 6:33
1671,t4g4:122,t4g4,26.74;73.00;3,1/8/2024 6:48
1672,t4g4:122,t4g4,26.37;70.44;3,1/8/2024 7:03
1673,t4g4:122,t4g4,26.09;68.98;3,1/8/2024 7:18
1674,t4g4:122,t4g4,25.84;67.32;3,1/8/2024 7:33
1675,t4g4:122,t4g4,25.61;65.71;3,1/8/2024 7:48
1676,t4g4:122,t4g4,25.37;63.69;3,1/8/2024 8:03
1677,t4g4:122,t4g4,25.09;62.27;3,1/8/2024 8:18
1678,t4g4:122,t4g4,24.91;60.66;3,1/8/2024 8:33
1679,t4g4:122,t4g4,25.02;61.25;3,1/8/2024 8:48
1680,t4g4:122,t4g4,24.98;61.50;3,1/8/2024 9:03
1681,t4g4:122,t4g4,25.06;61.13;3,1/8/2024 9:18
1682,t4g4:122,t4g4,25.09;61.54;3,1/8/2024 9:33
1683,t4g4:122,t4g4,25.04;61.19;3,1/8/2024 9:48
1684,t4g4:122,t4g4,25.09;60.89;3,1/8/2024 10:03
1685,t4g4:122,t4g4,25.18;61.33;3,1/8/2024 10:18
1686,t4g4:122,t4g4,25.40;61.17;3,1/8/2024 10:33
1687,t4g4:122,t4g4,25.51;60.90;3,1/8/2024 10:48
1688,t4g4:122,t4g4,25.71;60.62;3,1/8/2024 11:03
1689,t4g4:122,t4g4,25.86;59.77;3,1/8/2024 11:18
1690,t4g4:122,t4g4,25.96;59.24;3,1/8/2024 11:33
1691,t4g4:122,t4g4,26.20;59.42;3,1/8/2024 11:48
1692,t4g4:122,t4g4,26.32;59.47;3,1/8/2024 12:03
1693,t4g4:122,t4g4,26.29;59.66;3,1/8/2024 12:18
1694,t4g4:122,t4g4,26.23;60.04;3,1/8/2024 12:33
1695,t4g4:122,t4g4,26.57;58.77;3,1/8/2024 12:48
1696,t4g4:122,t4g4,26.84;58.71;3,1/8/2024 13:03
1697,t4g4:122,t4g4,26.98;58.82;3,1/8/2024 13:18
1698,t4g4:122,t4g4,26.84;59.06;3,1/8/2024 13:33
1699,t4g4:122,t4g4,27.20;58.05;3,1/8/2024 13:48
1700,t4g4:122,t4g4,27.21;58.78;3,1/8/2024 14:03
1701,t4g4:122,t4g4,27.38;58.09;3,1/8/2024 14:18
1702,t4g4:122,t4g4,27.69;56.36;3,1/8/2024 14:33
1703,t4g4:122,t4g4,27.91;55.75;3,1/8/2024 14:48
1704,t4g4:122,t4g4,27.78;57.08;3,1/8/2024 15:03
1705,t4g4:122,t4g4,27.79;56.53;3,1/8/2024 15:18
1706,t4g4:122,t4g4,27.83;56.63;3,1/8/2024 15:33
1707,t4g4:122,t4g4,27.72;56.73;3,1/8/2024 15:48
1708,t4g4:122,t4g4,27.66;56.65;3,1/8/2024 16:03
1709,t4g4:122,t4g4,27.99;55.96;3,1/8/2024 16:18
1710,t4g4:122,t4g4,28.02;55.90;3,1/8/2024 16:33
1711,t4g4:122,t4g4,27.93;55.68;3,1/8/2024 16:48
1712,t4g4:122,t4g4,28.06;55.97;3,1/8/2024 17:03
1713,t4g4:122,t4g4,28.23;55.66;3,1/8/2024 17:19
1714,t4g4:122,t4g4,28.02;56.30;3,1/8/2024 17:34
1715,t4g4:122,t4g4,28.07;56.13;3,1/8/2024 17:49
1716,t4g4:122,t4g4,27.75;56.76;3,1/8/2024 18:04
1717,t4g4:122,t4g4,27.69;56.98;3,1/8/2024 18:19
1718,t4g4:122,t4g4,27.22;57.80;3,1/8/2024 18:34
1719,t4g4:122,t4g4,26.83;58.36;3,1/8/2024 18:49
1720,t4g4:122,t4g4,26.84;57.55;3,1/8/2024 19:04
1721,t4g4:122,t4g4,27.20;58.36;3,1/8/2024 19:19
1722,t4g4:122,t4g4,27.27;59.46;3,1/8/2024 19:34
1723,t4g4:122,t4g4,27.30;60.39;3,1/8/2024 19:49
1724,t4g4:122,t4g4,27.37;60.95;3,1/8/2024 20:04
1725,t4g4:122,t4g4,27.42;61.32;3,1/8/2024 20:19
1726,t4g4:122,t4g4,27.45;61.56;3,1/8/2024 20:34
1727,t4g4:122,t4g4,27.51;62.15;3,1/8/2024 20:49
1728,t4g4:122,t4g4,27.48;62.89;3,1/8/2024 21:04
1729,t4g4:122,t4g4,27.52;63.05;3,1/8/2024 21:19
1730,t4g4:122,t4g4,27.51;63.78;3,1/8/2024 21:34
1731,t4g4:122,t4g4,27.48;64.07;3,1/8/2024 21:49
1732,t4g4:122,t4g4,27.48;64.37;3,1/8/2024 22:04
1733,t4g4:122,t4g4,27.52;64.36;3,1/8/2024 22:19
1734,t4g4:122,t4g4,27.52;64.57;3,1/8/2024 22:34
1735,t4g4:122,t4g4,27.55;64.93;3,1/8/2024 22:49
1736,t4g4:122,t4g4,27.52;65.14;3,1/8/2024 23:04
1737,t4g4:122,t4g4,27.49;65.42;3,1/8/2024 23:19
1738,t4g4:122,t4g4,27.59;65.72;3,1/8/2024 23:34
1739,t4g4:122,t4g4,27.52;66.15;3,1/8/2024 23:49
1740,t4g4:122,t4g4,27.49;66.44;3,2/8/2024 0:04
1741,t4g4:122,t4g4,27.52;66.97;3,2/8/2024 0:19
1742,t4g4:122,t4g4,27.53;66.96;3,2/8/2024 0:34
1743,t4g4:122,t4g4,27.51;67.31;3,2/8/2024 0:49
1744,t4g4:122,t4g4,27.59;67.51;3,2/8/2024 1:04
1745,t4g4:122,t4g4,27.59;67.96;3,2/8/2024 1:19
1746,t4g4:122,t4g4,27.52;68.76;3,2/8/2024 1:34
1747,t4g4:122,t4g4,27.56;69.04;3,2/8/2024 1:49
1748,t4g4:122,t4g4,27.53;69.51;3,2/8/2024 2:04
1749,t4g4:122,t4g4,27.53;69.94;3,2/8/2024 2:19
1750,t4g4:122,t4g4,27.51;70.06;3,2/8/2024 2:34
1751,t4g4:122,t4g4,27.52;70.42;3,2/8/2024 2:49
1752,t4g4:122,t4g4,27.52;70.34;3,2/8/2024 3:04
1753,t4g4:122,t4g4,27.53;70.68;3,2/8/2024 3:19
1754,t4g4:122,t4g4,27.53;71.09;3,2/8/2024 3:34
1755,t4g4:122,t4g4,27.48;71.28;3,2/8/2024 3:49
1756,t4g4:122,t4g4,27.46;71.49;3,2/8/2024 4:04
1757,t4g4:122,t4g4,27.49;71.63;3,2/8/2024 4:19
1758,t4g4:122,t4g4,27.49;71.49;3,2/8/2024 4:34
1759,t4g4:122,t4g4,27.49;72.23;3,2/8/2024 4:49
1760,t4g4:122,t4g4,27.55;72.74;3,2/8/2024 5:04
1761,t4g4:122,t4g4,27.53;72.95;3,2/8/2024 5:19
1762,t4g4:122,t4g4,27.53;73.28;3,2/8/2024 5:34
1763,t4g4:122,t4g4,27.52;73.55;3,2/8/2024 5:49
1764,t4g4:122,t4g4,27.55;73.82;3,2/8/2024 6:05
1765,t4g4:122,t4g4,27.56;73.77;3,2/8/2024 6:20
1766,t4g4:122,t4g4,27.61;72.25;3,2/8/2024 6:35
1767,t4g4:122,t4g4,27.00;69.86;3,2/8/2024 6:50
1768,t4g4:122,t4g4,26.60;68.17;3,2/8/2024 7:05
1769,t4g4:122,t4g4,26.23;67.22;3,2/8/2024 7:20
1770,t4g4:122,t4g4,25.99;65.72;3,2/8/2024 7:35
1771,t4g4:122,t4g4,25.79;64.08;3,2/8/2024 7:50
1772,t4g4:122,t4g4,25.55;62.29;3,2/8/2024 8:05
1773,t4g4:122,t4g4,25.38;60.74;3,2/8/2024 8:20
1774,t4g4:122,t4g4,25.17;59.17;3,2/8/2024 8:35
1775,t4g4:122,t4g4,25.06;58.13;3,2/8/2024 8:50
1776,t4g4:122,t4g4,25.04;57.16;3,2/8/2024 9:05
1777,t4g4:122,t4g4,24.93;56.70;3,2/8/2024 9:20
1778,t4g4:122,t4g4,24.89;56.43;3,2/8/2024 9:35
1779,t4g4:122,t4g4,24.95;55.79;3,2/8/2024 9:50
1780,t4g4:122,t4g4,24.97;56.14;3,2/8/2024 10:05
1781,t4g4:122,t4g4,25.11;55.83;3,2/8/2024 10:20
1782,t4g4:122,t4g4,25.40;56.06;3,2/8/2024 10:35
1783,t4g4:122,t4g4,25.33;56.68;3,2/8/2024 10:50
1784,t4g4:122,t4g4,25.33;57.30;3,2/8/2024 11:05
1785,t4g4:122,t4g4,25.55;56.52;3,2/8/2024 11:20
1786,t4g4:122,t4g4,25.71;56.85;3,2/8/2024 11:35
1787,t4g4:122,t4g4,25.79;57.43;3,2/8/2024 11:50
1788,t4g4:122,t4g4,25.99;57.81;3,2/8/2024 12:05
1789,t4g4:122,t4g4,26.05;57.53;3,2/8/2024 12:20
1790,t4g4:122,t4g4,26.10;57.14;3,2/8/2024 12:35
1791,t4g4:122,t4g4,26.09;57.32;3,2/8/2024 12:50
1792,t4g4:122,t4g4,26.19;56.96;3,2/8/2024 13:05
1793,t4g4:122,t4g4,26.42;56.88;3,2/8/2024 13:20
1794,t4g4:122,t4g4,26.57;56.87;3,2/8/2024 13:35
1795,t4g4:122,t4g4,26.87;55.25;3,2/8/2024 13:50
1796,t4g4:122,t4g4,26.64;55.51;3,2/8/2024 14:05
